memory_initialization_radix=16;
memory_initialization_vector=
000001F7,
000001F7,
000001F7,
000001F7,
000001F7,
000001F7,
000001F7,
000001F7,
000001F7,
000001F7,
000001F7,
000001F7,
000001F7,
000001F8,
000001F8,
000001F8,
000001F8,
000001F8,
000001F8,
000001F8,
000001F8,
000001F8,
000001F8,
000001F8,
000001F8,
000001F8,
000001F8,
000001F8,
000001F8,
000001F8,
000001F8,
000001F8,
000001F8,
000001F9,
000001F9,
000001F9,
000001F9,
000001F9,
000001F9,
000001F9,
000001F9,
000001F9,
000001F9,
000001F9,
000001F9,
000001FA,
000001FA,
000001FA,
000001FA,
000001FA,
000001FA,
000001FA,
000001FA,
000001FA,
000001FA,
000001FB,
000001FB,
000001FB,
000001FB,
000001FB,
000001FB,
000001FB,
000001FC,
000001FC,
000001FC,
000001FC,
000001FC,
000001FC,
000001FC,
000001FD,
000001FD,
000001FD,
000001FD,
000001FD,
000001FD,
000001FD,
000001FE,
000001FE,
000001FE,
000001FE,
000001FE,
000001FE,
000001FF,
000001FF,
000001FF,
000001FF,
000001FF,
00000200,
00000200,
00000200,
00000200,
00000200,
00000201,
00000201,
00000201,
00000201,
00000201,
00000202,
00000202,
00000202,
00000202,
00000202,
00000203,
00000203,
00000203,
00000203,
00000204,
00000204,
00000204,
00000204,
00000205,
00000205,
00000205,
00000205,
00000205,
00000206,
00000206,
00000206,
00000207,
00000207,
00000207,
00000207,
00000208,
00000208,
00000208,
00000208,
00000209,
00000209,
00000209,
00000209,
0000020A,
0000020A,
0000020A,
0000020B,
0000020B,
0000020B,
0000020B,
0000020C,
0000020C,
0000020C,
0000020D,
0000020D,
0000020D,
0000020E,
0000020E,
0000020E,
0000020F,
0000020F,
0000020F,
00000210,
00000210,
00000210,
00000211,
00000211,
00000211,
00000212,
00000212,
00000212,
00000213,
00000213,
00000213,
00000214,
00000214,
00000214,
00000215,
00000215,
00000215,
00000216,
00000216,
00000216,
00000217,
00000217,
00000218,
00000218,
00000218,
00000219,
00000219,
0000021A,
0000021A,
0000021A,
0000021B,
0000021B,
0000021B,
0000021C,
0000021C,
0000021D,
0000021D,
0000021D,
0000021E,
0000021E,
0000021F,
0000021F,
00000220,
00000220,
00000220,
00000221,
00000221,
00000222,
00000222,
00000223,
00000223,
00000223,
00000224,
00000224,
00000225,
00000225,
00000226,
00000226,
00000227,
00000227,
00000227,
00000228,
00000228,
00000229,
00000229,
0000022A,
0000022A,
0000022B,
0000022B,
0000022C,
0000022C,
0000022D,
0000022D,
0000022E,
0000022E,
0000022F,
0000022F,
00000230,
00000230,
00000231,
00000231,
00000232,
00000232,
00000233,
00000233,
00000234,
00000234,
00000235,
00000235,
00000236,
00000236,
00000237,
00000237,
00000238,
00000238,
00000239,
00000239,
0000023A,
0000023A,
0000023B,
0000023C,
0000023C,
0000023D,
0000023D,
0000023E,
0000023E,
0000023F,
0000023F,
00000240,
00000241,
00000241,
00000242,
00000242,
00000243,
00000243,
00000244,
00000245,
00000245,
00000246,
00000246,
00000247,
00000248,
00000248,
00000249,
00000249,
0000024A,
0000024B,
0000024B,
0000024C,
0000024C,
0000024D,
0000024E,
0000024E,
0000024F,
0000024F,
00000250,
00000251,
00000251,
00000252,
00000253,
00000253,
00000254,
00000254,
00000255,
00000256,
00000256,
00000257,
00000258,
00000258,
00000259,
0000025A,
0000025A,
0000025B,
0000025C,
0000025C,
0000025D,
0000025E,
0000025E,
0000025F,
00000260,
00000260,
00000261,
00000262,
00000262,
00000263,
00000264,
00000264,
00000265,
00000266,
00000267,
00000267,
00000268,
00000269,
00000269,
0000026A,
0000026B,
0000026C,
0000026C,
0000026D,
0000026E,
0000026E,
0000026F,
00000270,
00000271,
00000271,
00000272,
00000273,
00000274,
00000274,
00000275,
00000276,
00000276,
00000277,
00000278,
00000279,
00000279,
0000027A,
0000027B,
0000027C,
0000027D,
0000027D,
0000027E,
0000027F,
00000280,
00000280,
00000281,
00000282,
00000283,
00000284,
00000284,
00000285,
00000286,
00000287,
00000287,
00000288,
00000289,
0000028A,
0000028B,
0000028B,
0000028C,
0000028D,
0000028E,
0000028F,
00000290,
00000290,
00000291,
00000292,
00000293,
00000294,
00000294,
00000295,
00000296,
00000297,
00000298,
00000299,
0000029A,
0000029A,
0000029B,
0000029C,
0000029D,
0000029E,
0000029F,
0000029F,
000002A0,
000002A1,
000002A2,
000002A3,
000002A4,
000002A5,
000002A6,
000002A6,
000002A7,
000002A8,
000002A9,
000002AA,
000002AB,
000002AC,
000002AD,
000002AE,
000002AE,
000002AF,
000002B0,
000002B1,
000002B2,
000002B3,
000002B4,
000002B5,
000002B6,
000002B7,
000002B8,
000002B8,
000002B9,
000002BA,
000002BB,
000002BC,
000002BD,
000002BE,
000002BF,
000002C0,
000002C1,
000002C2,
000002C3,
000002C4,
000002C5,
000002C6,
000002C7,
000002C8,
000002C8,
000002C9,
000002CA,
000002CB,
000002CC,
000002CD,
000002CE,
000002CF,
000002D0,
000002D1,
000002D2,
000002D3,
000002D4,
000002D5,
000002D6,
000002D7,
000002D8,
000002D9,
000002DA,
000002DB,
000002DC,
000002DD,
000002DE,
000002DF,
000002E0,
000002E1,
000002E2,
000002E3,
000002E4,
000002E5,
000002E6,
000002E7,
000002E8,
000002E9,
000002EA,
000002EC,
000002ED,
000002EE,
000002EF,
000002F0,
000002F1,
000002F2,
000002F3,
000002F4,
000002F5,
000002F6,
000002F7,
000002F8,
000002F9,
000002FA,
000002FB,
000002FC,
000002FE,
000002FF,
00000300,
00000301,
00000302,
00000303,
00000304,
00000305,
00000306,
00000307,
00000308,
0000030A,
0000030B,
0000030C,
0000030D,
0000030E,
0000030F,
00000310,
00000311,
00000312,
00000314,
00000315,
00000316,
00000317,
00000318,
00000319,
0000031A,
0000031B,
0000031D,
0000031E,
0000031F,
00000320,
00000321,
00000322,
00000323,
00000325,
00000326,
00000327,
00000328,
00000329,
0000032A,
0000032C,
0000032D,
0000032E,
0000032F,
00000330,
00000332,
00000333,
00000334,
00000335,
00000336,
00000337,
00000339,
0000033A,
0000033B,
0000033C,
0000033D,
0000033F,
00000340,
00000341,
00000342,
00000343,
00000345,
00000346,
00000347,
00000348,
0000034A,
0000034B,
0000034C,
0000034D,
0000034F,
00000350,
00000351,
00000352,
00000353,
00000355,
00000356,
00000357,
00000358,
0000035A,
0000035B,
0000035C,
0000035E,
0000035F,
00000360,
00000361,
00000363,
00000364,
00000365,
00000366,
00000368,
00000369,
0000036A,
0000036C,
0000036D,
0000036E,
0000036F,
00000371,
00000372,
00000373,
00000375,
00000376,
00000377,
00000379,
0000037A,
0000037B,
0000037D,
0000037E,
0000037F,
00000380,
00000382,
00000383,
00000384,
00000386,
00000387,
00000388,
0000038A,
0000038B,
0000038C,
0000038E,
0000038F,
00000391,
00000392,
00000393,
00000395,
00000396,
00000397,
00000399,
0000039A,
0000039B,
0000039D,
0000039E,
000003A0,
000003A1,
000003A2,
000003A4,
000003A5,
000003A6,
000003A8,
000003A9,
000003AB,
000003AC,
000003AD,
000003AF,
000003B0,
000003B2,
000003B3,
000003B4,
000003B6,
000003B7,
000003B9,
000003BA,
000003BC,
000003BD,
000003BE,
000003C0,
000003C1,
000003C3,
000003C4,
000003C6,
000003C7,
000003C8,
000003CA,
000003CB,
000003CD,
000003CE,
000003D0,
000003D1,
000003D3,
000003D4,
000003D6,
000003D7,
000003D9,
000003DA,
000003DB,
000003DD,
000003DE,
000003E0,
000003E1,
000003E3,
000003E4,
000003E6,
000003E7,
000003E9,
000003EA,
000003EC,
000003ED,
000003EF,
000003F0,
000003F2,
000003F3,
000003F5,
000003F6,
000003F8,
000003F9,
000003FB,
000003FC,
000003FE,
00000400,
00000401,
00000403,
00000404,
00000406,
00000407,
00000409,
0000040A,
0000040C,
0000040D,
0000040F,
00000411,
00000412,
00000414,
00000415,
00000417,
00000418,
0000041A,
0000041B,
0000041D,
0000041F,
00000420,
00000422,
00000423,
00000425,
00000427,
00000428,
0000042A,
0000042B,
0000042D,
0000042E,
00000430,
00000432,
00000433,
00000435,
00000437,
00000438,
0000043A,
0000043B,
0000043D,
0000043F,
00000440,
00000442,
00000443,
00000445,
00000447,
00000448,
0000044A,
0000044C,
0000044D,
0000044F,
00000451,
00000452,
00000454,
00000456,
00000457,
00000459,
0000045B,
0000045C,
0000045E,
00000460,
00000461,
00000463,
00000465,
00000466,
00000468,
0000046A,
0000046B,
0000046D,
0000046F,
00000470,
00000472,
00000474,
00000475,
00000477,
00000479,
0000047B,
0000047C,
0000047E,
00000480,
00000481,
00000483,
00000485,
00000487,
00000488,
0000048A,
0000048C,
0000048D,
0000048F,
00000491,
00000493,
00000494,
00000496,
00000498,
0000049A,
0000049B,
0000049D,
0000049F,
000004A1,
000004A2,
000004A4,
000004A6,
000004A8,
000004AA,
000004AB,
000004AD,
000004AF,
000004B1,
000004B2,
000004B4,
000004B6,
000004B8,
000004BA,
000004BB,
000004BD,
000004BF,
000004C1,
000004C3,
000004C4,
000004C6,
000004C8,
000004CA,
000004CC,
000004CD,
000004CF,
000004D1,
000004D3,
000004D5,
000004D7,
000004D8,
000004DA,
000004DC,
000004DE,
000004E0,
000004E2,
000004E3,
000004E5,
000004E7,
000004E9,
000004EB,
000004ED,
000004EF,
000004F0,
000004F2,
000004F4,
000004F6,
000004F8,
000004FA,
000004FC,
000004FE,
000004FF,
00000501,
00000503,
00000505,
00000507,
00000509,
0000050B,
0000050D,
0000050F,
00000510,
00000512,
00000514,
00000516,
00000518,
0000051A,
0000051C,
0000051E,
00000520,
00000522,
00000524,
00000526,
00000527,
00000529,
0000052B,
0000052D,
0000052F,
00000531,
00000533,
00000535,
00000537,
00000539,
0000053B,
0000053D,
0000053F,
00000541,
00000543,
00000545,
00000547,
00000549,
0000054B,
0000054D,
0000054F,
00000551,
00000553,
00000555,
00000557,
00000559,
0000055B,
0000055D,
0000055F,
00000561,
00000563,
00000565,
00000567,
00000569,
0000056B,
0000056D,
0000056F,
00000571,
00000573,
00000575,
00000577,
00000579,
0000057B,
0000057D,
0000057F,
00000581,
00000583,
00000585,
00000587,
00000589,
0000058B,
0000058D,
0000058F,
00000591,
00000593,
00000595,
00000598,
0000059A,
0000059C,
0000059E,
000005A0,
000005A2,
000005A4,
000005A6,
000005A8,
000005AA,
000005AC,
000005AE,
000005B1,
000005B3,
000005B5,
000005B7,
000005B9,
000005BB,
000005BD,
000005BF,
000005C1,
000005C3,
000005C6,
000005C8,
000005CA,
000005CC,
000005CE,
000005D0,
000005D2,
000005D5,
000005D7,
000005D9,
000005DB,
000005DD,
000005DF,
000005E1,
000005E4,
000005E6,
000005E8,
000005EA,
000005EC,
000005EE,
000005F1,
000005F3,
000005F5,
000005F7,
000005F9,
000005FB,
000005FE,
00000600,
00000602,
00000604,
00000606,
00000609,
0000060B,
0000060D,
0000060F,
00000611,
00000614,
00000616,
00000618,
0000061A,
0000061C,
0000061F,
00000621,
00000623,
00000625,
00000628,
0000062A,
0000062C,
0000062E,
00000631,
00000633,
00000635,
00000637,
00000639,
0000063C,
0000063E,
00000640,
00000643,
00000645,
00000647,
00000649,
0000064C,
0000064E,
00000650,
00000652,
00000655,
00000657,
00000659,
0000065C,
0000065E,
00000660,
00000662,
00000665,
00000667,
00000669,
0000066C,
0000066E,
00000670,
00000673,
00000675,
00000677,
0000067A,
0000067C,
0000067E,
00000680,
00000683,
00000685,
00000687,
0000068A,
0000068C,
0000068F,
00000691,
00000693,
00000696,
00000698,
0000069A,
0000069D,
0000069F,
000006A1,
000006A4,
000006A6,
000006A8,
000006AB,
000006AD,
000006B0,
000006B2,
000006B4,
000006B7,
000006B9,
000006BB,
000006BE,
000006C0,
000006C3,
000006C5,
000006C7,
000006CA,
000006CC,
000006CF,
000006D1,
000006D4,
000006D6,
000006D8,
000006DB,
000006DD,
000006E0,
000006E2,
000006E4,
000006E7,
000006E9,
000006EC,
000006EE,
000006F1,
000006F3,
000006F6,
000006F8,
000006FA,
000006FD,
000006FF,
00000702,
00000704,
00000707,
00000709,
0000070C,
0000070E,
00000711,
00000713,
00000716,
00000718,
0000071B,
0000071D,
00000720,
00000722,
00000725,
00000727,
0000072A,
0000072C,
0000072F,
00000731,
00000734,
00000736,
00000739,
0000073B,
0000073E,
00000740,
00000743,
00000745,
00000748,
0000074A,
0000074D,
0000074F,
00000752,
00000755,
00000757,
0000075A,
0000075C,
0000075F,
00000761,
00000764,
00000766,
00000769,
0000076C,
0000076E,
00000771,
00000773,
00000776,
00000778,
0000077B,
0000077E,
00000780,
00000783,
00000785,
00000788,
0000078B,
0000078D,
00000790,
00000792,
00000795,
00000798,
0000079A,
0000079D,
0000079F,
000007A2,
000007A5,
000007A7,
000007AA,
000007AD,
000007AF,
000007B2,
000007B5,
000007B7,
000007BA,
000007BC,
000007BF,
000007C2,
000007C4,
000007C7,
000007CA,
000007CC,
000007CF,
000007D2,
000007D4,
000007D7,
000007DA,
000007DC,
000007DF,
000007E2,
000007E5,
000007E7,
000007EA,
000007ED,
000007EF,
000007F2,
000007F5,
000007F7,
000007FA,
000007FD,
00000800,
00000802,
00000805,
00000808,
0000080A,
0000080D,
00000810,
00000813,
00000815,
00000818,
0000081B,
0000081E,
00000820,
00000823,
00000826,
00000829,
0000082B,
0000082E,
00000831,
00000834,
00000836,
00000839,
0000083C,
0000083F,
00000841,
00000844,
00000847,
0000084A,
0000084D,
0000084F,
00000852,
00000855,
00000858,
0000085A,
0000085D,
00000860,
00000863,
00000866,
00000869,
0000086B,
0000086E,
00000871,
00000874,
00000877,
00000879,
0000087C,
0000087F,
00000882,
00000885,
00000888,
0000088A,
0000088D,
00000890,
00000893,
00000896,
00000899,
0000089C,
0000089E,
000008A1,
000008A4,
000008A7,
000008AA,
000008AD,
000008B0,
000008B3,
000008B5,
000008B8,
000008BB,
000008BE,
000008C1,
000008C4,
000008C7,
000008CA,
000008CD,
000008CF,
000008D2,
000008D5,
000008D8,
000008DB,
000008DE,
000008E1,
000008E4,
000008E7,
000008EA,
000008ED,
000008F0,
000008F3,
000008F5,
000008F8,
000008FB,
000008FE,
00000901,
00000904,
00000907,
0000090A,
0000090D,
00000910,
00000913,
00000916,
00000919,
0000091C,
0000091F,
00000922,
00000925,
00000928,
0000092B,
0000092E,
00000931,
00000934,
00000937,
0000093A,
0000093D,
00000940,
00000943,
00000946,
00000949,
0000094C,
0000094F,
00000952,
00000955,
00000958,
0000095B,
0000095E,
00000961,
00000964,
00000967,
0000096A,
0000096D,
00000970,
00000973,
00000976,
00000979,
0000097D,
00000980,
00000983,
00000986,
00000989,
0000098C,
0000098F,
00000992,
00000995,
00000998,
0000099B,
0000099E,
000009A1,
000009A5,
000009A8,
000009AB,
000009AE,
000009B1,
000009B4,
000009B7,
000009BA,
000009BD,
000009C0,
000009C4,
000009C7,
000009CA,
000009CD,
000009D0,
000009D3,
000009D6,
000009DA,
000009DD,
000009E0,
000009E3,
000009E6,
000009E9,
000009EC,
000009F0,
000009F3,
000009F6,
000009F9,
000009FC,
000009FF,
00000A03,
00000A06,
00000A09,
00000A0C,
00000A0F,
00000A13,
00000A16,
00000A19,
00000A1C,
00000A1F,
00000A23,
00000A26,
00000A29,
00000A2C,
00000A2F,
00000A33,
00000A36,
00000A39,
00000A3C,
00000A3F,
00000A43,
00000A46,
00000A49,
00000A4C,
00000A50,
00000A53,
00000A56,
00000A59,
00000A5D,
00000A60,
00000A63,
00000A66,
00000A6A,
00000A6D,
00000A70,
00000A73,
00000A77,
00000A7A,
00000A7D,
00000A81,
00000A84,
00000A87,
00000A8A,
00000A8E,
00000A91,
00000A94,
00000A98,
00000A9B,
00000A9E,
00000AA2,
00000AA5,
00000AA8,
00000AAB,
00000AAF,
00000AB2,
00000AB5,
00000AB9,
00000ABC,
00000ABF,
00000AC3,
00000AC6,
00000AC9,
00000ACD,
00000AD0,
00000AD4,
00000AD7,
00000ADA,
00000ADE,
00000AE1,
00000AE4,
00000AE8,
00000AEB,
00000AEE,
00000AF2,
00000AF5,
00000AF9,
00000AFC,
00000AFF,
00000B03,
00000B06,
00000B0A,
00000B0D,
00000B10,
00000B14,
00000B17,
00000B1B,
00000B1E,
00000B21,
00000B25,
00000B28,
00000B2C,
00000B2F,
00000B32,
00000B36,
00000B39,
00000B3D,
00000B40,
00000B44,
00000B47,
00000B4B,
00000B4E,
00000B51,
00000B55,
00000B58,
00000B5C,
00000B5F,
00000B63,
00000B66,
00000B6A,
00000B6D,
00000B71,
00000B74,
00000B78,
00000B7B,
00000B7F,
00000B82,
00000B86,
00000B89,
00000B8D,
00000B90,
00000B94,
00000B97,
00000B9B,
00000B9E,
00000BA2,
00000BA5,
00000BA9,
00000BAC,
00000BB0,
00000BB3,
00000BB7,
00000BBA,
00000BBE,
00000BC1,
00000BC5,
00000BC9,
00000BCC,
00000BD0,
00000BD3,
00000BD7,
00000BDA,
00000BDE,
00000BE1,
00000BE5,
00000BE9,
00000BEC,
00000BF0,
00000BF3,
00000BF7,
00000BFB,
00000BFE,
00000C02,
00000C05,
00000C09,
00000C0D,
00000C10,
00000C14,
00000C17,
00000C1B,
00000C1F,
00000C22,
00000C26,
00000C29,
00000C2D,
00000C31,
00000C34,
00000C38,
00000C3C,
00000C3F,
00000C43,
00000C47,
00000C4A,
00000C4E,
00000C51,
00000C55,
00000C59,
00000C5C,
00000C60,
00000C64,
00000C68,
00000C6B,
00000C6F,
00000C73,
00000C76,
00000C7A,
00000C7E,
00000C81,
00000C85,
00000C89,
00000C8C,
00000C90,
00000C94,
00000C98,
00000C9B,
00000C9F,
00000CA3,
00000CA6,
00000CAA,
00000CAE,
00000CB2,
00000CB5,
00000CB9,
00000CBD,
00000CC1,
00000CC4,
00000CC8,
00000CCC,
00000CD0,
00000CD3,
00000CD7,
00000CDB,
00000CDF,
00000CE2,
00000CE6,
00000CEA,
00000CEE,
00000CF1,
00000CF5,
00000CF9,
00000CFD,
00000D01,
00000D04,
00000D08,
00000D0C,
00000D10,
00000D14,
00000D17,
00000D1B,
00000D1F,
00000D23,
00000D27,
00000D2B,
00000D2E,
00000D32,
00000D36,
00000D3A,
00000D3E,
00000D42,
00000D45,
00000D49,
00000D4D,
00000D51,
00000D55,
00000D59,
00000D5D,
00000D60,
00000D64,
00000D68,
00000D6C,
00000D70,
00000D74,
00000D78,
00000D7C,
00000D7F,
00000D83,
00000D87,
00000D8B,
00000D8F,
00000D93,
00000D97,
00000D9B,
00000D9F,
00000DA3,
00000DA6,
00000DAA,
00000DAE,
00000DB2,
00000DB6,
00000DBA,
00000DBE,
00000DC2,
00000DC6,
00000DCA,
00000DCE,
00000DD2,
00000DD6,
00000DDA,
00000DDE,
00000DE2,
00000DE6,
00000DE9,
00000DED,
00000DF1,
00000DF5,
00000DF9,
00000DFD,
00000E01,
00000E05,
00000E09,
00000E0D,
00000E11,
00000E15,
00000E19,
00000E1D,
00000E21,
00000E25,
00000E29,
00000E2D,
00000E31,
00000E35,
00000E39,
00000E3E,
00000E42,
00000E46,
00000E4A,
00000E4E,
00000E52,
00000E56,
00000E5A,
00000E5E,
00000E62,
00000E66,
00000E6A,
00000E6E,
00000E72,
00000E76,
00000E7A,
00000E7E,
00000E82,
00000E87,
00000E8B,
00000E8F,
00000E93,
00000E97,
00000E9B,
00000E9F,
00000EA3,
00000EA7,
00000EAB,
00000EB0,
00000EB4,
00000EB8,
00000EBC,
00000EC0,
00000EC4,
00000EC8,
00000ECC,
00000ED1,
00000ED5,
00000ED9,
00000EDD,
00000EE1,
00000EE5,
00000EE9,
00000EEE,
00000EF2,
00000EF6,
00000EFA,
00000EFE,
00000F02,
00000F07,
00000F0B,
00000F0F,
00000F13,
00000F17,
00000F1C,
00000F20,
00000F24,
00000F28,
00000F2C,
00000F31,
00000F35,
00000F39,
00000F3D,
00000F41,
00000F46,
00000F4A,
00000F4E,
00000F52,
00000F57,
00000F5B,
00000F5F,
00000F63,
00000F68,
00000F6C,
00000F70,
00000F74,
00000F79,
00000F7D,
00000F81,
00000F85,
00000F8A,
00000F8E,
00000F92,
00000F96,
00000F9B,
00000F9F,
00000FA3,
00000FA8,
00000FAC,
00000FB0,
00000FB5,
00000FB9,
00000FBD,
00000FC1,
00000FC6,
00000FCA,
00000FCE,
00000FD3,
00000FD7,
00000FDB,
00000FE0,
00000FE4,
00000FE8,
00000FED,
00000FF1,
00000FF5,
00000FFA,
00000FFE,
00001002,
00001007,
0000100B,
00001010,
00001014,
00001018,
0000101D,
00001021,
00001025,
0000102A,
0000102E,
00001033,
00001037,
0000103B,
00001040,
00001044,
00001049,
0000104D,
00001051,
00001056,
0000105A,
0000105F,
00001063,
00001068,
0000106C,
00001070,
00001075,
00001079,
0000107E,
00001082,
00001087,
0000108B,
00001090,
00001094,
00001098,
0000109D,
000010A1,
000010A6,
000010AA,
000010AF,
000010B3,
000010B8,
000010BC,
000010C1,
000010C5,
000010CA,
000010CE,
000010D3,
000010D7,
000010DC,
000010E0,
000010E5,
000010E9,
000010EE,
000010F2,
000010F7,
000010FB,
00001100,
00001105,
00001109,
0000110E,
00001112,
00001117,
0000111B,
00001120,
00001124,
00001129,
0000112E,
00001132,
00001137,
0000113B,
00001140,
00001144,
00001149,
0000114E,
00001152,
00001157,
0000115B,
00001160,
00001165,
00001169,
0000116E,
00001172,
00001177,
0000117C,
00001180,
00001185,
0000118A,
0000118E,
00001193,
00001197,
0000119C,
000011A1,
000011A5,
000011AA,
000011AF,
000011B3,
000011B8,
000011BD,
000011C1,
000011C6,
000011CB,
000011CF,
000011D4,
000011D9,
000011DD,
000011E2,
000011E7,
000011EB,
000011F0,
000011F5,
000011FA,
000011FE,
00001203,
00001208,
0000120C,
00001211,
00001216,
0000121B,
0000121F,
00001224,
00001229,
0000122E,
00001232,
00001237,
0000123C,
00001241,
00001245,
0000124A,
0000124F,
00001254,
00001258,
0000125D,
00001262,
00001267,
0000126B,
00001270,
00001275,
0000127A,
0000127F,
00001283,
00001288,
0000128D,
00001292,
00001297,
0000129B,
000012A0,
000012A5,
000012AA,
000012AF,
000012B4,
000012B8,
000012BD,
000012C2,
000012C7,
000012CC,
000012D1,
000012D6,
000012DA,
000012DF,
000012E4,
000012E9,
000012EE,
000012F3,
000012F8,
000012FC,
00001301,
00001306,
0000130B,
00001310,
00001315,
0000131A,
0000131F,
00001324,
00001329,
0000132D,
00001332,
00001337,
0000133C,
00001341,
00001346,
0000134B,
00001350,
00001355,
0000135A,
0000135F,
00001364,
00001369,
0000136E,
00001373,
00001378,
0000137D,
00001381,
00001386,
0000138B,
00001390,
00001395,
0000139A,
0000139F,
000013A4,
000013A9,
000013AE,
000013B3,
000013B8,
000013BD,
000013C2,
000013C7,
000013CC,
000013D1,
000013D6,
000013DB,
000013E1,
000013E6,
000013EB,
000013F0,
000013F5,
000013FA,
000013FF,
00001404,
00001409,
0000140E,
00001413,
00001418,
0000141D,
00001422,
00001427,
0000142C,
00001431,
00001437,
0000143C,
00001441,
00001446,
0000144B,
00001450,
00001455,
0000145A,
0000145F,
00001465,
0000146A,
0000146F,
00001474,
00001479,
0000147E,
00001483,
00001488,
0000148E,
00001493,
00001498,
0000149D,
000014A2,
000014A7,
000014AD,
000014B2,
000014B7,
000014BC,
000014C1,
000014C6,
000014CC,
000014D1,
000014D6,
000014DB,
000014E0,
000014E6,
000014EB,
000014F0,
000014F5,
000014FA,
00001500,
00001505,
0000150A,
0000150F,
00001515,
0000151A,
0000151F,
00001524,
0000152A,
0000152F,
00001534,
00001539,
0000153F,
00001544,
00001549,
0000154E,
00001554,
00001559,
0000155E,
00001563,
00001569,
0000156E,
00001573,
00001579,
0000157E,
00001583,
00001589,
0000158E,
00001593,
00001598,
0000159E,
000015A3,
000015A8,
000015AE,
000015B3,
000015B8,
000015BE,
000015C3,
000015C8,
000015CE,
000015D3,
000015D9,
000015DE,
000015E3,
000015E9,
000015EE,
000015F3,
000015F9,
000015FE,
00001604,
00001609,
0000160E,
00001614,
00001619,
0000161F,
00001624,
00001629,
0000162F,
00001634,
0000163A,
0000163F,
00001644,
0000164A,
0000164F,
00001655,
0000165A,
00001660,
00001665,
0000166B,
00001670,
00001675,
0000167B,
00001680,
00001686,
0000168B,
00001691,
00001696,
0000169C,
000016A1,
000016A7,
000016AC,
000016B2,
000016B7,
000016BD,
000016C2,
000016C8,
000016CD,
000016D3,
000016D8,
000016DE,
000016E3,
000016E9,
000016EE,
000016F4,
000016F9,
000016FF,
00001705,
0000170A,
00001710,
00001715,
0000171B,
00001720,
00001726,
0000172C,
00001731,
00001737,
0000173C,
00001742,
00001747,
0000174D,
00001753,
00001758,
0000175E,
00001763,
00001769,
0000176F,
00001774,
0000177A,
00001780,
00001785,
0000178B,
00001790,
00001796,
0000179C,
000017A1,
000017A7,
000017AD,
000017B2,
000017B8,
000017BE,
000017C3,
000017C9,
000017CF,
000017D4,
000017DA,
000017E0,
000017E5,
000017EB,
000017F1,
000017F7,
000017FC,
00001802,
00001808,
0000180D,
00001813,
00001819,
0000181F,
00001824,
0000182A,
00001830,
00001835,
0000183B,
00001841,
00001847,
0000184C,
00001852,
00001858,
0000185E,
00001863,
00001869,
0000186F,
00001875,
0000187B,
00001880,
00001886,
0000188C,
00001892,
00001898,
0000189D,
000018A3,
000018A9,
000018AF,
000018B5,
000018BA,
000018C0,
000018C6,
000018CC,
000018D2,
000018D8,
000018DD,
000018E3,
000018E9,
000018EF,
000018F5,
000018FB,
00001901,
00001906,
0000190C,
00001912,
00001918,
0000191E,
00001924,
0000192A,
00001930,
00001936,
0000193B,
00001941,
00001947,
0000194D,
00001953,
00001959,
0000195F,
00001965,
0000196B,
00001971,
00001977,
0000197D,
00001983,
00001988,
0000198E,
00001994,
0000199A,
000019A0,
000019A6,
000019AC,
000019B2,
000019B8,
000019BE,
000019C4,
000019CA,
000019D0,
000019D6,
000019DC,
000019E2,
000019E8,
000019EE,
000019F4,
000019FA,
00001A00,
00001A06,
00001A0C,
00001A12,
00001A18,
00001A1E,
00001A24,
00001A2A,
00001A31,
00001A37,
00001A3D,
00001A43,
00001A49,
00001A4F,
00001A55,
00001A5B,
00001A61,
00001A67,
00001A6D,
00001A73,
00001A79,
00001A80,
00001A86,
00001A8C,
00001A92,
00001A98,
00001A9E,
00001AA4,
00001AAA,
00001AB0,
00001AB7,
00001ABD,
00001AC3,
00001AC9,
00001ACF,
00001AD5,
00001ADB,
00001AE2,
00001AE8,
00001AEE,
00001AF4,
00001AFA,
00001B00,
00001B07,
00001B0D,
00001B13,
00001B19,
00001B1F,
00001B26,
00001B2C,
00001B32,
00001B38,
00001B3E,
00001B45,
00001B4B,
00001B51,
00001B57,
00001B5E,
00001B64,
00001B6A,
00001B70,
00001B76,
00001B7D,
00001B83,
00001B89,
00001B90,
00001B96,
00001B9C,
00001BA2,
00001BA9,
00001BAF,
00001BB5,
00001BBB,
00001BC2,
00001BC8,
00001BCE,
00001BD5,
00001BDB,
00001BE1,
00001BE8,
00001BEE,
00001BF4,
00001BFB,
00001C01,
00001C07,
00001C0E,
00001C14,
00001C1A,
00001C21,
00001C27,
00001C2D,
00001C34,
00001C3A,
00001C40,
00001C47,
00001C4D,
00001C54,
00001C5A,
00001C60,
00001C67,
00001C6D,
00001C73,
00001C7A,
00001C80,
00001C87,
00001C8D,
00001C94,
00001C9A,
00001CA0,
00001CA7,
00001CAD,
00001CB4,
00001CBA,
00001CC1,
00001CC7,
00001CCD,
00001CD4,
00001CDA,
00001CE1,
00001CE7,
00001CEE,
00001CF4,
00001CFB,
00001D01,
00001D08,
00001D0E,
00001D15,
00001D1B,
00001D22,
00001D28,
00001D2F,
00001D35,
00001D3C,
00001D42,
00001D49,
00001D4F,
00001D56,
00001D5C,
00001D63,
00001D69,
00001D70,
00001D77,
00001D7D,
00001D84,
00001D8A,
00001D91,
00001D97,
00001D9E,
00001DA4,
00001DAB,
00001DB2,
00001DB8,
00001DBF,
00001DC5,
00001DCC,
00001DD3,
00001DD9,
00001DE0,
00001DE6,
00001DED,
00001DF4,
00001DFA,
00001E01,
00001E08,
00001E0E,
00001E15,
00001E1C,
00001E22,
00001E29,
00001E30,
00001E36,
00001E3D,
00001E44,
00001E4A,
00001E51,
00001E58,
00001E5E,
00001E65,
00001E6C,
00001E72,
00001E79,
00001E80,
00001E86,
00001E8D,
00001E94,
00001E9B,
00001EA1,
00001EA8,
00001EAF,
00001EB6,
00001EBC,
00001EC3,
00001ECA,
00001ED1,
00001ED7,
00001EDE,
00001EE5,
00001EEC,
00001EF2,
00001EF9,
00001F00,
00001F07,
00001F0D,
00001F14,
00001F1B,
00001F22,
00001F29,
00001F2F,
00001F36,
00001F3D,
00001F44,
00001F4B,
00001F52,
00001F58,
00001F5F,
00001F66,
00001F6D,
00001F74,
00001F7B,
00001F82,
00001F88,
00001F8F,
00001F96,
00001F9D,
00001FA4,
00001FAB,
00001FB2,
00001FB9,
00001FBF,
00001FC6,
00001FCD,
00001FD4,
00001FDB,
00001FE2,
00001FE9,
00001FF0,
00001FF7,
00001FFE,
00002005,
0000200B,
00002012,
00002019,
00002020,
00002027,
0000202E,
00002035,
0000203C,
00002043,
0000204A,
00002051,
00002058,
0000205F,
00002066,
0000206D,
00002074,
0000207B,
00002082,
00002089,
00002090,
00002097,
0000209E,
000020A5,
000020AC,
000020B3,
000020BA,
000020C1,
000020C8,
000020CF,
000020D6,
000020DD,
000020E4,
000020EC,
000020F3,
000020FA,
00002101,
00002108,
0000210F,
00002116,
0000211D,
00002124,
0000212B,
00002132,
0000213A,
00002141,
00002148,
0000214F,
00002156,
0000215D,
00002164,
0000216B,
00002173,
0000217A,
00002181,
00002188,
0000218F,
00002196,
0000219D,
000021A5,
000021AC,
000021B3,
000021BA,
000021C1,
000021C9,
000021D0,
000021D7,
000021DE,
000021E5,
000021ED,
000021F4,
000021FB,
00002202,
00002209,
00002211,
00002218,
0000221F,
00002226,
0000222E,
00002235,
0000223C,
00002243,
0000224B,
00002252,
00002259,
00002260,
00002268,
0000226F,
00002276,
0000227E,
00002285,
0000228C,
00002294,
0000229B,
000022A2,
000022A9,
000022B1,
000022B8,
000022BF,
000022C7,
000022CE,
000022D5,
000022DD,
000022E4,
000022EC,
000022F3,
000022FA,
00002302,
00002309,
00002310,
00002318,
0000231F,
00002327,
0000232E,
00002335,
0000233D,
00002344,
0000234C,
00002353,
0000235A,
00002362,
00002369,
00002371,
00002378,
0000237F,
00002387,
0000238E,
00002396,
0000239D,
000023A5,
000023AC,
000023B4,
000023BB,
000023C3,
000023CA,
000023D2,
000023D9,
000023E1,
000023E8,
000023F0,
000023F7,
000023FF,
00002406,
0000240E,
00002415,
0000241D,
00002424,
0000242C,
00002433,
0000243B,
00002442,
0000244A,
00002451,
00002459,
00002461,
00002468,
00002470,
00002477,
0000247F,
00002486,
0000248E,
00002496,
0000249D,
000024A5,
000024AC,
000024B4,
000024BC,
000024C3,
000024CB,
000024D3,
000024DA,
000024E2,
000024E9,
000024F1,
000024F9,
00002500,
00002508,
00002510,
00002517,
0000251F,
00002527,
0000252E,
00002536,
0000253E,
00002546,
0000254D,
00002555,
0000255D,
00002564,
0000256C,
00002574,
0000257B,
00002583,
0000258B,
00002593,
0000259A,
000025A2,
000025AA,
000025B2,
000025B9,
000025C1,
000025C9,
000025D1,
000025D8,
000025E0,
000025E8,
000025F0,
000025F8,
000025FF,
00002607,
0000260F,
00002617,
0000261F,
00002626,
0000262E,
00002636,
0000263E,
00002646,
0000264E,
00002655,
0000265D,
00002665,
0000266D,
00002675,
0000267D,
00002685,
0000268C,
00002694,
0000269C,
000026A4,
000026AC,
000026B4,
000026BC,
000026C4,
000026CC,
000026D3,
000026DB,
000026E3,
000026EB,
000026F3,
000026FB,
00002703,
0000270B,
00002713,
0000271B,
00002723,
0000272B,
00002733,
0000273B,
00002743,
0000274B,
00002753,
0000275B,
00002763,
0000276B,
00002773,
0000277B,
00002783,
0000278B,
00002793,
0000279B,
000027A3,
000027AB,
000027B3,
000027BB,
000027C3,
000027CB,
000027D3,
000027DB,
000027E3,
000027EB,
000027F3,
000027FB,
00002803,
0000280B,
00002814,
0000281C,
00002824,
0000282C,
00002834,
0000283C,
00002844,
0000284C,
00002854,
0000285D,
00002865,
0000286D,
00002875,
0000287D,
00002885,
0000288D,
00002896,
0000289E,
000028A6,
000028AE,
000028B6,
000028BE,
000028C7,
000028CF,
000028D7,
000028DF,
000028E7,
000028F0,
000028F8,
00002900,
00002908,
00002910,
00002919,
00002921,
00002929,
00002931,
0000293A,
00002942,
0000294A,
00002952,
0000295B,
00002963,
0000296B,
00002973,
0000297C,
00002984,
0000298C,
00002995,
0000299D,
000029A5,
000029AE,
000029B6,
000029BE,
000029C7,
000029CF,
000029D7,
000029DF,
000029E8,
000029F0,
000029F9,
00002A01,
00002A09,
00002A12,
00002A1A,
00002A22,
00002A2B,
00002A33,
00002A3C,
00002A44,
00002A4C,
00002A55,
00002A5D,
00002A66,
00002A6E,
00002A76,
00002A7F,
00002A87,
00002A90,
00002A98,
00002AA0,
00002AA9,
00002AB1,
00002ABA,
00002AC2,
00002ACB,
00002AD3,
00002ADC,
00002AE4,
00002AED,
00002AF5,
00002AFE,
00002B06,
00002B0F,
00002B17,
00002B20,
00002B28,
00002B31,
00002B39,
00002B42,
00002B4A,
00002B53,
00002B5B,
00002B64,
00002B6C,
00002B75,
00002B7E,
00002B86,
00002B8F,
00002B97,
00002BA0,
00002BA8,
00002BB1,
00002BBA,
00002BC2,
00002BCB,
00002BD3,
00002BDC,
00002BE5,
00002BED,
00002BF6,
00002BFF,
00002C07,
00002C10,
00002C18,
00002C21,
00002C2A,
00002C32,
00002C3B,
00002C44,
00002C4C,
00002C55,
00002C5E,
00002C66,
00002C6F,
00002C78,
00002C80,
00002C89,
00002C92,
00002C9B,
00002CA3,
00002CAC,
00002CB5,
00002CBD,
00002CC6,
00002CCF,
00002CD8,
00002CE0,
00002CE9,
00002CF2,
00002CFB,
00002D04,
00002D0C,
00002D15,
00002D1E,
00002D27,
00002D2F,
00002D38,
00002D41,
00002D4A,
00002D53,
00002D5B,
00002D64,
00002D6D,
00002D76,
00002D7F,
00002D88,
00002D90,
00002D99,
00002DA2,
00002DAB,
00002DB4,
00002DBD,
00002DC6,
00002DCE,
00002DD7,
00002DE0,
00002DE9,
00002DF2,
00002DFB,
00002E04,
00002E0D,
00002E16,
00002E1F,
00002E27,
00002E30,
00002E39,
00002E42,
00002E4B,
00002E54,
00002E5D,
00002E66,
00002E6F,
00002E78,
00002E81,
00002E8A,
00002E93,
00002E9C,
00002EA5,
00002EAE,
00002EB7,
00002EC0,
00002EC9,
00002ED2,
00002EDB,
00002EE4,
00002EED,
00002EF6,
00002EFF,
00002F08,
00002F11,
00002F1A,
00002F23,
00002F2C,
00002F35,
00002F3E,
00002F47,
00002F51,
00002F5A,
00002F63,
00002F6C,
00002F75,
00002F7E,
00002F87,
00002F90,
00002F99,
00002FA3,
00002FAC,
00002FB5,
00002FBE,
00002FC7,
00002FD0,
00002FD9,
00002FE2,
00002FEC,
00002FF5,
00002FFE,
00003007,
00003010,
0000301A,
00003023,
0000302C,
00003035,
0000303E,
00003048,
00003051,
0000305A,
00003063,
0000306C,
00003076,
0000307F,
00003088,
00003091,
0000309B,
000030A4,
000030AD,
000030B6,
000030C0,
000030C9,
000030D2,
000030DC,
000030E5,
000030EE,
000030F7,
00003101,
0000310A,
00003113,
0000311D,
00003126,
0000312F,
00003139,
00003142,
0000314B,
00003155,
0000315E,
00003167,
00003171,
0000317A,
00003184,
0000318D,
00003196,
000031A0,
000031A9,
000031B2,
000031BC,
000031C5,
000031CF,
000031D8,
000031E2,
000031EB,
000031F4,
000031FE,
00003207,
00003211,
0000321A,
00003224,
0000322D,
00003237,
00003240,
00003249,
00003253,
0000325C,
00003266,
0000326F,
00003279,
00003282,
0000328C,
00003295,
0000329F,
000032A9,
000032B2,
000032BC,
000032C5,
000032CF,
000032D8,
000032E2,
000032EB,
000032F5,
000032FE,
00003308,
00003312,
0000331B,
00003325,
0000332E,
00003338,
00003342,
0000334B,
00003355,
0000335E,
00003368,
00003372,
0000337B,
00003385,
0000338F,
00003398,
000033A2,
000033AC,
000033B5,
000033BF,
000033C9,
000033D2,
000033DC,
000033E6,
000033EF,
000033F9,
00003403,
0000340C,
00003416,
00003420,
0000342A,
00003433,
0000343D,
00003447,
00003451,
0000345A,
00003464,
0000346E,
00003478,
00003481,
0000348B,
00003495,
0000349F,
000034A9,
000034B2,
000034BC,
000034C6,
000034D0,
000034DA,
000034E3,
000034ED,
000034F7,
00003501,
0000350B,
00003515,
0000351E,
00003528,
00003532,
0000353C,
00003546,
00003550,
0000355A,
00003564,
0000356D,
00003577,
00003581,
0000358B,
00003595,
0000359F,
000035A9,
000035B3,
000035BD,
000035C7,
000035D1,
000035DB,
000035E5,
000035EE,
000035F8,
00003602,
0000360C,
00003616,
00003620,
0000362A,
00003634,
0000363E,
00003648,
00003652,
0000365C,
00003666,
00003670,
0000367A,
00003684,
0000368E,
00003699,
000036A3,
000036AD,
000036B7,
000036C1,
000036CB,
000036D5,
000036DF,
000036E9,
000036F3,
000036FD,
00003707,
00003711,
0000371C,
00003726,
00003730,
0000373A,
00003744,
0000374E,
00003758,
00003762,
0000376D,
00003777,
00003781,
0000378B,
00003795,
0000379F,
000037AA,
000037B4,
000037BE,
000037C8,
000037D2,
000037DD,
000037E7,
000037F1,
000037FB,
00003806,
00003810,
0000381A,
00003824,
0000382F,
00003839,
00003843,
0000384D,
00003858,
00003862,
0000386C,
00003876,
00003881,
0000388B,
00003895,
000038A0,
000038AA,
000038B4,
000038BF,
000038C9,
000038D3,
000038DE,
000038E8,
000038F2,
000038FD,
00003907,
00003911,
0000391C,
00003926,
00003931,
0000393B,
00003945,
00003950,
0000395A,
00003964,
0000396F,
00003979,
00003984,
0000398E,
00003999,
000039A3,
000039AE,
000039B8,
000039C2,
000039CD,
000039D7,
000039E2,
000039EC,
000039F7,
00003A01,
00003A0C,
00003A16,
00003A21,
00003A2B,
00003A36,
00003A40,
00003A4B,
00003A55,
00003A60,
00003A6A,
00003A75,
00003A80,
00003A8A,
00003A95,
00003A9F,
00003AAA,
00003AB4,
00003ABF,
00003ACA,
00003AD4,
00003ADF,
00003AE9,
00003AF4,
00003AFF,
00003B09,
00003B14,
00003B1E,
00003B29,
00003B34,
00003B3E,
00003B49,
00003B54,
00003B5E,
00003B69,
00003B74,
00003B7E,
00003B89,
00003B94,
00003B9E,
00003BA9,
00003BB4,
00003BBF,
00003BC9,
00003BD4,
00003BDF,
00003BE9,
00003BF4,
00003BFF,
00003C0A,
00003C14,
00003C1F,
00003C2A,
00003C35,
00003C3F,
00003C4A,
00003C55,
00003C60,
00003C6B,
00003C75,
00003C80,
00003C8B,
00003C96,
00003CA1,
00003CAC,
00003CB6,
00003CC1,
00003CCC,
00003CD7,
00003CE2,
00003CED,
00003CF7,
00003D02,
00003D0D,
00003D18,
00003D23,
00003D2E,
00003D39,
00003D44,
00003D4F,
00003D5A,
00003D64,
00003D6F,
00003D7A,
00003D85,
00003D90,
00003D9B,
00003DA6,
00003DB1,
00003DBC,
00003DC7,
00003DD2,
00003DDD,
00003DE8,
00003DF3,
00003DFE,
00003E09,
00003E14,
00003E1F,
00003E2A,
00003E35,
00003E40,
00003E4B,
00003E56,
00003E61,
00003E6C,
00003E77,
00003E82,
00003E8D,
00003E98,
00003EA4,
00003EAF,
00003EBA,
00003EC5,
00003ED0,
00003EDB,
00003EE6,
00003EF1,
00003EFC,
00003F08,
00003F13,
00003F1E,
00003F29,
00003F34,
00003F3F,
00003F4A,
00003F56,
00003F61,
00003F6C,
00003F77,
00003F82,
00003F8E,
00003F99,
00003FA4,
00003FAF,
00003FBA,
00003FC6,
00003FD1,
00003FDC,
00003FE7,
00003FF3,
00003FFE,
00004009,
00004014,
00004020,
0000402B,
00004036,
00004041,
0000404D,
00004058,
00004063,
0000406F,
0000407A,
00004085,
00004091,
0000409C,
000040A7,
000040B3,
000040BE,
000040C9,
000040D5,
000040E0,
000040EB,
000040F7,
00004102,
0000410D,
00004119,
00004124,
00004130,
0000413B,
00004147,
00004152,
0000415D,
00004169,
00004174,
00004180,
0000418B,
00004197,
000041A2,
000041AD,
000041B9,
000041C4,
000041D0,
000041DB,
000041E7,
000041F2,
000041FE,
00004209,
00004215,
00004220,
0000422C,
00004237,
00004243,
0000424F,
0000425A,
00004266,
00004271,
0000427D,
00004288,
00004294,
000042A0,
000042AB,
000042B7,
000042C2,
000042CE,
000042DA,
000042E5,
000042F1,
000042FC,
00004308,
00004314,
0000431F,
0000432B,
00004337,
00004342,
0000434E,
0000435A,
00004365,
00004371,
0000437D,
00004388,
00004394,
000043A0,
000043AC,
000043B7,
000043C3,
000043CF,
000043DA,
000043E6,
000043F2,
000043FE,
00004409,
00004415,
00004421,
0000442D,
00004439,
00004444,
00004450,
0000445C,
00004468,
00004474,
0000447F,
0000448B,
00004497,
000044A3,
000044AF,
000044BB,
000044C6,
000044D2,
000044DE,
000044EA,
000044F6,
00004502,
0000450E,
0000451A,
00004525,
00004531,
0000453D,
00004549,
00004555,
00004561,
0000456D,
00004579,
00004585,
00004591,
0000459D,
000045A9,
000045B5,
000045C1,
000045CD,
000045D9,
000045E5,
000045F1,
000045FD,
00004609,
00004615,
00004621,
0000462D,
00004639,
00004645,
00004651,
0000465D,
00004669,
00004675,
00004681,
0000468D,
00004699,
000046A5,
000046B1,
000046BD,
000046CA,
000046D6,
000046E2,
000046EE,
000046FA,
00004706,
00004712,
0000471E,
0000472B,
00004737,
00004743,
0000474F,
0000475B,
00004767,
00004774,
00004780,
0000478C,
00004798,
000047A4,
000047B1,
000047BD,
000047C9,
000047D5,
000047E2,
000047EE,
000047FA,
00004806,
00004813,
0000481F,
0000482B,
00004837,
00004844,
00004850,
0000485C,
00004869,
00004875,
00004881,
0000488D,
0000489A,
000048A6,
000048B2,
000048BF,
000048CB,
000048D8,
000048E4,
000048F0,
000048FD,
00004909,
00004915,
00004922,
0000492E,
0000493B,
00004947,
00004953,
00004960,
0000496C,
00004979,
00004985,
00004992,
0000499E,
000049AA,
000049B7,
000049C3,
000049D0,
000049DC,
000049E9,
000049F5,
00004A02,
00004A0E,
00004A1B,
00004A27,
00004A34,
00004A40,
00004A4D,
00004A5A,
00004A66,
00004A73,
00004A7F,
00004A8C,
00004A98,
00004AA5,
00004AB1,
00004ABE,
00004ACB,
00004AD7,
00004AE4,
00004AF1,
00004AFD,
00004B0A,
00004B16,
00004B23,
00004B30,
00004B3C,
00004B49,
00004B56,
00004B62,
00004B6F,
00004B7C,
00004B88,
00004B95,
00004BA2,
00004BAE,
00004BBB,
00004BC8,
00004BD5,
00004BE1,
00004BEE,
00004BFB,
00004C08,
00004C14,
00004C21,
00004C2E,
00004C3B,
00004C47,
00004C54,
00004C61,
00004C6E,
00004C7B,
00004C87,
00004C94,
00004CA1,
00004CAE,
00004CBB,
00004CC7,
00004CD4,
00004CE1,
00004CEE,
00004CFB,
00004D08,
00004D15,
00004D22,
00004D2E,
00004D3B,
00004D48,
00004D55,
00004D62,
00004D6F,
00004D7C,
00004D89,
00004D96,
00004DA3,
00004DB0,
00004DBD,
00004DCA,
00004DD7,
00004DE4,
00004DF0,
00004DFD,
00004E0A,
00004E17,
00004E24,
00004E31,
00004E3F,
00004E4C,
00004E59,
00004E66,
00004E73,
00004E80,
00004E8D,
00004E9A,
00004EA7,
00004EB4,
00004EC1,
00004ECE,
00004EDB,
00004EE8,
00004EF5,
00004F03,
00004F10,
00004F1D,
00004F2A,
00004F37,
00004F44,
00004F51,
00004F5E,
00004F6C,
00004F79,
00004F86,
00004F93,
00004FA0,
00004FAE,
00004FBB,
00004FC8,
00004FD5,
00004FE2,
00004FF0,
00004FFD,
0000500A,
00005017,
00005025,
00005032,
0000503F,
0000504C,
0000505A,
00005067,
00005074,
00005081,
0000508F,
0000509C,
000050A9,
000050B7,
000050C4,
000050D1,
000050DF,
000050EC,
000050F9,
00005107,
00005114,
00005121,
0000512F,
0000513C,
0000514A,
00005157,
00005164,
00005172,
0000517F,
0000518D,
0000519A,
000051A7,
000051B5,
000051C2,
000051D0,
000051DD,
000051EB,
000051F8,
00005206,
00005213,
00005221,
0000522E,
0000523C,
00005249,
00005257,
00005264,
00005272,
0000527F,
0000528D,
0000529A,
000052A8,
000052B5,
000052C3,
000052D1,
000052DE,
000052EC,
000052F9,
00005307,
00005314,
00005322,
00005330,
0000533D,
0000534B,
00005359,
00005366,
00005374,
00005382,
0000538F,
0000539D,
000053AB,
000053B8,
000053C6,
000053D4,
000053E1,
000053EF,
000053FD,
0000540A,
00005418,
00005426,
00005434,
00005441,
0000544F,
0000545D,
0000546B,
00005478,
00005486,
00005494,
000054A2,
000054B0,
000054BD,
000054CB,
000054D9,
000054E7,
000054F5,
00005502,
00005510,
0000551E,
0000552C,
0000553A,
00005548,
00005556,
00005563,
00005571,
0000557F,
0000558D,
0000559B,
000055A9,
000055B7,
000055C5,
000055D3,
000055E1,
000055EF,
000055FD,
0000560A,
00005618,
00005626,
00005634,
00005642,
00005650,
0000565E,
0000566C,
0000567A,
00005688,
00005696,
000056A4,
000056B2,
000056C1,
000056CF,
000056DD,
000056EB,
000056F9,
00005707,
00005715,
00005723,
00005731,
0000573F,
0000574D,
0000575B,
0000576A,
00005778,
00005786,
00005794,
000057A2,
000057B0,
000057BE,
000057CD,
000057DB,
000057E9,
000057F7,
00005805,
00005813,
00005822,
00005830,
0000583E,
0000584C,
0000585B,
00005869,
00005877,
00005885,
00005894,
000058A2,
000058B0,
000058BE,
000058CD,
000058DB,
000058E9,
000058F8,
00005906,
00005914,
00005922,
00005931,
0000593F,
0000594E,
0000595C,
0000596A,
00005979,
00005987,
00005995,
000059A4,
000059B2,
000059C0,
000059CF,
000059DD,
000059EC,
000059FA,
00005A09,
00005A17,
00005A25,
00005A34,
00005A42,
00005A51,
00005A5F,
00005A6E,
00005A7C,
00005A8B,
00005A99,
00005AA8,
00005AB6,
00005AC5,
00005AD3,
00005AE2,
00005AF0,
00005AFF,
00005B0D,
00005B1C,
00005B2B,
00005B39,
00005B48,
00005B56,
00005B65,
00005B74,
00005B82,
00005B91,
00005B9F,
00005BAE,
00005BBD,
00005BCB,
00005BDA,
00005BE9,
00005BF7,
00005C06,
00005C15,
00005C23,
00005C32,
00005C41,
00005C4F,
00005C5E,
00005C6D,
00005C7B,
00005C8A,
00005C99,
00005CA8,
00005CB6,
00005CC5,
00005CD4,
00005CE3,
00005CF1,
00005D00,
00005D0F,
00005D1E,
00005D2D,
00005D3B,
00005D4A,
00005D59,
00005D68,
00005D77,
00005D86,
00005D94,
00005DA3,
00005DB2,
00005DC1,
00005DD0,
00005DDF,
00005DEE,
00005DFD,
00005E0B,
00005E1A,
00005E29,
00005E38,
00005E47,
00005E56,
00005E65,
00005E74,
00005E83,
00005E92,
00005EA1,
00005EB0,
00005EBF,
00005ECE,
00005EDD,
00005EEC,
00005EFB,
00005F0A,
00005F19,
00005F28,
00005F37,
00005F46,
00005F55,
00005F64,
00005F73,
00005F82,
00005F91,
00005FA0,
00005FB0,
00005FBF,
00005FCE,
00005FDD,
00005FEC,
00005FFB,
0000600A,
00006019,
00006029,
00006038,
00006047,
00006056,
00006065,
00006074,
00006084,
00006093,
000060A2,
000060B1,
000060C0,
000060D0,
000060DF,
000060EE,
000060FD,
0000610D,
0000611C,
0000612B,
0000613A,
0000614A,
00006159,
00006168,
00006178,
00006187,
00006196,
000061A6,
000061B5,
000061C4,
000061D4,
000061E3,
000061F2,
00006202,
00006211,
00006220,
00006230,
0000623F,
0000624F,
0000625E,
0000626D,
0000627D,
0000628C,
0000629C,
000062AB,
000062BB,
000062CA,
000062DA,
000062E9,
000062F8,
00006308,
00006317,
00006327,
00006336,
00006346,
00006355,
00006365,
00006375,
00006384,
00006394,
000063A3,
000063B3,
000063C2,
000063D2,
000063E1,
000063F1,
00006401,
00006410,
00006420,
00006430,
0000643F,
0000644F,
0000645E,
0000646E,
0000647E,
0000648D,
0000649D,
000064AD,
000064BC,
000064CC,
000064DC,
000064EB,
000064FB,
0000650B,
0000651B,
0000652A,
0000653A,
0000654A,
0000655A,
00006569,
00006579,
00006589,
00006599,
000065A8,
000065B8,
000065C8,
000065D8,
000065E8,
000065F8,
00006607,
00006617,
00006627,
00006637,
00006647,
00006657,
00006667,
00006676,
00006686,
00006696,
000066A6,
000066B6,
000066C6,
000066D6,
000066E6,
000066F6,
00006706,
00006716,
00006726,
00006736,
00006746,
00006756,
00006765,
00006775,
00006785,
00006796,
000067A6,
000067B6,
000067C6,
000067D6,
000067E6,
000067F6,
00006806,
00006816,
00006826,
00006836,
00006846,
00006856,
00006866,
00006876,
00006887,
00006897,
000068A7,
000068B7,
000068C7,
000068D7,
000068E7,
000068F8,
00006908,
00006918,
00006928,
00006938,
00006949,
00006959,
00006969,
00006979,
00006989,
0000699A,
000069AA,
000069BA,
000069CA,
000069DB,
000069EB,
000069FB,
00006A0C,
00006A1C,
00006A2C,
00006A3D,
00006A4D,
00006A5D,
00006A6E,
00006A7E,
00006A8E,
00006A9F,
00006AAF,
00006ABF,
00006AD0,
00006AE0,
00006AF0,
00006B01,
00006B11,
00006B22,
00006B32,
00006B43,
00006B53,
00006B63,
00006B74,
00006B84,
00006B95,
00006BA5,
00006BB6,
00006BC6,
00006BD7,
00006BE7,
00006BF8,
00006C08,
00006C19,
00006C29,
00006C3A,
00006C4B,
00006C5B,
00006C6C,
00006C7C,
00006C8D,
00006C9D,
00006CAE,
00006CBF,
00006CCF,
00006CE0,
00006CF0,
00006D01,
00006D12,
00006D22,
00006D33,
00006D44,
00006D54,
00006D65,
00006D76,
00006D86,
00006D97,
00006DA8,
00006DB9,
00006DC9,
00006DDA,
00006DEB,
00006DFB,
00006E0C,
00006E1D,
00006E2E,
00006E3F,
00006E4F,
00006E60,
00006E71,
00006E82,
00006E92,
00006EA3,
00006EB4,
00006EC5,
00006ED6,
00006EE7,
00006EF8,
00006F08,
00006F19,
00006F2A,
00006F3B,
00006F4C,
00006F5D,
00006F6E,
00006F7F,
00006F90,
00006FA0,
00006FB1,
00006FC2,
00006FD3,
00006FE4,
00006FF5,
00007006,
00007017,
00007028,
00007039,
0000704A,
0000705B,
0000706C,
0000707D,
0000708E,
0000709F,
000070B0,
000070C1,
000070D3,
000070E4,
000070F5,
00007106,
00007117,
00007128,
00007139,
0000714A,
0000715B,
0000716C,
0000717E,
0000718F,
000071A0,
000071B1,
000071C2,
000071D3,
000071E5,
000071F6,
00007207,
00007218,
00007229,
0000723B,
0000724C,
0000725D,
0000726E,
00007280,
00007291,
000072A2,
000072B3,
000072C5,
000072D6,
000072E7,
000072F9,
0000730A,
0000731B,
0000732D,
0000733E,
0000734F,
00007361,
00007372,
00007383,
00007395,
000073A6,
000073B8,
000073C9,
000073DA,
000073EC,
000073FD,
0000740F,
00007420,
00007432,
00007443,
00007454,
00007466,
00007477,
00007489,
0000749A,
000074AC,
000074BD,
000074CF,
000074E0,
000074F2,
00007503,
00007515,
00007527,
00007538,
0000754A,
0000755B,
0000756D,
0000757E,
00007590,
000075A2,
000075B3,
000075C5,
000075D7,
000075E8,
000075FA,
0000760C,
0000761D,
0000762F,
00007641,
00007652,
00007664,
00007676,
00007687,
00007699,
000076AB,
000076BC,
000076CE,
000076E0,
000076F2,
00007704,
00007715,
00007727,
00007739,
0000774B,
0000775C,
0000776E,
00007780,
00007792,
000077A4,
000077B6,
000077C7,
000077D9,
000077EB,
000077FD,
0000780F,
00007821,
00007833,
00007845,
00007856,
00007868,
0000787A,
0000788C,
0000789E,
000078B0,
000078C2,
000078D4,
000078E6,
000078F8,
0000790A,
0000791C,
0000792E,
00007940,
00007952,
00007964,
00007976,
00007988,
0000799A,
000079AC,
000079BE,
000079D0,
000079E3,
000079F5,
00007A07,
00007A19,
00007A2B,
00007A3D,
00007A4F,
00007A61,
00007A74,
00007A86,
00007A98,
00007AAA,
00007ABC,
00007ACE,
00007AE1,
00007AF3,
00007B05,
00007B17,
00007B29,
00007B3C,
00007B4E,
00007B60,
00007B72,
00007B85,
00007B97,
00007BA9,
00007BBC,
00007BCE,
00007BE0,
00007BF2,
00007C05,
00007C17,
00007C29,
00007C3C,
00007C4E,
00007C61,
00007C73,
00007C85,
00007C98,
00007CAA,
00007CBC,
00007CCF,
00007CE1,
00007CF4,
00007D06,
00007D19,
00007D2B,
00007D3D,
00007D50,
00007D62,
00007D75,
00007D87,
00007D9A,
00007DAC,
00007DBF,
00007DD1,
00007DE4,
00007DF7,
00007E09,
00007E1C,
00007E2E,
00007E41,
00007E53,
00007E66,
00007E79,
00007E8B,
00007E9E,
00007EB0,
00007EC3,
00007ED6,
00007EE8,
00007EFB,
00007F0E,
00007F20,
00007F33,
00007F46,
00007F58,
00007F6B,
00007F7E,
00007F90,
00007FA3,
00007FB6,
00007FC9,
00007FDB,
00007FEE,
00008001,
00008014,
00008026,
00008039,
0000804C,
0000805F,
00008072,
00008084,
00008097,
000080AA,
000080BD,
000080D0,
000080E3,
000080F6,
00008108,
0000811B,
0000812E,
00008141,
00008154,
00008167,
0000817A,
0000818D,
000081A0,
000081B3,
000081C6,
000081D9,
000081EC,
000081FF,
00008212,
00008225,
00008238,
0000824B,
0000825E,
00008271,
00008284,
00008297,
000082AA,
000082BD,
000082D0,
000082E3,
000082F6,
00008309,
0000831C,
0000832F,
00008343,
00008356,
00008369,
0000837C,
0000838F,
000083A2,
000083B5,
000083C9,
000083DC,
000083EF,
00008402,
00008415,
00008429,
0000843C,
0000844F,
00008462,
00008476,
00008489,
0000849C,
000084AF,
000084C3,
000084D6,
000084E9,
000084FD,
00008510,
00008523,
00008537,
0000854A,
0000855D,
00008571,
00008584,
00008597,
000085AB,
000085BE,
000085D2,
000085E5,
000085F9,
0000860C,
0000861F,
00008633,
00008646,
0000865A,
0000866D,
00008681,
00008694,
000086A8,
000086BB,
000086CF,
000086E2,
000086F6,
00008709,
0000871D,
00008730,
00008744,
00008758,
0000876B,
0000877F,
00008792,
000087A6,
000087BA,
000087CD,
000087E1,
000087F4,
00008808,
0000881C,
0000882F,
00008843,
00008857,
0000886A,
0000887E,
00008892,
000088A6,
000088B9,
000088CD,
000088E1,
000088F4,
00008908,
0000891C,
00008930,
00008944,
00008957,
0000896B,
0000897F,
00008993,
000089A7,
000089BA,
000089CE,
000089E2,
000089F6,
00008A0A,
00008A1E,
00008A32,
00008A45,
00008A59,
00008A6D,
00008A81,
00008A95,
00008AA9,
00008ABD,
00008AD1,
00008AE5,
00008AF9,
00008B0D,
00008B21,
00008B35,
00008B49,
00008B5D,
00008B71,
00008B85,
00008B99,
00008BAD,
00008BC1,
00008BD5,
00008BE9,
00008BFD,
00008C11,
00008C25,
00008C39,
00008C4E,
00008C62,
00008C76,
00008C8A,
00008C9E,
00008CB2,
00008CC6,
00008CDB,
00008CEF,
00008D03,
00008D17,
00008D2B,
00008D40,
00008D54,
00008D68,
00008D7C,
00008D91,
00008DA5,
00008DB9,
00008DCD,
00008DE2,
00008DF6,
00008E0A,
00008E1F,
00008E33,
00008E47,
00008E5C,
00008E70,
00008E84,
00008E99,
00008EAD,
00008EC1,
00008ED6,
00008EEA,
00008EFE,
00008F13,
00008F27,
00008F3C,
00008F50,
00008F65,
00008F79,
00008F8E,
00008FA2,
00008FB7,
00008FCB,
00008FDF,
00008FF4,
00009009,
0000901D,
00009032,
00009046,
0000905B,
0000906F,
00009084,
00009098,
000090AD,
000090C2,
000090D6,
000090EB,
000090FF,
00009114,
00009129,
0000913D,
00009152,
00009167,
0000917B,
00009190,
000091A5,
000091B9,
000091CE,
000091E3,
000091F8,
0000920C,
00009221,
00009236,
0000924A,
0000925F,
00009274,
00009289,
0000929E,
000092B2,
000092C7,
000092DC,
000092F1,
00009306,
0000931B,
0000932F,
00009344,
00009359,
0000936E,
00009383,
00009398,
000093AD,
000093C2,
000093D7,
000093EC,
00009400,
00009415,
0000942A,
0000943F,
00009454,
00009469,
0000947E,
00009493,
000094A8,
000094BD,
000094D2,
000094E7,
000094FC,
00009512,
00009527,
0000953C,
00009551,
00009566,
0000957B,
00009590,
000095A5,
000095BA,
000095CF,
000095E5,
000095FA,
0000960F,
00009624,
00009639,
0000964E,
00009664,
00009679,
0000968E,
000096A3,
000096B9,
000096CE,
000096E3,
000096F8,
0000970E,
00009723,
00009738,
0000974D,
00009763,
00009778,
0000978D,
000097A3,
000097B8,
000097CD,
000097E3,
000097F8,
0000980E,
00009823,
00009838,
0000984E,
00009863,
00009879,
0000988E,
000098A3,
000098B9,
000098CE,
000098E4,
000098F9,
0000990F,
00009924,
0000993A,
0000994F,
00009965,
0000997A,
00009990,
000099A5,
000099BB,
000099D0,
000099E6,
000099FC,
00009A11,
00009A27,
00009A3C,
00009A52,
00009A68,
00009A7D,
00009A93,
00009AA9,
00009ABE,
00009AD4,
00009AEA,
00009AFF,
00009B15,
00009B2B,
00009B40,
00009B56,
00009B6C,
00009B82,
00009B97,
00009BAD,
00009BC3,
00009BD9,
00009BEF,
00009C04,
00009C1A,
00009C30,
00009C46,
00009C5C,
00009C71,
00009C87,
00009C9D,
00009CB3,
00009CC9,
00009CDF,
00009CF5,
00009D0B,
00009D21,
00009D37,
00009D4C,
00009D62,
00009D78,
00009D8E,
00009DA4,
00009DBA,
00009DD0,
00009DE6,
00009DFC,
00009E12,
00009E28,
00009E3E,
00009E54,
00009E6A,
00009E81,
00009E97,
00009EAD,
00009EC3,
00009ED9,
00009EEF,
00009F05,
00009F1B,
00009F31,
00009F47,
00009F5E,
00009F74,
00009F8A,
00009FA0,
00009FB6,
00009FCD,
00009FE3,
00009FF9,
0000A00F,
0000A025,
0000A03C,
0000A052,
0000A068,
0000A07F,
0000A095,
0000A0AB,
0000A0C1,
0000A0D8,
0000A0EE,
0000A104,
0000A11B,
0000A131,
0000A147,
0000A15E,
0000A174,
0000A18B,
0000A1A1,
0000A1B7,
0000A1CE,
0000A1E4,
0000A1FB,
0000A211,
0000A227,
0000A23E,
0000A254,
0000A26B,
0000A281,
0000A298,
0000A2AE,
0000A2C5,
0000A2DB,
0000A2F2,
0000A308,
0000A31F,
0000A336,
0000A34C,
0000A363,
0000A379,
0000A390,
0000A3A7,
0000A3BD,
0000A3D4,
0000A3EA,
0000A401,
0000A418,
0000A42E,
0000A445,
0000A45C,
0000A472,
0000A489,
0000A4A0,
0000A4B7,
0000A4CD,
0000A4E4,
0000A4FB,
0000A512,
0000A528,
0000A53F,
0000A556,
0000A56D,
0000A583,
0000A59A,
0000A5B1,
0000A5C8,
0000A5DF,
0000A5F6,
0000A60D,
0000A623,
0000A63A,
0000A651,
0000A668,
0000A67F,
0000A696,
0000A6AD,
0000A6C4,
0000A6DB,
0000A6F2,
0000A709,
0000A720,
0000A737,
0000A74E,
0000A765,
0000A77C,
0000A793,
0000A7AA,
0000A7C1,
0000A7D8,
0000A7EF,
0000A806,
0000A81D,
0000A834,
0000A84B,
0000A862,
0000A879,
0000A890,
0000A8A8,
0000A8BF,
0000A8D6,
0000A8ED,
0000A904,
0000A91B,
0000A933,
0000A94A,
0000A961,
0000A978,
0000A98F,
0000A9A7,
0000A9BE,
0000A9D5,
0000A9EC,
0000AA04,
0000AA1B,
0000AA32,
0000AA4A,
0000AA61,
0000AA78,
0000AA90,
0000AAA7,
0000AABE,
0000AAD6,
0000AAED,
0000AB04,
0000AB1C,
0000AB33,
0000AB4B,
0000AB62,
0000AB79,
0000AB91,
0000ABA8,
0000ABC0,
0000ABD7,
0000ABEF,
0000AC06,
0000AC1E,
0000AC35,
0000AC4D,
0000AC64,
0000AC7C,
0000AC93,
0000ACAB,
0000ACC2,
0000ACDA,
0000ACF2,
0000AD09,
0000AD21,
0000AD38,
0000AD50,
0000AD68,
0000AD7F,
0000AD97,
0000ADAF,
0000ADC6,
0000ADDE,
0000ADF6,
0000AE0D,
0000AE25,
0000AE3D,
0000AE54,
0000AE6C,
0000AE84,
0000AE9C,
0000AEB3,
0000AECB,
0000AEE3,
0000AEFB,
0000AF13,
0000AF2A,
0000AF42,
0000AF5A,
0000AF72,
0000AF8A,
0000AFA2,
0000AFB9,
0000AFD1,
0000AFE9,
0000B001,
0000B019,
0000B031,
0000B049,
0000B061,
0000B079,
0000B091,
0000B0A9,
0000B0C1,
0000B0D9,
0000B0F1,
0000B109,
0000B121,
0000B139,
0000B151,
0000B169,
0000B181,
0000B199,
0000B1B1,
0000B1C9,
0000B1E1,
0000B1F9,
0000B211,
0000B22A,
0000B242,
0000B25A,
0000B272,
0000B28A,
0000B2A2,
0000B2BA,
0000B2D3,
0000B2EB,
0000B303,
0000B31B,
0000B334,
0000B34C,
0000B364,
0000B37C,
0000B395,
0000B3AD,
0000B3C5,
0000B3DD,
0000B3F6,
0000B40E,
0000B426,
0000B43F,
0000B457,
0000B46F,
0000B488,
0000B4A0,
0000B4B9,
0000B4D1,
0000B4E9,
0000B502,
0000B51A,
0000B533,
0000B54B,
0000B564,
0000B57C,
0000B595,
0000B5AD,
0000B5C5,
0000B5DE,
0000B5F7,
0000B60F,
0000B628,
0000B640,
0000B659,
0000B671,
0000B68A,
0000B6A2,
0000B6BB,
0000B6D4,
0000B6EC,
0000B705,
0000B71D,
0000B736,
0000B74F,
0000B767,
0000B780,
0000B799,
0000B7B2,
0000B7CA,
0000B7E3,
0000B7FC,
0000B814,
0000B82D,
0000B846,
0000B85F,
0000B877,
0000B890,
0000B8A9,
0000B8C2,
0000B8DB,
0000B8F3,
0000B90C,
0000B925,
0000B93E,
0000B957,
0000B970,
0000B989,
0000B9A1,
0000B9BA,
0000B9D3,
0000B9EC,
0000BA05,
0000BA1E,
0000BA37,
0000BA50,
0000BA69,
0000BA82,
0000BA9B,
0000BAB4,
0000BACD,
0000BAE6,
0000BAFF,
0000BB18,
0000BB31,
0000BB4A,
0000BB63,
0000BB7C,
0000BB95,
0000BBAF,
0000BBC8,
0000BBE1,
0000BBFA,
0000BC13,
0000BC2C,
0000BC45,
0000BC5F,
0000BC78,
0000BC91,
0000BCAA,
0000BCC3,
0000BCDD,
0000BCF6,
0000BD0F,
0000BD28,
0000BD42,
0000BD5B,
0000BD74,
0000BD8D,
0000BDA7,
0000BDC0,
0000BDD9,
0000BDF3,
0000BE0C,
0000BE25,
0000BE3F,
0000BE58,
0000BE72,
0000BE8B,
0000BEA4,
0000BEBE,
0000BED7,
0000BEF1,
0000BF0A,
0000BF24,
0000BF3D,
0000BF57,
0000BF70,
0000BF8A,
0000BFA3,
0000BFBD,
0000BFD6,
0000BFF0,
0000C009,
0000C023,
0000C03C,
0000C056,
0000C06F,
0000C089,
0000C0A3,
0000C0BC,
0000C0D6,
0000C0F0,
0000C109,
0000C123,
0000C13D,
0000C156,
0000C170,
0000C18A,
0000C1A3,
0000C1BD,
0000C1D7,
0000C1F1,
0000C20A,
0000C224,
0000C23E,
0000C258,
0000C271,
0000C28B,
0000C2A5,
0000C2BF,
0000C2D9,
0000C2F3,
0000C30C,
0000C326,
0000C340,
0000C35A,
0000C374,
0000C38E,
0000C3A8,
0000C3C2,
0000C3DC,
0000C3F6,
0000C410,
0000C42A,
0000C444,
0000C45E,
0000C478,
0000C492,
0000C4AC,
0000C4C6,
0000C4E0,
0000C4FA,
0000C514,
0000C52E,
0000C548,
0000C562,
0000C57C,
0000C596,
0000C5B0,
0000C5CA,
0000C5E5,
0000C5FF,
0000C619,
0000C633,
0000C64D,
0000C668,
0000C682,
0000C69C,
0000C6B6,
0000C6D0,
0000C6EB,
0000C705,
0000C71F,
0000C739,
0000C754,
0000C76E,
0000C788,
0000C7A3,
0000C7BD,
0000C7D7,
0000C7F2,
0000C80C,
0000C826,
0000C841,
0000C85B,
0000C876,
0000C890,
0000C8AA,
0000C8C5,
0000C8DF,
0000C8FA,
0000C914,
0000C92F,
0000C949,
0000C964,
0000C97E,
0000C999,
0000C9B3,
0000C9CE,
0000C9E8,
0000CA03,
0000CA1E,
0000CA38,
0000CA53,
0000CA6D,
0000CA88,
0000CAA3,
0000CABD,
0000CAD8,
0000CAF3,
0000CB0D,
0000CB28,
0000CB43,
0000CB5D,
0000CB78,
0000CB93,
0000CBAD,
0000CBC8,
0000CBE3,
0000CBFE,
0000CC18,
0000CC33,
0000CC4E,
0000CC69,
0000CC84,
0000CC9E,
0000CCB9,
0000CCD4,
0000CCEF,
0000CD0A,
0000CD25,
0000CD40,
0000CD5B,
0000CD75,
0000CD90,
0000CDAB,
0000CDC6,
0000CDE1,
0000CDFC,
0000CE17,
0000CE32,
0000CE4D,
0000CE68,
0000CE83,
0000CE9E,
0000CEB9,
0000CED4,
0000CEEF,
0000CF0A,
0000CF25,
0000CF41,
0000CF5C,
0000CF77,
0000CF92,
0000CFAD,
0000CFC8,
0000CFE3,
0000CFFE,
0000D01A,
0000D035,
0000D050,
0000D06B,
0000D086,
0000D0A2,
0000D0BD,
0000D0D8,
0000D0F3,
0000D10F,
0000D12A,
0000D145,
0000D161,
0000D17C,
0000D197,
0000D1B3,
0000D1CE,
0000D1E9,
0000D205,
0000D220,
0000D23B,
0000D257,
0000D272,
0000D28E,
0000D2A9,
0000D2C5,
0000D2E0,
0000D2FB,
0000D317,
0000D332,
0000D34E,
0000D369,
0000D385,
0000D3A0,
0000D3BC,
0000D3D8,
0000D3F3,
0000D40F,
0000D42A,
0000D446,
0000D461,
0000D47D,
0000D499,
0000D4B4,
0000D4D0,
0000D4EC,
0000D507,
0000D523,
0000D53F,
0000D55A,
0000D576,
0000D592,
0000D5AE,
0000D5C9,
0000D5E5,
0000D601,
0000D61D,
0000D638,
0000D654,
0000D670,
0000D68C,
0000D6A8,
0000D6C4,
0000D6DF,
0000D6FB,
0000D717,
0000D733,
0000D74F,
0000D76B,
0000D787,
0000D7A3,
0000D7BF,
0000D7DB,
0000D7F6,
0000D812,
0000D82E,
0000D84A,
0000D866,
0000D882,
0000D89E,
0000D8BB,
0000D8D7,
0000D8F3,
0000D90F,
0000D92B,
0000D947,
0000D963,
0000D97F,
0000D99B,
0000D9B7,
0000D9D4,
0000D9F0,
0000DA0C,
0000DA28,
0000DA44,
0000DA60,
0000DA7D,
0000DA99,
0000DAB5,
0000DAD1,
0000DAEE,
0000DB0A,
0000DB26,
0000DB42,
0000DB5F,
0000DB7B,
0000DB97,
0000DBB4,
0000DBD0,
0000DBEC,
0000DC09,
0000DC25,
0000DC42,
0000DC5E,
0000DC7A,
0000DC97,
0000DCB3,
0000DCD0,
0000DCEC,
0000DD09,
0000DD25,
0000DD42,
0000DD5E,
0000DD7B,
0000DD97,
0000DDB4,
0000DDD0,
0000DDED,
0000DE09,
0000DE26,
0000DE42,
0000DE5F,
0000DE7C,
0000DE98,
0000DEB5,
0000DED2,
0000DEEE,
0000DF0B,
0000DF28,
0000DF44,
0000DF61,
0000DF7E,
0000DF9A,
0000DFB7,
0000DFD4,
0000DFF1,
0000E00D,
0000E02A,
0000E047,
0000E064,
0000E081,
0000E09D,
0000E0BA,
0000E0D7,
0000E0F4,
0000E111,
0000E12E,
0000E14A,
0000E167,
0000E184,
0000E1A1,
0000E1BE,
0000E1DB,
0000E1F8,
0000E215,
0000E232,
0000E24F,
0000E26C,
0000E289,
0000E2A6,
0000E2C3,
0000E2E0,
0000E2FD,
0000E31A,
0000E337,
0000E354,
0000E371,
0000E38F,
0000E3AC,
0000E3C9,
0000E3E6,
0000E403,
0000E420,
0000E43D,
0000E45B,
0000E478,
0000E495,
0000E4B2,
0000E4D0,
0000E4ED,
0000E50A,
0000E527,
0000E545,
0000E562,
0000E57F,
0000E59D,
0000E5BA,
0000E5D7,
0000E5F5,
0000E612,
0000E62F,
0000E64D,
0000E66A,
0000E687,
0000E6A5,
0000E6C2,
0000E6E0,
0000E6FD,
0000E71B,
0000E738,
0000E756,
0000E773,
0000E791,
0000E7AE,
0000E7CC,
0000E7E9,
0000E807,
0000E824,
0000E842,
0000E85F,
0000E87D,
0000E89B,
0000E8B8,
0000E8D6,
0000E8F4,
0000E911,
0000E92F,
0000E94D,
0000E96A,
0000E988,
0000E9A6,
0000E9C3,
0000E9E1,
0000E9FF,
0000EA1D,
0000EA3A,
0000EA58,
0000EA76,
0000EA94,
0000EAB2,
0000EACF,
0000EAED,
0000EB0B,
0000EB29,
0000EB47,
0000EB65,
0000EB83,
0000EBA0,
0000EBBE,
0000EBDC,
0000EBFA,
0000EC18,
0000EC36,
0000EC54,
0000EC72,
0000EC90,
0000ECAE,
0000ECCC,
0000ECEA,
0000ED08,
0000ED26,
0000ED44,
0000ED62,
0000ED80,
0000ED9F,
0000EDBD,
0000EDDB,
0000EDF9,
0000EE17,
0000EE35,
0000EE53,
0000EE72,
0000EE90,
0000EEAE,
0000EECC,
0000EEEA,
0000EF09,
0000EF27,
0000EF45,
0000EF63,
0000EF82,
0000EFA0,
0000EFBE,
0000EFDD,
0000EFFB,
0000F019,
0000F038,
0000F056,
0000F074,
0000F093,
0000F0B1,
0000F0D0,
0000F0EE,
0000F10C,
0000F12B,
0000F149,
0000F168,
0000F186,
0000F1A5,
0000F1C3,
0000F1E2,
0000F200,
0000F21F,
0000F23D,
0000F25C,
0000F27B,
0000F299,
0000F2B8,
0000F2D6,
0000F2F5,
0000F314,
0000F332,
0000F351,
0000F370,
0000F38E,
0000F3AD,
0000F3CC,
0000F3EA,
0000F409,
0000F428,
0000F446,
0000F465,
0000F484,
0000F4A3,
0000F4C2,
0000F4E0,
0000F4FF,
0000F51E,
0000F53D,
0000F55C,
0000F57B,
0000F599,
0000F5B8,
0000F5D7,
0000F5F6,
0000F615,
0000F634,
0000F653,
0000F672,
0000F691,
0000F6B0,
0000F6CF,
0000F6EE,
0000F70D,
0000F72C,
0000F74B,
0000F76A,
0000F789,
0000F7A8,
0000F7C7,
0000F7E6,
0000F805,
0000F825,
0000F844,
0000F863,
0000F882,
0000F8A1,
0000F8C0,
0000F8E0,
0000F8FF,
0000F91E,
0000F93D,
0000F95C,
0000F97C,
0000F99B,
0000F9BA,
0000F9DA,
0000F9F9,
0000FA18,
0000FA37,
0000FA57,
0000FA76,
0000FA95,
0000FAB5,
0000FAD4,
0000FAF4,
0000FB13,
0000FB32,
0000FB52,
0000FB71,
0000FB91,
0000FBB0,
0000FBD0,
0000FBEF,
0000FC0F,
0000FC2E,
0000FC4E,
0000FC6D,
0000FC8D,
0000FCAC,
0000FCCC,
0000FCEC,
0000FD0B,
0000FD2B,
0000FD4A,
0000FD6A,
0000FD8A,
0000FDA9,
0000FDC9,
0000FDE9,
0000FE08,
0000FE28,
0000FE48,
0000FE67,
0000FE87,
0000FEA7,
0000FEC7,
0000FEE7,
0000FF06,
0000FF26,
0000FF46,
0000FF66,
0000FF86,
0000FFA5,
0000FFC5,
0000FFE5,
00010005,
00010025,
00010045,
00010065,
00010085,
000100A5,
000100C5,
000100E5,
00010104,
00010124,
00010144,
00010165,
00010185,
000101A5,
000101C5,
000101E5,
00010205,
00010225,
00010245,
00010265,
00010285,
000102A5,
000102C5,
000102E6,
00010306,
00010326,
00010346,
00010366,
00010387,
000103A7,
000103C7,
000103E7,
00010408,
00010428,
00010448,
00010468,
00010489,
000104A9,
000104C9,
000104EA,
0001050A,
0001052B,
0001054B,
0001056B,
0001058C,
000105AC,
000105CD,
000105ED,
0001060E,
0001062E,
0001064E,
0001066F,
0001068F,
000106B0,
000106D1,
000106F1,
00010712,
00010732,
00010753,
00010773,
00010794,
000107B5,
000107D5,
000107F6,
00010817,
00010837,
00010858,
00010879,
00010899,
000108BA,
000108DB,
000108FB,
0001091C,
0001093D,
0001095E,
0001097F,
0001099F,
000109C0,
000109E1,
00010A02,
00010A23,
00010A44,
00010A64,
00010A85,
00010AA6,
00010AC7,
00010AE8,
00010B09,
00010B2A,
00010B4B,
00010B6C,
00010B8D,
00010BAE,
00010BCF,
00010BF0,
00010C11,
00010C32,
00010C53,
00010C74,
00010C95,
00010CB6,
00010CD7,
00010CF9,
00010D1A,
00010D3B,
00010D5C,
00010D7D,
00010D9E,
00010DBF,
00010DE1,
00010E02,
00010E23,
00010E44,
00010E66,
00010E87,
00010EA8,
00010ECA,
00010EEB,
00010F0C,
00010F2D,
00010F4F,
00010F70,
00010F92,
00010FB3,
00010FD4,
00010FF6,
00011017,
00011039,
0001105A,
0001107B,
0001109D,
000110BE,
000110E0,
00011101,
00011123,
00011144,
00011166,
00011188,
000111A9,
000111CB,
000111EC,
0001120E,
00011230,
00011251,
00011273,
00011294,
000112B6,
000112D8,
000112F9,
0001131B,
0001133D,
0001135F,
00011380,
000113A2,
000113C4,
000113E6,
00011407,
00011429,
0001144B,
0001146D,
0001148F,
000114B1,
000114D2,
000114F4,
00011516,
00011538,
0001155A,
0001157C,
0001159E,
000115C0,
000115E2,
00011604,
00011626,
00011648,
0001166A,
0001168C,
000116AE,
000116D0,
000116F2,
00011714,
00011736,
00011758,
0001177A,
0001179D,
000117BF,
000117E1,
00011803,
00011825,
00011847,
0001186A,
0001188C,
000118AE,
000118D0,
000118F3,
00011915,
00011937,
00011959,
0001197C,
0001199E,
000119C0,
000119E3,
00011A05,
00011A27,
00011A4A,
00011A6C,
00011A8F,
00011AB1,
00011AD3,
00011AF6,
00011B18,
00011B3B,
00011B5D,
00011B80,
00011BA2,
00011BC5,
00011BE7,
00011C0A,
00011C2C,
00011C4F,
00011C72,
00011C94,
00011CB7,
00011CD9,
00011CFC,
00011D1F,
00011D41,
00011D64,
00011D87,
00011DA9,
00011DCC,
00011DEF,
00011E12,
00011E34,
00011E57,
00011E7A,
00011E9D,
00011EC0,
00011EE2,
00011F05,
00011F28,
00011F4B,
00011F6E,
00011F91,
00011FB4,
00011FD6,
00011FF9,
0001201C,
0001203F,
00012062,
00012085,
000120A8,
000120CB,
000120EE,
00012111,
00012134,
00012157,
0001217A,
0001219D,
000121C0,
000121E4,
00012207,
0001222A,
0001224D,
00012270,
00012293,
000122B6,
000122DA,
000122FD,
00012320,
00012343,
00012366,
0001238A,
000123AD,
000123D0,
000123F4,
00012417,
0001243A,
0001245D,
00012481,
000124A4,
000124C8,
000124EB,
0001250E,
00012532,
00012555,
00012579,
0001259C,
000125BF,
000125E3,
00012606,
0001262A,
0001264D,
00012671,
00012694,
000126B8,
000126DC,
000126FF,
00012723,
00012746,
0001276A,
0001278E,
000127B1,
000127D5,
000127F9,
0001281C,
00012840,
00012864,
00012887,
000128AB,
000128CF,
000128F3,
00012916,
0001293A,
0001295E,
00012982,
000129A6,
000129C9,
000129ED,
00012A11,
00012A35,
00012A59,
00012A7D,
00012AA1,
00012AC5,
00012AE9,
00012B0C,
00012B30,
00012B54,
00012B78,
00012B9C,
00012BC0,
00012BE4,
00012C08,
00012C2D,
00012C51,
00012C75,
00012C99,
00012CBD,
00012CE1,
00012D05,
00012D29,
00012D4D,
00012D72,
00012D96,
00012DBA,
00012DDE,
00012E02,
00012E27,
00012E4B,
00012E6F,
00012E94,
00012EB8,
00012EDC,
00012F00,
00012F25,
00012F49,
00012F6D,
00012F92,
00012FB6,
00012FDB,
00012FFF,
00013023,
00013048,
0001306C,
00013091,
000130B5,
000130DA,
000130FE,
00013123,
00013147,
0001316C,
00013190,
000131B5,
000131DA,
000131FE,
00013223,
00013247,
0001326C,
00013291,
000132B5,
000132DA,
000132FF,
00013323,
00013348,
0001336D,
00013392,
000133B6,
000133DB,
00013400,
00013425,
0001344A,
0001346E,
00013493,
000134B8,
000134DD,
00013502,
00013527,
0001354C,
00013570,
00013595,
000135BA,
000135DF,
00013604,
00013629,
0001364E,
00013673,
00013698,
000136BD,
000136E2,
00013707,
0001372D,
00013752,
00013777,
0001379C,
000137C1,
000137E6,
0001380B,
00013830,
00013856,
0001387B,
000138A0,
000138C5,
000138EA,
00013910,
00013935,
0001395A,
00013980,
000139A5,
000139CA,
000139EF,
00013A15,
00013A3A,
00013A60,
00013A85,
00013AAA,
00013AD0,
00013AF5,
00013B1B,
00013B40,
00013B66,
00013B8B,
00013BB0,
00013BD6,
00013BFC,
00013C21,
00013C47,
00013C6C,
00013C92,
00013CB7,
00013CDD,
00013D03,
00013D28,
00013D4E,
00013D73,
00013D99,
00013DBF,
00013DE4,
00013E0A,
00013E30,
00013E56,
00013E7B,
00013EA1,
00013EC7,
00013EED,
00013F13,
00013F38,
00013F5E,
00013F84,
00013FAA,
00013FD0,
00013FF6,
0001401C,
00014041,
00014067,
0001408D,
000140B3,
000140D9,
000140FF,
00014125,
0001414B,
00014171,
00014197,
000141BD,
000141E3,
00014209,
00014230,
00014256,
0001427C,
000142A2,
000142C8,
000142EE,
00014314,
0001433A,
00014361,
00014387,
000143AD,
000143D3,
000143FA,
00014420,
00014446,
0001446C,
00014493,
000144B9,
000144DF,
00014506,
0001452C,
00014552,
00014579,
0001459F,
000145C6,
000145EC,
00014613,
00014639,
0001465F,
00014686,
000146AC,
000146D3,
000146FA,
00014720,
00014747,
0001476D,
00014794,
000147BA,
000147E1,
00014808,
0001482E,
00014855,
0001487C,
000148A2,
000148C9,
000148F0,
00014916,
0001493D,
00014964,
0001498B,
000149B1,
000149D8,
000149FF,
00014A26,
00014A4D,
00014A73,
00014A9A,
00014AC1,
00014AE8,
00014B0F,
00014B36,
00014B5D,
00014B84,
00014BAB,
00014BD2,
00014BF9,
00014C20,
00014C47,
00014C6E,
00014C95,
00014CBC,
00014CE3,
00014D0A,
00014D31,
00014D58,
00014D7F,
00014DA6,
00014DCD,
00014DF5,
00014E1C,
00014E43,
00014E6A,
00014E91,
00014EB9,
00014EE0,
00014F07,
00014F2E,
00014F56,
00014F7D,
00014FA4,
00014FCC,
00014FF3,
0001501A,
00015042,
00015069,
00015090,
000150B8,
000150DF,
00015107,
0001512E,
00015156,
0001517D,
000151A5,
000151CC,
000151F4,
0001521B,
00015243,
0001526A,
00015292,
000152B9,
000152E1,
00015309,
00015330,
00015358,
00015380,
000153A7,
000153CF,
000153F7,
0001541E,
00015446,
0001546E,
00015496,
000154BD,
000154E5,
0001550D,
00015535,
0001555D,
00015585,
000155AC,
000155D4,
000155FC,
00015624,
0001564C,
00015674,
0001569C,
000156C4,
000156EC,
00015714,
0001573C,
00015764,
0001578C,
000157B4,
000157DC,
00015804,
0001582C,
00015854,
0001587C,
000158A4,
000158CD,
000158F5,
0001591D,
00015945,
0001596D,
00015996,
000159BE,
000159E6,
00015A0E,
00015A37,
00015A5F,
00015A87,
00015AAF,
00015AD8,
00015B00,
00015B28,
00015B51,
00015B79,
00015BA2,
00015BCA,
00015BF2,
00015C1B,
00015C43,
00015C6C,
00015C94,
00015CBD,
00015CE5,
00015D0E,
00015D36,
00015D5F,
00015D87,
00015DB0,
00015DD9,
00015E01,
00015E2A,
00015E53,
00015E7B,
00015EA4,
00015ECD,
00015EF5,
00015F1E,
00015F47,
00015F6F,
00015F98,
00015FC1,
00015FEA,
00016013,
0001603B,
00016064,
0001608D,
000160B6,
000160DF,
00016108,
00016131,
00016159,
00016182,
000161AB,
000161D4,
000161FD,
00016226,
0001624F,
00016278,
000162A1,
000162CA,
000162F3,
0001631C,
00016346,
0001636F,
00016398,
000163C1,
000163EA,
00016413,
0001643C,
00016465,
0001648F,
000164B8,
000164E1,
0001650A,
00016534,
0001655D,
00016586,
000165AF,
000165D9,
00016602,
0001662B,
00016655,
0001667E,
000166A8,
000166D1,
000166FA,
00016724,
0001674D,
00016777,
000167A0,
000167CA,
000167F3,
0001681D,
00016846,
00016870,
00016899,
000168C3,
000168ED,
00016916,
00016940,
00016969,
00016993,
000169BD,
000169E6,
00016A10,
00016A3A,
00016A64,
00016A8D,
00016AB7,
00016AE1,
00016B0B,
00016B34,
00016B5E,
00016B88,
00016BB2,
00016BDC,
00016C06,
00016C2F,
00016C59,
00016C83,
00016CAD,
00016CD7,
00016D01,
00016D2B,
00016D55,
00016D7F,
00016DA9,
00016DD3,
00016DFD,
00016E27,
00016E51,
00016E7B,
00016EA5,
00016ECF,
00016EFA,
00016F24,
00016F4E,
00016F78,
00016FA2,
00016FCC,
00016FF7,
00017021,
0001704B,
00017075,
000170A0,
000170CA,
000170F4,
0001711F,
00017149,
00017173,
0001719E,
000171C8,
000171F2,
0001721D,
00017247,
00017272,
0001729C,
000172C7,
000172F1,
0001731C,
00017346,
00017371,
0001739B,
000173C6,
000173F0,
0001741B,
00017446,
00017470,
0001749B,
000174C5,
000174F0,
0001751B,
00017545,
00017570,
0001759B,
000175C6,
000175F0,
0001761B,
00017646,
00017671,
0001769B,
000176C6,
000176F1,
0001771C,
00017747,
00017772,
0001779D,
000177C8,
000177F2,
0001781D,
00017848,
00017873,
0001789E,
000178C9,
000178F4,
0001791F,
0001794A,
00017975,
000179A1,
000179CC,
000179F7,
00017A22,
00017A4D,
00017A78,
00017AA3,
00017ACE,
00017AFA,
00017B25,
00017B50,
00017B7B,
00017BA7,
00017BD2,
00017BFD,
00017C28,
00017C54,
00017C7F,
00017CAA,
00017CD6,
00017D01,
00017D2D,
00017D58,
00017D83,
00017DAF,
00017DDA,
00017E06,
00017E31,
00017E5D,
00017E88,
00017EB4,
00017EDF,
00017F0B,
00017F36,
00017F62,
00017F8E,
00017FB9,
00017FE5,
00018010,
0001803C,
00018068,
00018093,
000180BF,
000180EB,
00018117,
00018142,
0001816E,
0001819A,
000181C6,
000181F1,
0001821D,
00018249,
00018275,
000182A1,
000182CD,
000182F9,
00018325,
00018350,
0001837C,
000183A8,
000183D4,
00018400,
0001842C,
00018458,
00018484,
000184B0,
000184DD,
00018509,
00018535,
00018561,
0001858D,
000185B9,
000185E5,
00018611,
0001863E,
0001866A,
00018696,
000186C2,
000186EE,
0001871B,
00018747,
00018773,
000187A0,
000187CC,
000187F8,
00018825,
00018851,
0001887D,
000188AA,
000188D6,
00018903,
0001892F,
0001895C,
00018988,
000189B4,
000189E1,
00018A0D,
00018A3A,
00018A67,
00018A93,
00018AC0,
00018AEC,
00018B19,
00018B46,
00018B72,
00018B9F,
00018BCC,
00018BF8,
00018C25,
00018C52,
00018C7E,
00018CAB,
00018CD8,
00018D05,
00018D31,
00018D5E,
00018D8B,
00018DB8,
00018DE5,
00018E12,
00018E3F,
00018E6B,
00018E98,
00018EC5,
00018EF2,
00018F1F,
00018F4C,
00018F79,
00018FA6,
00018FD3,
00019000,
0001902D,
0001905A,
00019087,
000190B5,
000190E2,
0001910F,
0001913C,
00019169,
00019196,
000191C3,
000191F1,
0001921E,
0001924B,
00019278,
000192A6,
000192D3,
00019300,
0001932E,
0001935B,
00019388,
000193B6,
000193E3,
00019410,
0001943E,
0001946B,
00019499,
000194C6,
000194F4,
00019521,
0001954F,
0001957C,
000195AA,
000195D7,
00019605,
00019632,
00019660,
0001968E,
000196BB,
000196E9,
00019716,
00019744,
00019772,
000197A0,
000197CD,
000197FB,
00019829,
00019856,
00019884,
000198B2,
000198E0,
0001990E,
0001993C,
00019969,
00019997,
000199C5,
000199F3,
00019A21,
00019A4F,
00019A7D,
00019AAB,
00019AD9,
00019B07,
00019B35,
00019B63,
00019B91,
00019BBF,
00019BED,
00019C1B,
00019C49,
00019C77,
00019CA6,
00019CD4,
00019D02,
00019D30,
00019D5E,
00019D8C,
00019DBB,
00019DE9,
00019E17,
00019E45,
00019E74,
00019EA2,
00019ED0,
00019EFF,
00019F2D,
00019F5C,
00019F8A,
00019FB8,
00019FE7,
0001A015,
0001A044,
0001A072,
0001A0A1,
0001A0CF,
0001A0FE,
0001A12C,
0001A15B,
0001A189,
0001A1B8,
0001A1E6,
0001A215,
0001A244,
0001A272,
0001A2A1,
0001A2D0,
0001A2FE,
0001A32D,
0001A35C,
0001A38A,
0001A3B9,
0001A3E8,
0001A417,
0001A446,
0001A474,
0001A4A3,
0001A4D2,
0001A501,
0001A530,
0001A55F,
0001A58E,
0001A5BC,
0001A5EB,
0001A61A,
0001A649,
0001A678,
0001A6A7,
0001A6D6,
0001A705,
0001A734,
0001A764,
0001A793,
0001A7C2,
0001A7F1,
0001A820,
0001A84F,
0001A87E,
0001A8AD,
0001A8DD,
0001A90C,
0001A93B,
0001A96A,
0001A99A,
0001A9C9,
0001A9F8,
0001AA27,
0001AA57,
0001AA86,
0001AAB5,
0001AAE5,
0001AB14,
0001AB44,
0001AB73,
0001ABA2,
0001ABD2,
0001AC01,
0001AC31,
0001AC60,
0001AC90,
0001ACBF,
0001ACEF,
0001AD1F,
0001AD4E,
0001AD7E,
0001ADAD,
0001ADDD,
0001AE0D,
0001AE3C,
0001AE6C,
0001AE9C,
0001AECB,
0001AEFB,
0001AF2B,
0001AF5A,
0001AF8A,
0001AFBA,
0001AFEA,
0001B01A,
0001B049,
0001B079,
0001B0A9,
0001B0D9,
0001B109,
0001B139,
0001B169,
0001B199,
0001B1C9,
0001B1F9,
0001B229,
0001B259,
0001B289,
0001B2B9,
0001B2E9,
0001B319,
0001B349,
0001B379,
0001B3A9,
0001B3D9,
0001B409,
0001B43A,
0001B46A,
0001B49A,
0001B4CA,
0001B4FA,
0001B52B,
0001B55B,
0001B58B,
0001B5BC,
0001B5EC,
0001B61C,
0001B64D,
0001B67D,
0001B6AD,
0001B6DE,
0001B70E,
0001B73F,
0001B76F,
0001B79F,
0001B7D0,
0001B800,
0001B831,
0001B861,
0001B892,
0001B8C3,
0001B8F3,
0001B924,
0001B954,
0001B985,
0001B9B6,
0001B9E6,
0001BA17,
0001BA48,
0001BA78,
0001BAA9,
0001BADA,
0001BB0B,
0001BB3B,
0001BB6C,
0001BB9D,
0001BBCE,
0001BBFF,
0001BC2F,
0001BC60,
0001BC91,
0001BCC2,
0001BCF3,
0001BD24,
0001BD55,
0001BD86,
0001BDB7,
0001BDE8,
0001BE19,
0001BE4A,
0001BE7B,
0001BEAC,
0001BEDD,
0001BF0E,
0001BF3F,
0001BF70,
0001BFA1,
0001BFD3,
0001C004,
0001C035,
0001C066,
0001C097,
0001C0C9,
0001C0FA,
0001C12B,
0001C15C,
0001C18E,
0001C1BF,
0001C1F0,
0001C222,
0001C253,
0001C285,
0001C2B6,
0001C2E7,
0001C319,
0001C34A,
0001C37C,
0001C3AD,
0001C3DF,
0001C410,
0001C442,
0001C473,
0001C4A5,
0001C4D6,
0001C508,
0001C53A,
0001C56B,
0001C59D,
0001C5CF,
0001C600,
0001C632,
0001C664,
0001C695,
0001C6C7,
0001C6F9,
0001C72B,
0001C75D,
0001C78E,
0001C7C0,
0001C7F2,
0001C824,
0001C856,
0001C888,
0001C8BA,
0001C8EC,
0001C91D,
0001C94F,
0001C981,
0001C9B3,
0001C9E5,
0001CA17,
0001CA4A,
0001CA7C,
0001CAAE,
0001CAE0,
0001CB12,
0001CB44,
0001CB76,
0001CBA8,
0001CBDA,
0001CC0D,
0001CC3F,
0001CC71,
0001CCA3,
0001CCD6,
0001CD08,
0001CD3A,
0001CD6D,
0001CD9F,
0001CDD1,
0001CE04,
0001CE36,
0001CE68,
0001CE9B,
0001CECD,
0001CF00,
0001CF32,
0001CF65,
0001CF97,
0001CFCA,
0001CFFC,
0001D02F,
0001D061,
0001D094,
0001D0C6,
0001D0F9,
0001D12C,
0001D15E,
0001D191,
0001D1C4,
0001D1F6,
0001D229,
0001D25C,
0001D28E,
0001D2C1,
0001D2F4,
0001D327,
0001D35A,
0001D38C,
0001D3BF,
0001D3F2,
0001D425,
0001D458,
0001D48B,
0001D4BE,
0001D4F1,
0001D524,
0001D557,
0001D58A,
0001D5BD,
0001D5F0,
0001D623,
0001D656,
0001D689,
0001D6BC,
0001D6EF,
0001D722,
0001D755,
0001D788,
0001D7BC,
0001D7EF,
0001D822,
0001D855,
0001D889,
0001D8BC,
0001D8EF,
0001D922,
0001D956,
0001D989,
0001D9BC,
0001D9F0,
0001DA23,
0001DA57,
0001DA8A,
0001DABD,
0001DAF1,
0001DB24,
0001DB58,
0001DB8B,
0001DBBF,
0001DBF2,
0001DC26,
0001DC59,
0001DC8D,
0001DCC1,
0001DCF4,
0001DD28,
0001DD5C,
0001DD8F,
0001DDC3,
0001DDF7,
0001DE2A,
0001DE5E,
0001DE92,
0001DEC6,
0001DEF9,
0001DF2D,
0001DF61,
0001DF95,
0001DFC9,
0001DFFD,
0001E030,
0001E064,
0001E098,
0001E0CC,
0001E100,
0001E134,
0001E168,
0001E19C,
0001E1D0,
0001E204,
0001E238,
0001E26C,
0001E2A0,
0001E2D5,
0001E309,
0001E33D,
0001E371,
0001E3A5,
0001E3D9,
0001E40E,
0001E442,
0001E476,
0001E4AA,
0001E4DF,
0001E513,
0001E547,
0001E57C,
0001E5B0,
0001E5E4,
0001E619,
0001E64D,
0001E681,
0001E6B6,
0001E6EA,
0001E71F,
0001E753,
0001E788,
0001E7BC,
0001E7F1,
0001E825,
0001E85A,
0001E88F,
0001E8C3,
0001E8F8,
0001E92C,
0001E961,
0001E996,
0001E9CA,
0001E9FF,
0001EA34,
0001EA69,
0001EA9D,
0001EAD2,
0001EB07,
0001EB3C,
0001EB71,
0001EBA5,
0001EBDA,
0001EC0F,
0001EC44,
0001EC79,
0001ECAE,
0001ECE3,
0001ED18,
0001ED4D,
0001ED82,
0001EDB7,
0001EDEC,
0001EE21,
0001EE56,
0001EE8B,
0001EEC0,
0001EEF5,
0001EF2A,
0001EF60,
0001EF95,
0001EFCA,
0001EFFF,
0001F034,
0001F06A,
0001F09F,
0001F0D4,
0001F109,
0001F13F,
0001F174,
0001F1A9,
0001F1DF,
0001F214,
0001F24A,
0001F27F,
0001F2B4,
0001F2EA,
0001F31F,
0001F355,
0001F38A,
0001F3C0,
0001F3F5,
0001F42B,
0001F460,
0001F496,
0001F4CC,
0001F501,
0001F537,
0001F56D,
0001F5A2,
0001F5D8,
0001F60E,
0001F643,
0001F679,
0001F6AF,
0001F6E5,
0001F71A,
0001F750,
0001F786,
0001F7BC,
0001F7F2,
0001F828,
0001F85E,
0001F894,
0001F8C9,
0001F8FF,
0001F935,
0001F96B,
0001F9A1,
0001F9D7,
0001FA0D,
0001FA43,
0001FA7A,
0001FAB0,
0001FAE6,
0001FB1C,
0001FB52,
0001FB88,
0001FBBE,
0001FBF5,
0001FC2B,
0001FC61,
0001FC97,
0001FCCE,
0001FD04,
0001FD3A,
0001FD70,
0001FDA7,
0001FDDD,
0001FE13,
0001FE4A,
0001FE80,
0001FEB7,
0001FEED,
0001FF24,
0001FF5A,
0001FF91,
0001FFC7,
0001FFFE,
00020034,
0002006B,
000200A1,
000200D8,
0002010F,
00020145,
0002017C,
000201B2,
000201E9,
00020220,
00020257,
0002028D,
000202C4,
000202FB,
00020332,
00020368,
0002039F,
000203D6,
0002040D,
00020444,
0002047B,
000204B2,
000204E9,
00020520,
00020557,
0002058E,
000205C5,
000205FC,
00020633,
0002066A,
000206A1,
000206D8,
0002070F,
00020746,
0002077D,
000207B4,
000207EC,
00020823,
0002085A,
00020891,
000208C9,
00020900,
00020937,
0002096E,
000209A6,
000209DD,
00020A14,
00020A4C,
00020A83,
00020ABB,
00020AF2,
00020B29,
00020B61,
00020B98,
00020BD0,
00020C07,
00020C3F,
00020C77,
00020CAE,
00020CE6,
00020D1D,
00020D55,
00020D8D,
00020DC4,
00020DFC,
00020E34,
00020E6B,
00020EA3,
00020EDB,
00020F13,
00020F4A,
00020F82,
00020FBA,
00020FF2,
0002102A,
00021062,
00021099,
000210D1,
00021109,
00021141,
00021179,
000211B1,
000211E9,
00021221,
00021259,
00021291,
000212C9,
00021301,
0002133A,
00021372,
000213AA,
000213E2,
0002141A,
00021452,
0002148B,
000214C3,
000214FB,
00021533,
0002156C,
000215A4,
000215DC,
00021615,
0002164D,
00021685,
000216BE,
000216F6,
0002172F,
00021767,
0002179F,
000217D8,
00021810,
00021849,
00021882,
000218BA,
000218F3,
0002192B,
00021964,
0002199C,
000219D5,
00021A0E,
00021A46,
00021A7F,
00021AB8,
00021AF1,
00021B29,
00021B62,
00021B9B,
00021BD4,
00021C0D,
00021C45,
00021C7E,
00021CB7,
00021CF0,
00021D29,
00021D62,
00021D9B,
00021DD4,
00021E0D,
00021E46,
00021E7F,
00021EB8,
00021EF1,
00021F2A,
00021F63,
00021F9C,
00021FD5,
0002200F,
00022048,
00022081,
000220BA,
000220F3,
0002212D,
00022166,
0002219F,
000221D8,
00022212,
0002224B,
00022284,
000222BE,
000222F7,
00022331,
0002236A,
000223A3,
000223DD,
00022416,
00022450,
00022489,
000224C3,
000224FD,
00022536,
00022570,
000225A9,
000225E3,
0002261D,
00022656,
00022690,
000226CA,
00022703,
0002273D,
00022777,
000227B1,
000227EA,
00022824,
0002285E,
00022898,
000228D2,
0002290C,
00022946,
0002297F,
000229B9,
000229F3,
00022A2D,
00022A67,
00022AA1,
00022ADB,
00022B15,
00022B4F,
00022B8A,
00022BC4,
00022BFE,
00022C38,
00022C72,
00022CAC,
00022CE6,
00022D21,
00022D5B,
00022D95,
00022DCF,
00022E0A,
00022E44,
00022E7E,
00022EB9,
00022EF3,
00022F2D,
00022F68,
00022FA2,
00022FDD,
00023017,
00023052,
0002308C,
000230C7,
00023101,
0002313C,
00023176,
000231B1,
000231EB,
00023226,
00023261,
0002329B,
000232D6,
00023311,
0002334B,
00023386,
000233C1,
000233FC,
00023436,
00023471,
000234AC,
000234E7,
00023522,
0002355D,
00023597,
000235D2,
0002360D,
00023648,
00023683,
000236BE,
000236F9,
00023734,
0002376F,
000237AA,
000237E5,
00023820,
0002385C,
00023897,
000238D2,
0002390D,
00023948,
00023983,
000239BF,
000239FA,
00023A35,
00023A70,
00023AAC,
00023AE7,
00023B22,
00023B5E,
00023B99,
00023BD5,
00023C10,
00023C4B,
00023C87,
00023CC2,
00023CFE,
00023D39,
00023D75,
00023DB0,
00023DEC,
00023E28,
00023E63,
00023E9F,
00023EDA,
00023F16,
00023F52,
00023F8D,
00023FC9,
00024005,
00024041,
0002407C,
000240B8,
000240F4,
00024130,
0002416C,
000241A8,
000241E3,
0002421F,
0002425B,
00024297,
000242D3,
0002430F,
0002434B,
00024387,
000243C3,
000243FF,
0002443B,
00024477,
000244B3,
000244F0,
0002452C,
00024568,
000245A4,
000245E0,
0002461C,
00024659,
00024695,
000246D1,
0002470E,
0002474A,
00024786,
000247C3,
000247FF,
0002483B,
00024878,
000248B4,
000248F1,
0002492D,
0002496A,
000249A6,
000249E3,
00024A1F,
00024A5C,
00024A98,
00024AD5,
00024B11,
00024B4E,
00024B8B,
00024BC7,
00024C04,
00024C41,
00024C7E,
00024CBA,
00024CF7,
00024D34,
00024D71,
00024DAD,
00024DEA,
00024E27,
00024E64,
00024EA1,
00024EDE,
00024F1B,
00024F58,
00024F95,
00024FD2,
0002500F,
0002504C,
00025089,
000250C6,
00025103,
00025140,
0002517D,
000251BA,
000251F7,
00025235,
00025272,
000252AF,
000252EC,
0002532A,
00025367,
000253A4,
000253E1,
0002541F,
0002545C,
0002549A,
000254D7,
00025514,
00025552,
0002558F,
000255CD,
0002560A,
00025648,
00025685,
000256C3,
00025700,
0002573E,
0002577B,
000257B9,
000257F7,
00025834,
00025872,
000258B0,
000258EE,
0002592B,
00025969,
000259A7,
000259E5,
00025A22,
00025A60,
00025A9E,
00025ADC,
00025B1A,
00025B58,
00025B96,
00025BD4,
00025C12,
00025C50,
00025C8E,
00025CCC,
00025D0A,
00025D48,
00025D86,
00025DC4,
00025E02,
00025E40,
00025E7E,
00025EBC,
00025EFB,
00025F39,
00025F77,
00025FB5,
00025FF4,
00026032,
00026070,
000260AF,
000260ED,
0002612B,
0002616A,
000261A8,
000261E7,
00026225,
00026263,
000262A2,
000262E0,
0002631F,
0002635D,
0002639C,
000263DB,
00026419,
00026458,
00026496,
000264D5,
00026514,
00026553,
00026591,
000265D0,
0002660F,
0002664D,
0002668C,
000266CB,
0002670A,
00026749,
00026788,
000267C7,
00026805,
00026844,
00026883,
000268C2,
00026901,
00026940,
0002697F,
000269BE,
000269FD,
00026A3D,
00026A7C,
00026ABB,
00026AFA,
00026B39,
00026B78,
00026BB7,
00026BF7,
00026C36,
00026C75,
00026CB4,
00026CF4,
00026D33,
00026D72,
00026DB2,
00026DF1,
00026E31,
00026E70,
00026EAF,
00026EEF,
00026F2E,
00026F6E,
00026FAD,
00026FED,
0002702C,
0002706C,
000270AC,
000270EB,
0002712B,
0002716A,
000271AA,
000271EA,
00027229,
00027269,
000272A9,
000272E9,
00027329,
00027368,
000273A8,
000273E8,
00027428,
00027468,
000274A8,
000274E8,
00027527,
00027567,
000275A7,
000275E7,
00027627,
00027668,
000276A8,
000276E8,
00027728,
00027768,
000277A8,
000277E8,
00027828,
00027869,
000278A9,
000278E9,
00027929,
0002796A,
000279AA,
000279EA,
00027A2A,
00027A6B,
00027AAB,
00027AEC,
00027B2C,
00027B6C,
00027BAD,
00027BED,
00027C2E,
00027C6E,
00027CAF,
00027CEF,
00027D30,
00027D71,
00027DB1,
00027DF2,
00027E32,
00027E73,
00027EB4,
00027EF5,
00027F35,
00027F76,
00027FB7,
00027FF8,
00028038,
00028079,
000280BA,
000280FB,
0002813C,
0002817D,
000281BE,
000281FF,
00028240,
00028281,
000282C2,
00028303,
00028344,
00028385,
000283C6,
00028407,
00028448,
00028489,
000284CA,
0002850C,
0002854D,
0002858E,
000285CF,
00028610,
00028652,
00028693,
000286D4,
00028716,
00028757,
00028798,
000287DA,
0002881B,
0002885D,
0002889E,
000288E0,
00028921,
00028963,
000289A4,
000289E6,
00028A27,
00028A69,
00028AAB,
00028AEC,
00028B2E,
00028B70,
00028BB1,
00028BF3,
00028C35,
00028C77,
00028CB8,
00028CFA,
00028D3C,
00028D7E,
00028DC0,
00028E01,
00028E43,
00028E85,
00028EC7,
00028F09,
00028F4B,
00028F8D,
00028FCF,
00029011,
00029053,
00029095,
000290D8,
0002911A,
0002915C,
0002919E,
000291E0,
00029222,
00029265,
000292A7,
000292E9,
0002932B,
0002936E,
000293B0,
000293F2,
00029435,
00029477,
000294B9,
000294FC,
0002953E,
00029581,
000295C3,
00029606,
00029648,
0002968B,
000296CD,
00029710,
00029753,
00029795,
000297D8,
0002981A,
0002985D,
000298A0,
000298E3,
00029925,
00029968,
000299AB,
000299EE,
00029A31,
00029A73,
00029AB6,
00029AF9,
00029B3C,
00029B7F,
00029BC2,
00029C05,
00029C48,
00029C8B,
00029CCE,
00029D11,
00029D54,
00029D97,
00029DDA,
00029E1D,
00029E60,
00029EA4,
00029EE7,
00029F2A,
00029F6D,
00029FB1,
00029FF4,
0002A037,
0002A07A,
0002A0BE,
0002A101,
0002A144,
0002A188,
0002A1CB,
0002A20F,
0002A252,
0002A296,
0002A2D9,
0002A31D,
0002A360,
0002A3A4,
0002A3E7,
0002A42B,
0002A46E,
0002A4B2,
0002A4F6,
0002A539,
0002A57D,
0002A5C1,
0002A605,
0002A648,
0002A68C,
0002A6D0,
0002A714,
0002A758,
0002A79B,
0002A7DF,
0002A823,
0002A867,
0002A8AB,
0002A8EF,
0002A933,
0002A977,
0002A9BB,
0002A9FF,
0002AA43,
0002AA87,
0002AACB,
0002AB0F,
0002AB54,
0002AB98,
0002ABDC,
0002AC20,
0002AC64,
0002ACA9,
0002ACED,
0002AD31,
0002AD76,
0002ADBA,
0002ADFE,
0002AE43,
0002AE87,
0002AECB,
0002AF10,
0002AF54,
0002AF99,
0002AFDD,
0002B022,
0002B066,
0002B0AB,
0002B0EF,
0002B134,
0002B179,
0002B1BD,
0002B202,
0002B247,
0002B28B,
0002B2D0,
0002B315,
0002B35A,
0002B39E,
0002B3E3,
0002B428,
0002B46D,
0002B4B2,
0002B4F7,
0002B53B,
0002B580,
0002B5C5,
0002B60A,
0002B64F,
0002B694,
0002B6D9,
0002B71E,
0002B763,
0002B7A9,
0002B7EE,
0002B833,
0002B878,
0002B8BD,
0002B902,
0002B947,
0002B98D,
0002B9D2,
0002BA17,
0002BA5D,
0002BAA2,
0002BAE7,
0002BB2D,
0002BB72,
0002BBB7,
0002BBFD,
0002BC42,
0002BC88,
0002BCCD,
0002BD13,
0002BD58,
0002BD9E,
0002BDE3,
0002BE29,
0002BE6E,
0002BEB4,
0002BEFA,
0002BF3F,
0002BF85,
0002BFCB,
0002C011,
0002C056,
0002C09C,
0002C0E2,
0002C128,
0002C16E,
0002C1B3,
0002C1F9,
0002C23F,
0002C285,
0002C2CB,
0002C311,
0002C357,
0002C39D,
0002C3E3,
0002C429,
0002C46F,
0002C4B5,
0002C4FB,
0002C541,
0002C588,
0002C5CE,
0002C614,
0002C65A,
0002C6A0,
0002C6E7,
0002C72D,
0002C773,
0002C7BA,
0002C800,
0002C846,
0002C88D,
0002C8D3,
0002C919,
0002C960,
0002C9A6,
0002C9ED,
0002CA33,
0002CA7A,
0002CAC0,
0002CB07,
0002CB4E,
0002CB94,
0002CBDB,
0002CC21,
0002CC68,
0002CCAF,
0002CCF5,
0002CD3C,
0002CD83,
0002CDCA,
0002CE11,
0002CE57,
0002CE9E,
0002CEE5,
0002CF2C,
0002CF73,
0002CFBA,
0002D001,
0002D048,
0002D08F,
0002D0D6,
0002D11D,
0002D164,
0002D1AB,
0002D1F2,
0002D239,
0002D280,
0002D2C7,
0002D30E,
0002D356,
0002D39D,
0002D3E4,
0002D42B,
0002D473,
0002D4BA,
0002D501,
0002D549,
0002D590,
0002D5D7,
0002D61F,
0002D666,
0002D6AE,
0002D6F5,
0002D73D,
0002D784,
0002D7CC,
0002D813,
0002D85B,
0002D8A2,
0002D8EA,
0002D932,
0002D979,
0002D9C1,
0002DA09,
0002DA50,
0002DA98,
0002DAE0,
0002DB28,
0002DB70,
0002DBB7,
0002DBFF,
0002DC47,
0002DC8F,
0002DCD7,
0002DD1F,
0002DD67,
0002DDAF,
0002DDF7,
0002DE3F,
0002DE87,
0002DECF,
0002DF17,
0002DF5F,
0002DFA7,
0002DFEF,
0002E038,
0002E080,
0002E0C8,
0002E110,
0002E158,
0002E1A1,
0002E1E9,
0002E231,
0002E27A,
0002E2C2,
0002E30A,
0002E353,
0002E39B,
0002E3E4,
0002E42C,
0002E475,
0002E4BD,
0002E506,
0002E54E,
0002E597,
0002E5DF,
0002E628,
0002E671,
0002E6B9,
0002E702,
0002E74B,
0002E793,
0002E7DC,
0002E825,
0002E86E,
0002E8B6,
0002E8FF,
0002E948,
0002E991,
0002E9DA,
0002EA23,
0002EA6C,
0002EAB5,
0002EAFE,
0002EB47,
0002EB90,
0002EBD9,
0002EC22,
0002EC6B,
0002ECB4,
0002ECFD,
0002ED46,
0002ED90,
0002EDD9,
0002EE22,
0002EE6B,
0002EEB4,
0002EEFE,
0002EF47,
0002EF90,
0002EFDA,
0002F023,
0002F06C,
0002F0B6,
0002F0FF,
0002F149,
0002F192,
0002F1DC,
0002F225,
0002F26F,
0002F2B8,
0002F302,
0002F34B,
0002F395,
0002F3DF,
0002F428,
0002F472,
0002F4BC,
0002F506,
0002F54F,
0002F599,
0002F5E3,
0002F62D,
0002F677,
0002F6C0,
0002F70A,
0002F754,
0002F79E,
0002F7E8,
0002F832,
0002F87C,
0002F8C6,
0002F910,
0002F95A,
0002F9A4,
0002F9EE,
0002FA38,
0002FA83,
0002FACD,
0002FB17,
0002FB61,
0002FBAB,
0002FBF6,
0002FC40,
0002FC8A,
0002FCD4,
0002FD1F,
0002FD69,
0002FDB4,
0002FDFE,
0002FE48,
0002FE93,
0002FEDD,
0002FF28,
0002FF72,
0002FFBD,
00030007,
00030052,
0003009C,
000300E7,
00030132,
0003017C,
000301C7,
00030212,
0003025D,
000302A7,
000302F2,
0003033D,
00030388,
000303D2,
0003041D,
00030468,
000304B3,
000304FE,
00030549,
00030594,
000305DF,
0003062A,
00030675,
000306C0,
0003070B,
00030756,
000307A1,
000307EC,
00030838,
00030883,
000308CE,
00030919,
00030965,
000309B0,
000309FB,
00030A46,
00030A92,
00030ADD,
00030B28,
00030B74,
00030BBF,
00030C0B,
00030C56,
00030CA2,
00030CED,
00030D39,
00030D84,
00030DD0,
00030E1B,
00030E67,
00030EB3,
00030EFE,
00030F4A,
00030F96,
00030FE2,
0003102D,
00031079,
000310C5,
00031111,
0003115D,
000311A8,
000311F4,
00031240,
0003128C,
000312D8,
00031324,
00031370,
000313BC,
00031408,
00031454,
000314A0,
000314EC,
00031538,
00031585,
000315D1,
0003161D,
00031669,
000316B5,
00031702,
0003174E,
0003179A,
000317E7,
00031833,
0003187F,
000318CC,
00031918,
00031965,
000319B1,
000319FE,
00031A4A,
00031A97,
00031AE3,
00031B30,
00031B7C,
00031BC9,
00031C16,
00031C62,
00031CAF,
00031CFC,
00031D48,
00031D95,
00031DE2,
00031E2F,
00031E7B,
00031EC8,
00031F15,
00031F62,
00031FAF,
00031FFC,
00032049,
00032096,
000320E3,
00032130,
0003217D,
000321CA,
00032217,
00032264,
000322B1,
000322FE,
0003234B,
00032399,
000323E6,
00032433,
00032480,
000324CE,
0003251B,
00032568,
000325B6,
00032603,
00032650,
0003269E,
000326EB,
00032739,
00032786,
000327D4,
00032821,
0003286F,
000328BC,
0003290A,
00032957,
000329A5,
000329F3,
00032A40,
00032A8E,
00032ADC,
00032B2A,
00032B77,
00032BC5,
00032C13,
00032C61,
00032CAF,
00032CFC,
00032D4A,
00032D98,
00032DE6,
00032E34,
00032E82,
00032ED0,
00032F1E,
00032F6C,
00032FBA,
00033009,
00033057,
000330A5,
000330F3,
00033141,
0003318F,
000331DE,
0003322C,
0003327A,
000332C8,
00033317,
00033365,
000333B4,
00033402,
00033450,
0003349F,
000334ED,
0003353C,
0003358A,
000335D9,
00033627,
00033676,
000336C4,
00033713,
00033762,
000337B0,
000337FF,
0003384E,
0003389D,
000338EB,
0003393A,
00033989,
000339D8,
00033A27,
00033A75,
00033AC4,
00033B13,
00033B62,
00033BB1,
00033C00,
00033C4F,
00033C9E,
00033CED,
00033D3C,
00033D8B,
00033DDA,
00033E2A,
00033E79,
00033EC8,
00033F17,
00033F66,
00033FB6,
00034005,
00034054,
000340A3,
000340F3,
00034142,
00034192,
000341E1,
00034230,
00034280,
000342CF,
0003431F,
0003436E,
000343BE,
0003440D,
0003445D,
000344AD,
000344FC,
0003454C,
0003459C,
000345EB,
0003463B,
0003468B,
000346DB,
0003472A,
0003477A,
000347CA,
0003481A,
0003486A,
000348BA,
0003490A,
0003495A,
000349AA,
000349FA,
00034A4A,
00034A9A,
00034AEA,
00034B3A,
00034B8A,
00034BDA,
00034C2A,
00034C7A,
00034CCB,
00034D1B,
00034D6B,
00034DBB,
00034E0C,
00034E5C,
00034EAC,
00034EFD,
00034F4D,
00034F9D,
00034FEE,
0003503E,
0003508F,
000350DF,
00035130,
00035180,
000351D1,
00035222,
00035272,
000352C3,
00035313,
00035364,
000353B5,
00035406,
00035456,
000354A7,
000354F8,
00035549,
0003559A,
000355EA,
0003563B,
0003568C,
000356DD,
0003572E,
0003577F,
000357D0,
00035821,
00035872,
000358C3,
00035914,
00035966,
000359B7,
00035A08,
00035A59,
00035AAA,
00035AFB,
00035B4D,
00035B9E,
00035BEF,
00035C41,
00035C92,
00035CE3,
00035D35,
00035D86,
00035DD8,
00035E29,
00035E7B,
00035ECC,
00035F1E,
00035F6F,
00035FC1,
00036012,
00036064,
000360B6,
00036107,
00036159,
000361AB,
000361FC,
0003624E,
000362A0,
000362F2,
00036344,
00036395,
000363E7,
00036439,
0003648B,
000364DD,
0003652F,
00036581,
000365D3,
00036625,
00036677,
000366C9,
0003671B,
0003676E,
000367C0,
00036812,
00036864,
000368B6,
00036909,
0003695B,
000369AD,
000369FF,
00036A52,
00036AA4,
00036AF7,
00036B49,
00036B9B,
00036BEE,
00036C40,
00036C93,
00036CE5,
00036D38,
00036D8A,
00036DDD,
00036E30,
00036E82,
00036ED5,
00036F28,
00036F7A,
00036FCD,
00037020,
00037073,
000370C5,
00037118,
0003716B,
000371BE,
00037211,
00037264,
000372B7,
0003730A,
0003735D,
000373B0,
00037403,
00037456,
000374A9,
000374FC,
0003754F,
000375A2,
000375F6,
00037649,
0003769C,
000376EF,
00037743,
00037796,
000377E9,
0003783C,
00037890,
000378E3,
00037937,
0003798A,
000379DE,
00037A31,
00037A85,
00037AD8,
00037B2C,
00037B7F,
00037BD3,
00037C26,
00037C7A,
00037CCE,
00037D21,
00037D75,
00037DC9,
00037E1D,
00037E70,
00037EC4,
00037F18,
00037F6C,
00037FC0,
00038014,
00038068,
000380BC,
00038110,
00038164,
000381B8,
0003820C,
00038260,
000382B4,
00038308,
0003835C,
000383B0,
00038404,
00038459,
000384AD,
00038501,
00038555,
000385AA,
000385FE,
00038652,
000386A7,
000386FB,
00038750,
000387A4,
000387F8,
0003884D,
000388A1,
000388F6,
0003894B,
0003899F,
000389F4,
00038A48,
00038A9D,
00038AF2,
00038B46,
00038B9B,
00038BF0,
00038C45,
00038C9A,
00038CEE,
00038D43,
00038D98,
00038DED,
00038E42,
00038E97,
00038EEC,
00038F41,
00038F96,
00038FEB,
00039040,
00039095,
000390EA,
0003913F,
00039194,
000391EA,
0003923F,
00039294,
000392E9,
0003933E,
00039394,
000393E9,
0003943E,
00039494,
000394E9,
0003953F,
00039594,
000395E9,
0003963F,
00039694,
000396EA,
00039740,
00039795,
000397EB,
00039840,
00039896,
000398EC,
00039941,
00039997,
000399ED,
00039A43,
00039A98,
00039AEE,
00039B44,
00039B9A,
00039BF0,
00039C46,
00039C9C,
00039CF2,
00039D48,
00039D9E,
00039DF4,
00039E4A,
00039EA0,
00039EF6,
00039F4C,
00039FA2,
00039FF8,
0003A04F,
0003A0A5,
0003A0FB,
0003A151,
0003A1A8,
0003A1FE,
0003A254,
0003A2AB,
0003A301,
0003A358,
0003A3AE,
0003A404,
0003A45B,
0003A4B1,
0003A508,
0003A55F,
0003A5B5,
0003A60C,
0003A662,
0003A6B9,
0003A710,
0003A766,
0003A7BD,
0003A814,
0003A86B,
0003A8C1,
0003A918,
0003A96F,
0003A9C6,
0003AA1D,
0003AA74,
0003AACB,
0003AB22,
0003AB79,
0003ABD0,
0003AC27,
0003AC7E,
0003ACD5,
0003AD2C,
0003AD83,
0003ADDA,
0003AE31,
0003AE89,
0003AEE0,
0003AF37,
0003AF8E,
0003AFE6,
0003B03D,
0003B094,
0003B0EC,
0003B143,
0003B19B,
0003B1F2,
0003B24A,
0003B2A1,
0003B2F9,
0003B350,
0003B3A8,
0003B3FF,
0003B457,
0003B4AF,
0003B506,
0003B55E,
0003B5B6,
0003B60D,
0003B665,
0003B6BD,
0003B715,
0003B76D,
0003B7C4,
0003B81C,
0003B874,
0003B8CC,
0003B924,
0003B97C,
0003B9D4,
0003BA2C,
0003BA84,
0003BADC,
0003BB34,
0003BB8C,
0003BBE5,
0003BC3D,
0003BC95,
0003BCED,
0003BD45,
0003BD9E,
0003BDF6,
0003BE4E,
0003BEA7,
0003BEFF,
0003BF57,
0003BFB0,
0003C008,
0003C061,
0003C0B9,
0003C112,
0003C16A,
0003C1C3,
0003C21B,
0003C274,
0003C2CD,
0003C325,
0003C37E,
0003C3D7,
0003C42F,
0003C488,
0003C4E1,
0003C53A,
0003C593,
0003C5EB,
0003C644,
0003C69D,
0003C6F6,
0003C74F,
0003C7A8,
0003C801,
0003C85A,
0003C8B3,
0003C90C,
0003C965,
0003C9BE,
0003CA18,
0003CA71,
0003CACA,
0003CB23,
0003CB7C,
0003CBD6,
0003CC2F,
0003CC88,
0003CCE2,
0003CD3B,
0003CD94,
0003CDEE,
0003CE47,
0003CEA1,
0003CEFA,
0003CF54,
0003CFAD,
0003D007,
0003D060,
0003D0BA,
0003D114,
0003D16D,
0003D1C7,
0003D221,
0003D27A,
0003D2D4,
0003D32E,
0003D388,
0003D3E2,
0003D43B,
0003D495,
0003D4EF,
0003D549,
0003D5A3,
0003D5FD,
0003D657,
0003D6B1,
0003D70B,
0003D765,
0003D7BF,
0003D819,
0003D874,
0003D8CE,
0003D928,
0003D982,
0003D9DC,
0003DA37,
0003DA91,
0003DAEB,
0003DB46,
0003DBA0,
0003DBFA,
0003DC55,
0003DCAF,
0003DD0A,
0003DD64,
0003DDBF,
0003DE19,
0003DE74,
0003DECF,
0003DF29,
0003DF84,
0003DFDE,
0003E039,
0003E094,
0003E0EF,
0003E149,
0003E1A4,
0003E1FF,
0003E25A,
0003E2B5,
0003E310,
0003E36B,
0003E3C5,
0003E420,
0003E47B,
0003E4D6,
0003E531,
0003E58D,
0003E5E8,
0003E643,
0003E69E,
0003E6F9,
0003E754,
0003E7AF,
0003E80B,
0003E866,
0003E8C1,
0003E91C,
0003E978,
0003E9D3,
0003EA2F,
0003EA8A,
0003EAE5,
0003EB41,
0003EB9C,
0003EBF8,
0003EC53,
0003ECAF,
0003ED0B,
0003ED66,
0003EDC2,
0003EE1D,
0003EE79,
0003EED5,
0003EF31,
0003EF8C,
0003EFE8,
0003F044,
0003F0A0,
0003F0FC,
0003F157,
0003F1B3,
0003F20F,
0003F26B,
0003F2C7,
0003F323,
0003F37F,
0003F3DB,
0003F437,
0003F494,
0003F4F0,
0003F54C,
0003F5A8,
0003F604,
0003F660,
0003F6BD,
0003F719,
0003F775,
0003F7D2,
0003F82E,
0003F88A,
0003F8E7,
0003F943,
0003F9A0,
0003F9FC,
0003FA59,
0003FAB5,
0003FB12,
0003FB6E,
0003FBCB,
0003FC27,
0003FC84,
0003FCE1,
0003FD3E,
0003FD9A,
0003FDF7,
0003FE54,
0003FEB1,
0003FF0D,
0003FF6A,
0003FFC7,
00040024,
00040081,
000400DE,
0004013B,
00040198,
000401F5,
00040252,
000402AF,
0004030C,
00040369,
000403C6,
00040424,
00040481,
000404DE,
0004053B,
00040599,
000405F6,
00040653,
000406B1,
0004070E,
0004076B,
000407C9,
00040826,
00040884,
000408E1,
0004093F,
0004099C,
000409FA,
00040A58,
00040AB5,
00040B13,
00040B71,
00040BCE,
00040C2C,
00040C8A,
00040CE8,
00040D45,
00040DA3,
00040E01,
00040E5F,
00040EBD,
00040F1B,
00040F79,
00040FD7,
00041035,
00041093,
000410F1,
0004114F,
000411AD,
0004120B,
00041269,
000412C8,
00041326,
00041384,
000413E2,
00041441,
0004149F,
000414FD,
0004155C,
000415BA,
00041618,
00041677,
000416D5,
00041734,
00041792,
000417F1,
0004184F,
000418AE,
0004190D,
0004196B,
000419CA,
00041A29,
00041A87,
00041AE6,
00041B45,
00041BA4,
00041C02,
00041C61,
00041CC0,
00041D1F,
00041D7E,
00041DDD,
00041E3C,
00041E9B,
00041EFA,
00041F59,
00041FB8,
00042017,
00042076,
000420D5,
00042135,
00042194,
000421F3,
00042252,
000422B2,
00042311,
00042370,
000423D0,
0004242F,
0004248E,
000424EE,
0004254D,
000425AD,
0004260C,
0004266C,
000426CB,
0004272B,
0004278B,
000427EA,
0004284A,
000428AA,
00042909,
00042969,
000429C9,
00042A29,
00042A88,
00042AE8,
00042B48,
00042BA8,
00042C08,
00042C68,
00042CC8,
00042D28,
00042D88,
00042DE8,
00042E48,
00042EA8,
00042F08,
00042F68,
00042FC8,
00043029,
00043089,
000430E9,
00043149,
000431AA,
0004320A,
0004326A,
000432CB,
0004332B,
0004338C,
000433EC,
0004344D,
000434AD,
0004350E,
0004356E,
000435CF,
0004362F,
00043690,
000436F1,
00043751,
000437B2,
00043813,
00043873,
000438D4,
00043935,
00043996,
000439F7,
00043A58,
00043AB9,
00043B1A,
00043B7B,
00043BDC,
00043C3D,
00043C9E,
00043CFF,
00043D60,
00043DC1,
00043E22,
00043E83,
00043EE4,
00043F46,
00043FA7,
00044008,
00044069,
000440CB,
0004412C,
0004418E,
000441EF,
00044250,
000442B2,
00044313,
00044375,
000443D6,
00044438,
0004449A,
000444FB,
0004455D,
000445BE,
00044620,
00044682,
000446E4,
00044745,
000447A7,
00044809,
0004486B,
000448CD,
0004492F,
00044991,
000449F2,
00044A54,
00044AB6,
00044B18,
00044B7B,
00044BDD,
00044C3F,
00044CA1,
00044D03,
00044D65,
00044DC7,
00044E2A,
00044E8C,
00044EEE,
00044F50,
00044FB3,
00045015,
00045078,
000450DA,
0004513C,
0004519F,
00045201,
00045264,
000452C6,
00045329,
0004538C,
000453EE,
00045451,
000454B4,
00045516,
00045579,
000455DC,
0004563F,
000456A1,
00045704,
00045767,
000457CA,
0004582D,
00045890,
000458F3,
00045956,
000459B9,
00045A1C,
00045A7F,
00045AE2,
00045B45,
00045BA8,
00045C0B,
00045C6F,
00045CD2,
00045D35,
00045D98,
00045DFC,
00045E5F,
00045EC2,
00045F26,
00045F89,
00045FED,
00046050,
000460B4,
00046117,
0004617B,
000461DE,
00046242,
000462A5,
00046309,
0004636D,
000463D0,
00046434,
00046498,
000464FC,
0004655F,
000465C3,
00046627,
0004668B,
000466EF,
00046753,
000467B7,
0004681B,
0004687F,
000468E3,
00046947,
000469AB,
00046A0F,
00046A73,
00046AD7,
00046B3C,
00046BA0,
00046C04,
00046C68,
00046CCD,
00046D31,
00046D95,
00046DFA,
00046E5E,
00046EC3,
00046F27,
00046F8B,
00046FF0,
00047054,
000470B9,
0004711E,
00047182,
000471E7,
0004724C,
000472B0,
00047315,
0004737A,
000473DF,
00047443,
000474A8,
0004750D,
00047572,
000475D7,
0004763C,
000476A1,
00047706,
0004776B,
000477D0,
00047835,
0004789A,
000478FF,
00047964,
000479C9,
00047A2E,
00047A94,
00047AF9,
00047B5E,
00047BC4,
00047C29,
00047C8E,
00047CF4,
00047D59,
00047DBE,
00047E24,
00047E89,
00047EEF,
00047F54,
00047FBA,
00048020,
00048085,
000480EB,
00048151,
000481B6,
0004821C,
00048282,
000482E7,
0004834D,
000483B3,
00048419,
0004847F,
000484E5,
0004854B,
000485B1,
00048617,
0004867D,
000486E3,
00048749,
000487AF,
00048815,
0004887B,
000488E1,
00048948,
000489AE,
00048A14,
00048A7A,
00048AE1,
00048B47,
00048BAD,
00048C14,
00048C7A,
00048CE1,
00048D47,
00048DAE,
00048E14,
00048E7B,
00048EE1,
00048F48,
00048FAE,
00049015,
0004907C,
000490E3,
00049149,
000491B0,
00049217,
0004927E,
000492E4,
0004934B,
000493B2,
00049419,
00049480,
000494E7,
0004954E,
000495B5,
0004961C,
00049683,
000496EA,
00049752,
000497B9,
00049820,
00049887,
000498EE,
00049956,
000499BD,
00049A24,
00049A8C,
00049AF3,
00049B5A,
00049BC2,
00049C29,
00049C91,
00049CF8,
00049D60,
00049DC7,
00049E2F,
00049E97,
00049EFE,
00049F66,
00049FCE,
0004A035,
0004A09D,
0004A105,
0004A16D,
0004A1D5,
0004A23C,
0004A2A4,
0004A30C,
0004A374,
0004A3DC,
0004A444,
0004A4AC,
0004A514,
0004A57C,
0004A5E4,
0004A64C,
0004A6B5,
0004A71D,
0004A785,
0004A7ED,
0004A856,
0004A8BE,
0004A926,
0004A98E,
0004A9F7,
0004AA5F,
0004AAC8,
0004AB30,
0004AB99,
0004AC01,
0004AC6A,
0004ACD2,
0004AD3B,
0004ADA3,
0004AE0C,
0004AE75,
0004AEDD,
0004AF46,
0004AFAF,
0004B018,
0004B081,
0004B0E9,
0004B152,
0004B1BB,
0004B224,
0004B28D,
0004B2F6,
0004B35F,
0004B3C8,
0004B431,
0004B49A,
0004B503,
0004B56C,
0004B5D5,
0004B63F,
0004B6A8,
0004B711,
0004B77A,
0004B7E4,
0004B84D,
0004B8B6,
0004B920,
0004B989,
0004B9F3,
0004BA5C,
0004BAC5,
0004BB2F,
0004BB98,
0004BC02,
0004BC6C,
0004BCD5,
0004BD3F,
0004BDA9,
0004BE12,
0004BE7C,
0004BEE6,
0004BF50,
0004BFB9,
0004C023,
0004C08D,
0004C0F7,
0004C161,
0004C1CB,
0004C235,
0004C29F,
0004C309,
0004C373,
0004C3DD,
0004C447,
0004C4B1,
0004C51B,
0004C586,
0004C5F0,
0004C65A,
0004C6C4,
0004C72F,
0004C799,
0004C803,
0004C86E,
0004C8D8,
0004C942,
0004C9AD,
0004CA17,
0004CA82,
0004CAEC,
0004CB57,
0004CBC2,
0004CC2C,
0004CC97,
0004CD02,
0004CD6C,
0004CDD7,
0004CE42,
0004CEAD,
0004CF17,
0004CF82,
0004CFED,
0004D058,
0004D0C3,
0004D12E,
0004D199,
0004D204,
0004D26F,
0004D2DA,
0004D345,
0004D3B0,
0004D41B,
0004D487,
0004D4F2,
0004D55D,
0004D5C8,
0004D633,
0004D69F,
0004D70A,
0004D776,
0004D7E1,
0004D84C,
0004D8B8,
0004D923,
0004D98F,
0004D9FA,
0004DA66,
0004DAD1,
0004DB3D,
0004DBA9,
0004DC14,
0004DC80,
0004DCEC,
0004DD58,
0004DDC3,
0004DE2F,
0004DE9B,
0004DF07,
0004DF73,
0004DFDF,
0004E04B,
0004E0B6,
0004E122,
0004E18F,
0004E1FB,
0004E267,
0004E2D3,
0004E33F,
0004E3AB,
0004E417,
0004E483,
0004E4F0,
0004E55C,
0004E5C8,
0004E635,
0004E6A1,
0004E70D,
0004E77A,
0004E7E6,
0004E853,
0004E8BF,
0004E92C,
0004E998,
0004EA05,
0004EA71,
0004EADE,
0004EB4B,
0004EBB7,
0004EC24,
0004EC91,
0004ECFE,
0004ED6A,
0004EDD7,
0004EE44,
0004EEB1,
0004EF1E,
0004EF8B,
0004EFF8,
0004F065,
0004F0D2,
0004F13F,
0004F1AC,
0004F219,
0004F286,
0004F2F3,
0004F360,
0004F3CE,
0004F43B,
0004F4A8,
0004F515,
0004F583,
0004F5F0,
0004F65E,
0004F6CB,
0004F738,
0004F7A6,
0004F813,
0004F881,
0004F8EE,
0004F95C,
0004F9CA,
0004FA37,
0004FAA5,
0004FB13,
0004FB80,
0004FBEE,
0004FC5C,
0004FCCA,
0004FD37,
0004FDA5,
0004FE13,
0004FE81,
0004FEEF,
0004FF5D,
0004FFCB,
00050039,
000500A7,
00050115,
00050183,
000501F1,
0005025F,
000502CE,
0005033C,
000503AA,
00050418,
00050487,
000504F5,
00050563,
000505D2,
00050640,
000506AF,
0005071D,
0005078B,
000507FA,
00050869,
000508D7,
00050946,
000509B4,
00050A23,
00050A92,
00050B00,
00050B6F,
00050BDE,
00050C4D,
00050CBC,
00050D2A,
00050D99,
00050E08,
00050E77,
00050EE6,
00050F55,
00050FC4,
00051033,
000510A2,
00051111,
00051181,
000511F0,
0005125F,
000512CE,
0005133D,
000513AD,
0005141C,
0005148B,
000514FB,
0005156A,
000515D9,
00051649,
000516B8,
00051728,
00051797,
00051807,
00051877,
000518E6,
00051956,
000519C5,
00051A35,
00051AA5,
00051B15,
00051B84,
00051BF4,
00051C64,
00051CD4,
00051D44,
00051DB4,
00051E24,
00051E94,
00051F04,
00051F74,
00051FE4,
00052054,
000520C4,
00052134,
000521A4,
00052214,
00052285,
000522F5,
00052365,
000523D6,
00052446,
000524B6,
00052527,
00052597,
00052608,
00052678,
000526E9,
00052759,
000527CA,
0005283A,
000528AB,
0005291C,
0005298C,
000529FD,
00052A6E,
00052ADE,
00052B4F,
00052BC0,
00052C31,
00052CA2,
00052D13,
00052D84,
00052DF5,
00052E66,
00052ED7,
00052F48,
00052FB9,
0005302A,
0005309B,
0005310C,
0005317D,
000531EF,
00053260,
000532D1,
00053342,
000533B4,
00053425,
00053497,
00053508,
00053579,
000535EB,
0005365C,
000536CE,
0005373F,
000537B1,
00053823,
00053894,
00053906,
00053978,
000539E9,
00053A5B,
00053ACD,
00053B3F,
00053BB1,
00053C23,
00053C94,
00053D06,
00053D78,
00053DEA,
00053E5C,
00053ECE,
00053F40,
00053FB3,
00054025,
00054097,
00054109,
0005417B,
000541ED,
00054260,
000542D2,
00054344,
000543B7,
00054429,
0005449C,
0005450E,
00054580,
000545F3,
00054665,
000546D8,
0005474B,
000547BD,
00054830,
000548A3,
00054915,
00054988,
000549FB,
00054A6E,
00054AE0,
00054B53,
00054BC6,
00054C39,
00054CAC,
00054D1F,
00054D92,
00054E05,
00054E78,
00054EEB,
00054F5E,
00054FD1,
00055044,
000550B8,
0005512B,
0005519E,
00055211,
00055285,
000552F8,
0005536B,
000553DF,
00055452,
000554C5,
00055539,
000555AC,
00055620,
00055694,
00055707,
0005577B,
000557EE,
00055862,
000558D6,
00055949,
000559BD,
00055A31,
00055AA5,
00055B19,
00055B8D,
00055C00,
00055C74,
00055CE8,
00055D5C,
00055DD0,
00055E44,
00055EB9,
00055F2D,
00055FA1,
00056015,
00056089,
000560FD,
00056172,
000561E6,
0005625A,
000562CE,
00056343,
000563B7,
0005642C,
000564A0,
00056515,
00056589,
000565FE,
00056672,
000566E7,
0005675B,
000567D0,
00056845,
000568B9,
0005692E,
000569A3,
00056A18,
00056A8D,
00056B01,
00056B76,
00056BEB,
00056C60,
00056CD5,
00056D4A,
00056DBF,
00056E34,
00056EA9,
00056F1E,
00056F94,
00057009,
0005707E,
000570F3,
00057168,
000571DE,
00057253,
000572C8,
0005733E,
000573B3,
00057429,
0005749E,
00057514,
00057589,
000575FF,
00057674,
000576EA,
0005775F,
000577D5,
0005784B,
000578C1,
00057936,
000579AC,
00057A22,
00057A98,
00057B0E,
00057B83,
00057BF9,
00057C6F,
00057CE5,
00057D5B,
00057DD1,
00057E47,
00057EBE,
00057F34,
00057FAA,
00058020,
00058096,
0005810C,
00058183,
000581F9,
0005826F,
000582E6,
0005835C,
000583D3,
00058449,
000584BF,
00058536,
000585AD,
00058623,
0005869A,
00058710,
00058787,
000587FE,
00058874,
000588EB,
00058962,
000589D9,
00058A50,
00058AC6,
00058B3D,
00058BB4,
00058C2B,
00058CA2,
00058D19,
00058D90,
00058E07,
00058E7E,
00058EF5,
00058F6D,
00058FE4,
0005905B,
000590D2,
00059149,
000591C1,
00059238,
000592AF,
00059327,
0005939E,
00059416,
0005948D,
00059505,
0005957C,
000595F4,
0005966B,
000596E3,
0005975B,
000597D2,
0005984A,
000598C2,
00059939,
000599B1,
00059A29,
00059AA1,
00059B19,
00059B91,
00059C09,
00059C81,
00059CF9,
00059D71,
00059DE9,
00059E61,
00059ED9,
00059F51,
00059FC9,
0005A041,
0005A0BA,
0005A132,
0005A1AA,
0005A223,
0005A29B,
0005A313,
0005A38C,
0005A404,
0005A47D,
0005A4F5,
0005A56E,
0005A5E6,
0005A65F,
0005A6D7,
0005A750,
0005A7C9,
0005A841,
0005A8BA,
0005A933,
0005A9AC,
0005AA24,
0005AA9D,
0005AB16,
0005AB8F,
0005AC08,
0005AC81,
0005ACFA,
0005AD73,
0005ADEC,
0005AE65,
0005AEDE,
0005AF57,
0005AFD1,
0005B04A,
0005B0C3,
0005B13C,
0005B1B6,
0005B22F,
0005B2A8,
0005B322,
0005B39B,
0005B415,
0005B48E,
0005B508,
0005B581,
0005B5FB,
0005B674,
0005B6EE,
0005B767,
0005B7E1,
0005B85B,
0005B8D5,
0005B94E,
0005B9C8,
0005BA42,
0005BABC,
0005BB36,
0005BBB0,
0005BC2A,
0005BCA4,
0005BD1E,
0005BD98,
0005BE12,
0005BE8C,
0005BF06,
0005BF80,
0005BFFA,
0005C074,
0005C0EF,
0005C169,
0005C1E3,
0005C25E,
0005C2D8,
0005C352,
0005C3CD,
0005C447,
0005C4C2,
0005C53C,
0005C5B7,
0005C631,
0005C6AC,
0005C726,
0005C7A1,
0005C81C,
0005C897,
0005C911,
0005C98C,
0005CA07,
0005CA82,
0005CAFD,
0005CB77,
0005CBF2,
0005CC6D,
0005CCE8,
0005CD63,
0005CDDE,
0005CE59,
0005CED5,
0005CF50,
0005CFCB,
0005D046,
0005D0C1,
0005D13C,
0005D1B8,
0005D233,
0005D2AE,
0005D32A,
0005D3A5,
0005D421,
0005D49C,
0005D518,
0005D593,
0005D60F,
0005D68A,
0005D706,
0005D781,
0005D7FD,
0005D879,
0005D8F5,
0005D970,
0005D9EC,
0005DA68,
0005DAE4,
0005DB60,
0005DBDC,
0005DC58,
0005DCD3,
0005DD4F,
0005DDCC,
0005DE48,
0005DEC4,
0005DF40,
0005DFBC,
0005E038,
0005E0B4,
0005E131,
0005E1AD,
0005E229,
0005E2A5,
0005E322,
0005E39E,
0005E41B,
0005E497,
0005E514,
0005E590,
0005E60D,
0005E689,
0005E706,
0005E782,
0005E7FF,
0005E87C,
0005E8F8,
0005E975,
0005E9F2,
0005EA6F,
0005EAEC,
0005EB68,
0005EBE5,
0005EC62,
0005ECDF,
0005ED5C,
0005EDD9,
0005EE56,
0005EED3,
0005EF51,
0005EFCE,
0005F04B,
0005F0C8,
0005F145,
0005F1C2,
0005F240,
0005F2BD,
0005F33A,
0005F3B8,
0005F435,
0005F4B3,
0005F530,
0005F5AE,
0005F62B,
0005F6A9,
0005F726,
0005F7A4,
0005F822,
0005F89F,
0005F91D,
0005F99B,
0005FA19,
0005FA96,
0005FB14,
0005FB92,
0005FC10,
0005FC8E,
0005FD0C,
0005FD8A,
0005FE08,
0005FE86,
0005FF04,
0005FF82,
00060000,
0006007E,
000600FC,
0006017B,
000601F9,
00060277,
000602F6,
00060374,
000603F2,
00060471,
000604EF,
0006056E,
000605EC,
0006066B,
000606E9,
00060768,
000607E6,
00060865,
000608E4,
00060962,
000609E1,
00060A60,
00060ADF,
00060B5E,
00060BDC,
00060C5B,
00060CDA,
00060D59,
00060DD8,
00060E57,
00060ED6,
00060F55,
00060FD4,
00061053,
000610D3,
00061152,
000611D1,
00061250,
000612D0,
0006134F,
000613CE,
0006144E,
000614CD,
0006154C,
000615CC,
0006164B,
000616CB,
0006174B,
000617CA,
0006184A,
000618C9,
00061949,
000619C9,
00061A49,
00061AC8,
00061B48,
00061BC8,
00061C48,
00061CC8,
00061D48,
00061DC8,
00061E48,
00061EC8,
00061F48,
00061FC8,
00062048,
000620C8,
00062148,
000621C8,
00062249,
000622C9,
00062349,
000623C9,
0006244A,
000624CA,
0006254B,
000625CB,
0006264B,
000626CC,
0006274C,
000627CD,
0006284E,
000628CE,
0006294F,
000629D0,
00062A50,
00062AD1,
00062B52,
00062BD3,
00062C54,
00062CD4,
00062D55,
00062DD6,
00062E57,
00062ED8,
00062F59,
00062FDA,
0006305B,
000630DC,
0006315E,
000631DF,
00063260,
000632E1,
00063362,
000633E4,
00063465,
000634E6,
00063568,
000635E9,
0006366B,
000636EC,
0006376E,
000637EF,
00063871,
000638F2,
00063974,
000639F6,
00063A77,
00063AF9,
00063B7B,
00063BFD,
00063C7F,
00063D00,
00063D82,
00063E04,
00063E86,
00063F08,
00063F8A,
0006400C,
0006408E,
00064110,
00064192,
00064215,
00064297,
00064319,
0006439B,
0006441E,
000644A0,
00064522,
000645A5,
00064627,
000646A9,
0006472C,
000647AE,
00064831,
000648B4,
00064936,
000649B9,
00064A3B,
00064ABE,
00064B41,
00064BC4,
00064C46,
00064CC9,
00064D4C,
00064DCF,
00064E52,
00064ED5,
00064F58,
00064FDB,
0006505E,
000650E1,
00065164,
000651E7,
0006526A,
000652ED,
00065370,
000653F4,
00065477,
000654FA,
0006557E,
00065601,
00065684,
00065708,
0006578B,
0006580F,
00065892,
00065916,
00065999,
00065A1D,
00065AA1,
00065B24,
00065BA8,
00065C2C,
00065CAF,
00065D33,
00065DB7,
00065E3B,
00065EBF,
00065F43,
00065FC7,
0006604B,
000660CF,
00066153,
000661D7,
0006625B,
000662DF,
00066363,
000663E7,
0006646C,
000664F0,
00066574,
000665F9,
0006667D,
00066701,
00066786,
0006680A,
0006688F,
00066913,
00066998,
00066A1C,
00066AA1,
00066B25,
00066BAA,
00066C2F,
00066CB4,
00066D38,
00066DBD,
00066E42,
00066EC7,
00066F4C,
00066FD1,
00067056,
000670DB,
00067160,
000671E5,
0006726A,
000672EF,
00067374,
000673F9,
0006747E,
00067503,
00067589,
0006760E,
00067693,
00067719,
0006779E,
00067823,
000678A9,
0006792E,
000679B4,
00067A39,
00067ABF,
00067B45,
00067BCA,
00067C50,
00067CD6,
00067D5B,
00067DE1,
00067E67,
00067EED,
00067F73,
00067FF8,
0006807E,
00068104,
0006818A,
00068210,
00068296,
0006831C,
000683A3,
00068429,
000684AF,
00068535,
000685BB,
00068641,
000686C8,
0006874E,
000687D4,
0006885B,
000688E1,
00068968,
000689EE,
00068A75,
00068AFB,
00068B82,
00068C08,
00068C8F,
00068D16,
00068D9C,
00068E23,
00068EAA,
00068F31,
00068FB8,
0006903E,
000690C5,
0006914C,
000691D3,
0006925A,
000692E1,
00069368,
000693EF,
00069476,
000694FD,
00069585,
0006960C,
00069693,
0006971A,
000697A2,
00069829,
000698B0,
00069938,
000699BF,
00069A47,
00069ACE,
00069B56,
00069BDD,
00069C65,
00069CEC,
00069D74,
00069DFC,
00069E83,
00069F0B,
00069F93,
0006A01B,
0006A0A2,
0006A12A,
0006A1B2,
0006A23A,
0006A2C2,
0006A34A,
0006A3D2,
0006A45A,
0006A4E2,
0006A56A,
0006A5F3,
0006A67B,
0006A703,
0006A78B,
0006A813,
0006A89C,
0006A924,
0006A9AC,
0006AA35,
0006AABD,
0006AB46,
0006ABCE,
0006AC57,
0006ACDF,
0006AD68,
0006ADF1,
0006AE79,
0006AF02,
0006AF8B,
0006B013,
0006B09C,
0006B125,
0006B1AE,
0006B237,
0006B2C0,
0006B348,
0006B3D1,
0006B45A,
0006B4E3,
0006B56D,
0006B5F6,
0006B67F,
0006B708,
0006B791,
0006B81A,
0006B8A4,
0006B92D,
0006B9B6,
0006BA40,
0006BAC9,
0006BB52,
0006BBDC,
0006BC65,
0006BCEF,
0006BD78,
0006BE02,
0006BE8B,
0006BF15,
0006BF9F,
0006C028,
0006C0B2,
0006C13C,
0006C1C6,
0006C250,
0006C2D9,
0006C363,
0006C3ED,
0006C477,
0006C501,
0006C58B,
0006C615,
0006C69F,
0006C729,
0006C7B4,
0006C83E,
0006C8C8,
0006C952,
0006C9DC,
0006CA67,
0006CAF1,
0006CB7B,
0006CC06,
0006CC90,
0006CD1B,
0006CDA5,
0006CE30,
0006CEBA,
0006CF45,
0006CFD0,
0006D05A,
0006D0E5,
0006D170,
0006D1FA,
0006D285,
0006D310,
0006D39B,
0006D426,
0006D4B1,
0006D53C,
0006D5C7,
0006D652,
0006D6DD,
0006D768,
0006D7F3,
0006D87E,
0006D909,
0006D994,
0006DA1F,
0006DAAB,
0006DB36,
0006DBC1,
0006DC4D,
0006DCD8,
0006DD64,
0006DDEF,
0006DE7A,
0006DF06,
0006DF92,
0006E01D,
0006E0A9,
0006E134,
0006E1C0,
0006E24C,
0006E2D8,
0006E363,
0006E3EF,
0006E47B,
0006E507,
0006E593,
0006E61F,
0006E6AB,
0006E737,
0006E7C3,
0006E84F,
0006E8DB,
0006E967,
0006E9F3,
0006EA7F,
0006EB0B,
0006EB98,
0006EC24,
0006ECB0,
0006ED3D,
0006EDC9,
0006EE55,
0006EEE2,
0006EF6E,
0006EFFB,
0006F087,
0006F114,
0006F1A1,
0006F22D,
0006F2BA,
0006F347,
0006F3D3,
0006F460,
0006F4ED,
0006F57A,
0006F607,
0006F694,
0006F721,
0006F7AD,
0006F83A,
0006F8C8,
0006F955,
0006F9E2,
0006FA6F,
0006FAFC,
0006FB89,
0006FC16,
0006FCA4,
0006FD31,
0006FDBE,
0006FE4C,
0006FED9,
0006FF66,
0006FFF4,
00070081,
0007010F,
0007019C,
0007022A,
000702B8,
00070345,
000703D3,
00070461,
000704EE,
0007057C,
0007060A,
00070698,
00070726,
000707B3,
00070841,
000708CF,
0007095D,
000709EB,
00070A79,
00070B08,
00070B96,
00070C24,
00070CB2,
00070D40,
00070DCE,
00070E5D,
00070EEB,
00070F79,
00071008,
00071096,
00071125,
000711B3,
00071242,
000712D0,
0007135F,
000713ED,
0007147C,
0007150B,
00071599,
00071628,
000716B7,
00071746,
000717D5,
00071863,
000718F2,
00071981,
00071A10,
00071A9F,
00071B2E,
00071BBD,
00071C4C,
00071CDC,
00071D6B,
00071DFA,
00071E89,
00071F18,
00071FA8,
00072037,
000720C6,
00072156,
000721E5,
00072275,
00072304,
00072394,
00072423,
000724B3,
00072542,
000725D2,
00072662,
000726F2,
00072781,
00072811,
000728A1,
00072931,
000729C1,
00072A50,
00072AE0,
00072B70,
00072C00,
00072C90,
00072D21,
00072DB1,
00072E41,
00072ED1,
00072F61,
00072FF1,
00073082,
00073112,
000731A2,
00073233,
000732C3,
00073354,
000733E4,
00073474,
00073505,
00073596,
00073626,
000736B7,
00073747,
000737D8,
00073869,
000738FA,
0007398A,
00073A1B,
00073AAC,
00073B3D,
00073BCE,
00073C5F,
00073CF0,
00073D81,
00073E12,
00073EA3,
00073F34,
00073FC5,
00074056,
000740E8,
00074179,
0007420A,
0007429C,
0007432D,
000743BE,
00074450,
000744E1,
00074573,
00074604,
00074696,
00074727,
000747B9,
0007484B,
000748DC,
0007496E,
00074A00,
00074A91,
00074B23,
00074BB5,
00074C47,
00074CD9,
00074D6B,
00074DFD,
00074E8F,
00074F21,
00074FB3,
00075045,
000750D7,
00075169,
000751FB,
0007528E,
00075320,
000753B2,
00075445,
000754D7,
00075569,
000755FC,
0007568E,
00075721,
000757B3,
00075846,
000758D8,
0007596B,
000759FE,
00075A90,
00075B23,
00075BB6,
00075C49,
00075CDC,
00075D6E,
00075E01,
00075E94,
00075F27,
00075FBA,
0007604D,
000760E0,
00076173,
00076207,
0007629A,
0007632D,
000763C0,
00076453,
000764E7,
0007657A,
0007660D,
000766A1,
00076734,
000767C8,
0007685B,
000768EF,
00076982,
00076A16,
00076AA9,
00076B3D,
00076BD1,
00076C64,
00076CF8,
00076D8C,
00076E20,
00076EB4,
00076F47,
00076FDB,
0007706F,
00077103,
00077197,
0007722B,
000772BF,
00077354,
000773E8,
0007747C,
00077510,
000775A4,
00077639,
000776CD,
00077761,
000777F6,
0007788A,
0007791F,
000779B3,
00077A48,
00077ADC,
00077B71,
00077C05,
00077C9A,
00077D2F,
00077DC3,
00077E58,
00077EED,
00077F82,
00078017,
000780AB,
00078140,
000781D5,
0007826A,
000782FF,
00078394,
00078429,
000784BF,
00078554,
000785E9,
0007867E,
00078713,
000787A9,
0007883E,
000788D3,
00078969,
000789FE,
00078A93,
00078B29,
00078BBE,
00078C54,
00078CEA,
00078D7F,
00078E15,
00078EAA,
00078F40,
00078FD6,
0007906C,
00079102,
00079197,
0007922D,
000792C3,
00079359,
000793EF,
00079485,
0007951B,
000795B1,
00079647,
000796DD,
00079774,
0007980A,
000798A0,
00079936,
000799CD,
00079A63,
00079AF9,
00079B90,
00079C26,
00079CBD,
00079D53,
00079DEA,
00079E80,
00079F17,
00079FAE,
0007A044,
0007A0DB,
0007A172,
0007A209,
0007A29F,
0007A336,
0007A3CD,
0007A464,
0007A4FB,
0007A592,
0007A629,
0007A6C0,
0007A757,
0007A7EE,
0007A885,
0007A91C,
0007A9B4,
0007AA4B,
0007AAE2,
0007AB79,
0007AC11,
0007ACA8,
0007AD40,
0007ADD7,
0007AE6F,
0007AF06,
0007AF9E,
0007B035,
0007B0CD,
0007B164,
0007B1FC,
0007B294,
0007B32C,
0007B3C3,
0007B45B,
0007B4F3,
0007B58B,
0007B623,
0007B6BB,
0007B753,
0007B7EB,
0007B883,
0007B91B,
0007B9B3,
0007BA4B,
0007BAE3,
0007BB7C,
0007BC14,
0007BCAC,
0007BD44,
0007BDDD,
0007BE75,
0007BF0E,
0007BFA6,
0007C03F,
0007C0D7,
0007C170,
0007C208,
0007C2A1,
0007C33A,
0007C3D2,
0007C46B,
0007C504,
0007C59C,
0007C635,
0007C6CE,
0007C767,
0007C800,
0007C899,
0007C932,
0007C9CB,
0007CA64,
0007CAFD,
0007CB96,
0007CC2F,
0007CCC9,
0007CD62,
0007CDFB,
0007CE94,
0007CF2E,
0007CFC7,
0007D060,
0007D0FA,
0007D193,
0007D22D,
0007D2C6,
0007D360,
0007D3FA,
0007D493,
0007D52D,
0007D5C7,
0007D660,
0007D6FA,
0007D794,
0007D82E,
0007D8C8,
0007D961,
0007D9FB,
0007DA95,
0007DB2F,
0007DBC9,
0007DC64,
0007DCFE,
0007DD98,
0007DE32,
0007DECC,
0007DF66,
0007E001,
0007E09B,
0007E135,
0007E1D0,
0007E26A,
0007E305,
0007E39F,
0007E43A,
0007E4D4,
0007E56F,
0007E609,
0007E6A4,
0007E73F,
0007E7D9,
0007E874,
0007E90F,
0007E9AA,
0007EA45,
0007EADF,
0007EB7A,
0007EC15,
0007ECB0,
0007ED4B,
0007EDE6,
0007EE81,
0007EF1D,
0007EFB8,
0007F053,
0007F0EE,
0007F189,
0007F225,
0007F2C0,
0007F35B,
0007F3F7,
0007F492,
0007F52E,
0007F5C9,
0007F665,
0007F700,
0007F79C,
0007F838,
0007F8D3,
0007F96F,
0007FA0B,
0007FAA6,
0007FB42,
0007FBDE,
0007FC7A,
0007FD16,
0007FDB2,
0007FE4E,
0007FEEA,
0007FF86,
00080022,
000800BE,
0008015A,
000801F6,
00080292,
0008032F,
000803CB,
00080467,
00080504,
000805A0,
0008063C,
000806D9,
00080775,
00080812,
000808AE,
0008094B,
000809E8,
00080A84,
00080B21,
00080BBE,
00080C5B,
00080CF7,
00080D94,
00080E31,
00080ECE,
00080F6B,
00081008,
000810A5,
00081142,
000811DF,
0008127C,
00081319,
000813B6,
00081453,
000814F1,
0008158E,
0008162B,
000816C9,
00081766,
00081803,
000818A1,
0008193E,
000819DC,
00081A79,
00081B17,
00081BB5,
00081C52,
00081CF0,
00081D8E,
00081E2B,
00081EC9,
00081F67,
00082005,
000820A3,
00082141,
000821DF,
0008227D,
0008231B,
000823B9,
00082457,
000824F5,
00082593,
00082631,
000826CF,
0008276E,
0008280C,
000828AA,
00082949,
000829E7,
00082A86,
00082B24,
00082BC3,
00082C61,
00082D00,
00082D9E,
00082E3D,
00082EDC,
00082F7A,
00083019,
000830B8,
00083157,
000831F5,
00083294,
00083333,
000833D2,
00083471,
00083510,
000835AF,
0008364E,
000836ED,
0008378D,
0008382C,
000838CB,
0008396A,
00083A0A,
00083AA9,
00083B48,
00083BE8,
00083C87,
00083D27,
00083DC6,
00083E66,
00083F05,
00083FA5,
00084044,
000840E4,
00084184,
00084224,
000842C3,
00084363,
00084403,
000844A3,
00084543,
000845E3,
00084683,
00084723,
000847C3,
00084863,
00084903,
000849A3,
00084A43,
00084AE4,
00084B84,
00084C24,
00084CC5,
00084D65,
00084E05,
00084EA6,
00084F46,
00084FE7,
00085087,
00085128,
000851C8,
00085269,
0008530A,
000853AA,
0008544B,
000854EC,
0008558D,
0008562E,
000856CE,
0008576F,
00085810,
000858B1,
00085952,
000859F3,
00085A95,
00085B36,
00085BD7,
00085C78,
00085D19,
00085DBA,
00085E5C,
00085EFD,
00085F9E,
00086040,
000860E1,
00086183,
00086224,
000862C6,
00086367,
00086409,
000864AB,
0008654C,
000865EE,
00086690,
00086732,
000867D3,
00086875,
00086917,
000869B9,
00086A5B,
00086AFD,
00086B9F,
00086C41,
00086CE3,
00086D85,
00086E28,
00086ECA,
00086F6C,
0008700E,
000870B1,
00087153,
000871F5,
00087298,
0008733A,
000873DD,
0008747F,
00087522,
000875C4,
00087667,
0008770A,
000877AC,
0008784F,
000878F2,
00087994,
00087A37,
00087ADA,
00087B7D,
00087C20,
00087CC3,
00087D66,
00087E09,
00087EAC,
00087F4F,
00087FF2,
00088096,
00088139,
000881DC,
0008827F,
00088323,
000883C6,
00088469,
0008850D,
000885B0,
00088654,
000886F7,
0008879B,
0008883E,
000888E2,
00088986,
00088A29,
00088ACD,
00088B71,
00088C15,
00088CB8,
00088D5C,
00088E00,
00088EA4,
00088F48,
00088FEC,
00089090,
00089134,
000891D8,
0008927D,
00089321,
000893C5,
00089469,
0008950E,
000895B2,
00089656,
000896FB,
0008979F,
00089844,
000898E8,
0008998D,
00089A31,
00089AD6,
00089B7A,
00089C1F,
00089CC4,
00089D69,
00089E0D,
00089EB2,
00089F57,
00089FFC,
0008A0A1,
0008A146,
0008A1EB,
0008A290,
0008A335,
0008A3DA,
0008A47F,
0008A524,
0008A5CA,
0008A66F,
0008A714,
0008A7B9,
0008A85F,
0008A904,
0008A9A9,
0008AA4F,
0008AAF4,
0008AB9A,
0008AC40,
0008ACE5,
0008AD8B,
0008AE30,
0008AED6,
0008AF7C,
0008B022,
0008B0C7,
0008B16D,
0008B213,
0008B2B9,
0008B35F,
0008B405,
0008B4AB,
0008B551,
0008B5F7,
0008B69D,
0008B743,
0008B7EA,
0008B890,
0008B936,
0008B9DC,
0008BA83,
0008BB29,
0008BBCF,
0008BC76,
0008BD1C,
0008BDC3,
0008BE69,
0008BF10,
0008BFB7,
0008C05D,
0008C104,
0008C1AB,
0008C251,
0008C2F8,
0008C39F,
0008C446,
0008C4ED,
0008C594,
0008C63B,
0008C6E2,
0008C789,
0008C830,
0008C8D7,
0008C97E,
0008CA25,
0008CACC,
0008CB74,
0008CC1B,
0008CCC2,
0008CD6A,
0008CE11,
0008CEB8,
0008CF60,
0008D007,
0008D0AF,
0008D156,
0008D1FE,
0008D2A6,
0008D34D,
0008D3F5,
0008D49D,
0008D545,
0008D5EC,
0008D694,
0008D73C,
0008D7E4,
0008D88C,
0008D934,
0008D9DC,
0008DA84,
0008DB2C,
0008DBD4,
0008DC7C,
0008DD25,
0008DDCD,
0008DE75,
0008DF1D,
0008DFC6,
0008E06E,
0008E117,
0008E1BF,
0008E268,
0008E310,
0008E3B9,
0008E461,
0008E50A,
0008E5B3,
0008E65B,
0008E704,
0008E7AD,
0008E856,
0008E8FE,
0008E9A7,
0008EA50,
0008EAF9,
0008EBA2,
0008EC4B,
0008ECF4,
0008ED9D,
0008EE46,
0008EEF0,
0008EF99,
0008F042,
0008F0EB,
0008F195,
0008F23E,
0008F2E7,
0008F391,
0008F43A,
0008F4E4,
0008F58D,
0008F637,
0008F6E0,
0008F78A,
0008F834,
0008F8DD,
0008F987,
0008FA31,
0008FADA,
0008FB84,
0008FC2E,
0008FCD8,
0008FD82,
0008FE2C,
0008FED6,
0008FF80,
0009002A,
000900D4,
0009017E,
00090229,
000902D3,
0009037D,
00090427,
000904D2,
0009057C,
00090627,
000906D1,
0009077B,
00090826,
000908D1,
0009097B,
00090A26,
00090AD0,
00090B7B,
00090C26,
00090CD1,
00090D7B,
00090E26,
00090ED1,
00090F7C,
00091027,
000910D2,
0009117D,
00091228,
000912D3,
0009137E,
00091429,
000914D5,
00091580,
0009162B,
000916D6,
00091782,
0009182D,
000918D8,
00091984,
00091A2F,
00091ADB,
00091B86,
00091C32,
00091CDE,
00091D89,
00091E35,
00091EE1,
00091F8C,
00092038,
000920E4,
00092190,
0009223C,
000922E8,
00092394,
00092440,
000924EC,
00092598,
00092644,
000926F0,
0009279C,
00092849,
000928F5,
000929A1,
00092A4E,
00092AFA,
00092BA6,
00092C53,
00092CFF,
00092DAC,
00092E58,
00092F05,
00092FB2,
0009305E,
0009310B,
000931B8,
00093264,
00093311,
000933BE,
0009346B,
00093518,
000935C5,
00093672,
0009371F,
000937CC,
00093879,
00093926,
000939D3,
00093A80,
00093B2E,
00093BDB,
00093C88,
00093D36,
00093DE3,
00093E90,
00093F3E,
00093FEB,
00094099,
00094146,
000941F4,
000942A2,
0009434F,
000943FD,
000944AB,
00094558,
00094606,
000946B4,
00094762,
00094810,
000948BE,
0009496C,
00094A1A,
00094AC8,
00094B76,
00094C24,
00094CD2,
00094D81,
00094E2F,
00094EDD,
00094F8B,
0009503A,
000950E8,
00095197,
00095245,
000952F4,
000953A2,
00095451,
000954FF,
000955AE,
0009565D,
0009570B,
000957BA,
00095869,
00095918,
000959C6,
00095A75,
00095B24,
00095BD3,
00095C82,
00095D31,
00095DE0,
00095E8F,
00095F3F,
00095FEE,
0009609D,
0009614C,
000961FC,
000962AB,
0009635A,
0009640A,
000964B9,
00096569,
00096618,
000966C8,
00096777,
00096827,
000968D6,
00096986,
00096A36,
00096AE6,
00096B95,
00096C45,
00096CF5,
00096DA5,
00096E55,
00096F05,
00096FB5,
00097065,
00097115,
000971C5,
00097275,
00097326,
000973D6,
00097486,
00097536,
000975E7,
00097697,
00097748,
000977F8,
000978A8,
00097959,
00097A0A,
00097ABA,
00097B6B,
00097C1B,
00097CCC,
00097D7D,
00097E2E,
00097EDE,
00097F8F,
00098040,
000980F1,
000981A2,
00098253,
00098304,
000983B5,
00098466,
00098517,
000985C9,
0009867A,
0009872B,
000987DC,
0009888E,
0009893F,
000989F0,
00098AA2,
00098B53,
00098C05,
00098CB6,
00098D68,
00098E1A,
00098ECB,
00098F7D,
0009902F,
000990E0,
00099192,
00099244,
000992F6,
000993A8,
0009945A,
0009950C,
000995BE,
00099670,
00099722,
000997D4,
00099886,
00099938,
000999EB,
00099A9D,
00099B4F,
00099C01,
00099CB4,
00099D66,
00099E19,
00099ECB,
00099F7E,
0009A030,
0009A0E3,
0009A196,
0009A248,
0009A2FB,
0009A3AE,
0009A460,
0009A513,
0009A5C6,
0009A679,
0009A72C,
0009A7DF,
0009A892,
0009A945,
0009A9F8,
0009AAAB,
0009AB5E,
0009AC11,
0009ACC5,
0009AD78,
0009AE2B,
0009AEDF,
0009AF92,
0009B045,
0009B0F9,
0009B1AC,
0009B260,
0009B313,
0009B3C7,
0009B47A,
0009B52E,
0009B5E2,
0009B696,
0009B749,
0009B7FD,
0009B8B1,
0009B965,
0009BA19,
0009BACD,
0009BB81,
0009BC35,
0009BCE9,
0009BD9D,
0009BE51,
0009BF05,
0009BFB9,
0009C06E,
0009C122,
0009C1D6,
0009C28B,
0009C33F,
0009C3F3,
0009C4A8,
0009C55C,
0009C611,
0009C6C5,
0009C77A,
0009C82F,
0009C8E3,
0009C998,
0009CA4D,
0009CB02,
0009CBB7,
0009CC6B,
0009CD20,
0009CDD5,
0009CE8A,
0009CF3F,
0009CFF4,
0009D0A9,
0009D15E,
0009D214,
0009D2C9,
0009D37E,
0009D433,
0009D4E9,
0009D59E,
0009D653,
0009D709,
0009D7BE,
0009D874,
0009D929,
0009D9DF,
0009DA94,
0009DB4A,
0009DC00,
0009DCB5,
0009DD6B,
0009DE21,
0009DED7,
0009DF8D,
0009E043,
0009E0F9,
0009E1AF,
0009E265,
0009E31B,
0009E3D1,
0009E487,
0009E53D,
0009E5F3,
0009E6A9,
0009E760,
0009E816,
0009E8CC,
0009E983,
0009EA39,
0009EAEF,
0009EBA6,
0009EC5C,
0009ED13,
0009EDCA,
0009EE80,
0009EF37,
0009EFEE,
0009F0A4,
0009F15B,
0009F212,
0009F2C9,
0009F380,
0009F437,
0009F4EE,
0009F5A5,
0009F65C,
0009F713,
0009F7CA,
0009F881,
0009F938,
0009F9EF,
0009FAA7,
0009FB5E,
0009FC15,
0009FCCD,
0009FD84,
0009FE3C,
0009FEF3,
0009FFAB,
000A0062,
000A011A,
000A01D1,
000A0289,
000A0341,
000A03F9,
000A04B0,
000A0568,
000A0620,
000A06D8,
000A0790,
000A0848,
000A0900,
000A09B8,
000A0A70,
000A0B28,
000A0BE0,
000A0C98,
000A0D51,
000A0E09,
000A0EC1,
000A0F79,
000A1032,
000A10EA,
000A11A3,
000A125B,
000A1314,
000A13CC,
000A1485,
000A153D,
000A15F6,
000A16AF,
000A1768,
000A1820,
000A18D9,
000A1992,
000A1A4B,
000A1B04,
000A1BBD,
000A1C76,
000A1D2F,
000A1DE8,
000A1EA1,
000A1F5A,
000A2013,
000A20CD,
000A2186,
000A223F,
000A22F9,
000A23B2,
000A246B,
000A2525,
000A25DE,
000A2698,
000A2751,
000A280B,
000A28C5,
000A297E,
000A2A38,
000A2AF2,
000A2BAC,
000A2C65,
000A2D1F,
000A2DD9,
000A2E93,
000A2F4D,
000A3007,
000A30C1,
000A317B,
000A3235,
000A32EF,
000A33AA,
000A3464,
000A351E,
000A35D8,
000A3693,
000A374D,
000A3808,
000A38C2,
000A397D,
000A3A37,
000A3AF2,
000A3BAC,
000A3C67,
000A3D22,
000A3DDC,
000A3E97,
000A3F52,
000A400D,
000A40C8,
000A4182,
000A423D,
000A42F8,
000A43B3,
000A446E,
000A4529,
000A45E5,
000A46A0,
000A475B,
000A4816,
000A48D2,
000A498D,
000A4A48,
000A4B04,
000A4BBF,
000A4C7A,
000A4D36,
000A4DF1,
000A4EAD,
000A4F69,
000A5024,
000A50E0,
000A519C,
000A5258,
000A5313,
000A53CF,
000A548B,
000A5547,
000A5603,
000A56BF,
000A577B,
000A5837,
000A58F3,
000A59AF,
000A5A6B,
000A5B28,
000A5BE4,
000A5CA0,
000A5D5C,
000A5E19,
000A5ED5,
000A5F92,
000A604E,
000A610B,
000A61C7,
000A6284,
000A6340,
000A63FD,
000A64BA,
000A6576,
000A6633,
000A66F0,
000A67AD,
000A686A,
000A6927,
000A69E4,
000A6AA1,
000A6B5E,
000A6C1B,
000A6CD8,
000A6D95,
000A6E52,
000A6F0F,
000A6FCD,
000A708A,
000A7147,
000A7205,
000A72C2,
000A7380,
000A743D,
000A74FB,
000A75B8,
000A7676,
000A7733,
000A77F1,
000A78AF,
000A796D,
000A7A2A,
000A7AE8,
000A7BA6,
000A7C64,
000A7D22,
000A7DE0,
000A7E9E,
000A7F5C,
000A801A,
000A80D8,
000A8196,
000A8254,
000A8313,
000A83D1,
000A848F,
000A854E,
000A860C,
000A86CA,
000A8789,
000A8847,
000A8906,
000A89C5,
000A8A83,
000A8B42,
000A8C00,
000A8CBF,
000A8D7E,
000A8E3D,
000A8EFC,
000A8FBA,
000A9079,
000A9138,
000A91F7,
000A92B6,
000A9375,
000A9435,
000A94F4,
000A95B3,
000A9672,
000A9731,
000A97F1,
000A98B0,
000A996F,
000A9A2F,
000A9AEE,
000A9BAE,
000A9C6D,
000A9D2D,
000A9DEC,
000A9EAC,
000A9F6C,
000AA02B,
000AA0EB,
000AA1AB,
000AA26B,
000AA32B,
000AA3EA,
000AA4AA,
000AA56A,
000AA62A,
000AA6EA,
000AA7AB,
000AA86B,
000AA92B,
000AA9EB,
000AAAAB,
000AAB6C,
000AAC2C,
000AACEC,
000AADAD,
000AAE6D,
000AAF2D,
000AAFEE,
000AB0AF,
000AB16F,
000AB230,
000AB2F0,
000AB3B1,
000AB472,
000AB533,
000AB5F3,
000AB6B4,
000AB775,
000AB836,
000AB8F7,
000AB9B8,
000ABA79,
000ABB3A,
000ABBFB,
000ABCBC,
000ABD7E,
000ABE3F,
000ABF00,
000ABFC1,
000AC083,
000AC144,
000AC205,
000AC2C7,
000AC388,
000AC44A,
000AC50B,
000AC5CD,
000AC68F,
000AC750,
000AC812,
000AC8D4,
000AC996,
000ACA57,
000ACB19,
000ACBDB,
000ACC9D,
000ACD5F,
000ACE21,
000ACEE3,
000ACFA5,
000AD067,
000AD12A,
000AD1EC,
000AD2AE,
000AD370,
000AD433,
000AD4F5,
000AD5B7,
000AD67A,
000AD73C,
000AD7FF,
000AD8C1,
000AD984,
000ADA47,
000ADB09,
000ADBCC,
000ADC8F,
000ADD52,
000ADE14,
000ADED7,
000ADF9A,
000AE05D,
000AE120,
000AE1E3,
000AE2A6,
000AE369,
000AE42C,
000AE4EF,
000AE5B3,
000AE676,
000AE739,
000AE7FC,
000AE8C0,
000AE983,
000AEA47,
000AEB0A,
000AEBCE,
000AEC91,
000AED55,
000AEE18,
000AEEDC,
000AEFA0,
000AF063,
000AF127,
000AF1EB,
000AF2AF,
000AF373,
000AF437,
000AF4FB,
000AF5BF,
000AF683,
000AF747,
000AF80B,
000AF8CF,
000AF993,
000AFA57,
000AFB1C,
000AFBE0,
000AFCA4,
000AFD69,
000AFE2D,
000AFEF1,
000AFFB6,
000B007B,
000B013F,
000B0204,
000B02C8,
000B038D,
000B0452,
000B0517,
000B05DB,
000B06A0,
000B0765,
000B082A,
000B08EF,
000B09B4,
000B0A79,
000B0B3E,
000B0C03,
000B0CC8,
000B0D8D,
000B0E53,
000B0F18,
000B0FDD,
000B10A3,
000B1168,
000B122D,
000B12F3,
000B13B8,
000B147E,
000B1543,
000B1609,
000B16CF,
000B1794,
000B185A,
000B1920,
000B19E6,
000B1AAB,
000B1B71,
000B1C37,
000B1CFD,
000B1DC3,
000B1E89,
000B1F4F,
000B2015,
000B20DB,
000B21A2,
000B2268,
000B232E,
000B23F4,
000B24BB,
000B2581,
000B2647,
000B270E,
000B27D4,
000B289B,
000B2961,
000B2A28,
000B2AEF,
000B2BB5,
000B2C7C,
000B2D43,
000B2E0A,
000B2ED1,
000B2F97,
000B305E,
000B3125,
000B31EC,
000B32B3,
000B337A,
000B3441,
000B3509,
000B35D0,
000B3697,
000B375E,
000B3825,
000B38ED,
000B39B4,
000B3A7C,
000B3B43,
000B3C0B,
000B3CD2,
000B3D9A,
000B3E61,
000B3F29,
000B3FF1,
000B40B8,
000B4180,
000B4248,
000B4310,
000B43D7,
000B449F,
000B4567,
000B462F,
000B46F7,
000B47BF,
000B4887,
000B4950,
000B4A18,
000B4AE0,
000B4BA8,
000B4C71,
000B4D39,
000B4E01,
000B4ECA,
000B4F92,
000B505B,
000B5123,
000B51EC,
000B52B4,
000B537D,
000B5446,
000B550E,
000B55D7,
000B56A0,
000B5769,
000B5832,
000B58FA,
000B59C3,
000B5A8C,
000B5B55,
000B5C1F,
000B5CE8,
000B5DB1,
000B5E7A,
000B5F43,
000B600C,
000B60D6,
000B619F,
000B6268,
000B6332,
000B63FB,
000B64C5,
000B658E,
000B6658,
000B6721,
000B67EB,
000B68B5,
000B697E,
000B6A48,
000B6B12,
000B6BDC,
000B6CA6,
000B6D70,
000B6E3A,
000B6F04,
000B6FCE,
000B7098,
000B7162,
000B722C,
000B72F6,
000B73C0,
000B748B,
000B7555,
000B761F,
000B76EA,
000B77B4,
000B787F,
000B7949,
000B7A14,
000B7ADE,
000B7BA9,
000B7C73,
000B7D3E,
000B7E09,
000B7ED4,
000B7F9E,
000B8069,
000B8134,
000B81FF,
000B82CA,
000B8395,
000B8460,
000B852B,
000B85F6,
000B86C1,
000B878D,
000B8858,
000B8923,
000B89EE,
000B8ABA,
000B8B85,
000B8C50,
000B8D1C,
000B8DE7,
000B8EB3,
000B8F7F,
000B904A,
000B9116,
000B91E2,
000B92AD,
000B9379,
000B9445,
000B9511,
000B95DD,
000B96A9,
000B9774,
000B9840,
000B990D,
000B99D9,
000B9AA5,
000B9B71,
000B9C3D,
000B9D09,
000B9DD6,
000B9EA2,
000B9F6E,
000BA03B,
000BA107,
000BA1D4,
000BA2A0,
000BA36D,
000BA439,
000BA506,
000BA5D3,
000BA69F,
000BA76C,
000BA839,
000BA906,
000BA9D2,
000BAA9F,
000BAB6C,
000BAC39,
000BAD06,
000BADD3,
000BAEA0,
000BAF6E,
000BB03B,
000BB108,
000BB1D5,
000BB2A3,
000BB370,
000BB43D,
000BB50B,
000BB5D8,
000BB6A6,
000BB773,
000BB841,
000BB90E,
000BB9DC,
000BBAAA,
000BBB77,
000BBC45,
000BBD13,
000BBDE1,
000BBEAF,
000BBF7C,
000BC04A,
000BC118,
000BC1E6,
000BC2B4,
000BC383,
000BC451,
000BC51F,
000BC5ED,
000BC6BB,
000BC78A,
000BC858,
000BC926,
000BC9F5,
000BCAC3,
000BCB92,
000BCC60,
000BCD2F,
000BCDFE,
000BCECC,
000BCF9B,
000BD06A,
000BD138,
000BD207,
000BD2D6,
000BD3A5,
000BD474,
000BD543,
000BD612,
000BD6E1,
000BD7B0,
000BD87F,
000BD94E,
000BDA1D,
000BDAED,
000BDBBC,
000BDC8B,
000BDD5B,
000BDE2A,
000BDEFA,
000BDFC9,
000BE099,
000BE168,
000BE238,
000BE307,
000BE3D7,
000BE4A7,
000BE576,
000BE646,
000BE716,
000BE7E6,
000BE8B6,
000BE986,
000BEA56,
000BEB26,
000BEBF6,
000BECC6,
000BED96,
000BEE66,
000BEF36,
000BF007,
000BF0D7,
000BF1A7,
000BF278,
000BF348,
000BF419,
000BF4E9,
000BF5BA,
000BF68A,
000BF75B,
000BF82B,
000BF8FC,
000BF9CD,
000BFA9E,
000BFB6E,
000BFC3F,
000BFD10,
000BFDE1,
000BFEB2,
000BFF83,
000C0054,
000C0125,
000C01F6,
000C02C8,
000C0399,
000C046A,
000C053B,
000C060D,
000C06DE,
000C07AF,
000C0881,
000C0952,
000C0A24,
000C0AF5,
000C0BC7,
000C0C98,
000C0D6A,
000C0E3C,
000C0F0E,
000C0FDF,
000C10B1,
000C1183,
000C1255,
000C1327,
000C13F9,
000C14CB,
000C159D,
000C166F,
000C1741,
000C1813,
000C18E6,
000C19B8,
000C1A8A,
000C1B5D,
000C1C2F,
000C1D01,
000C1DD4,
000C1EA6,
000C1F79,
000C204B,
000C211E,
000C21F1,
000C22C3,
000C2396,
000C2469,
000C253C,
000C260F,
000C26E2,
000C27B4,
000C2887,
000C295A,
000C2A2D,
000C2B01,
000C2BD4,
000C2CA7,
000C2D7A,
000C2E4D,
000C2F21,
000C2FF4,
000C30C7,
000C319B,
000C326E,
000C3342,
000C3415,
000C34E9,
000C35BC,
000C3690,
000C3764,
000C3837,
000C390B,
000C39DF,
000C3AB3,
000C3B87,
000C3C5B,
000C3D2E,
000C3E02,
000C3ED7,
000C3FAB,
000C407F,
000C4153,
000C4227,
000C42FB,
000C43D0,
000C44A4,
000C4578,
000C464D,
000C4721,
000C47F6,
000C48CA,
000C499F,
000C4A73,
000C4B48,
000C4C1C,
000C4CF1,
000C4DC6,
000C4E9B,
000C4F70,
000C5044,
000C5119,
000C51EE,
000C52C3,
000C5398,
000C546D,
000C5542,
000C5618,
000C56ED,
000C57C2,
000C5897,
000C596D,
000C5A42,
000C5B17,
000C5BED,
000C5CC2,
000C5D98,
000C5E6D,
000C5F43,
000C6018,
000C60EE,
000C61C4,
000C6299,
000C636F,
000C6445,
000C651B,
000C65F1,
000C66C7,
000C679D,
000C6873,
000C6949,
000C6A1F,
000C6AF5,
000C6BCB,
000C6CA1,
000C6D78,
000C6E4E,
000C6F24,
000C6FFB,
000C70D1,
000C71A7,
000C727E,
000C7355,
000C742B,
000C7502,
000C75D8,
000C76AF,
000C7786,
000C785D,
000C7933,
000C7A0A,
000C7AE1,
000C7BB8,
000C7C8F,
000C7D66,
000C7E3D,
000C7F14,
000C7FEB,
000C80C2,
000C819A,
000C8271,
000C8348,
000C841F,
000C84F7,
000C85CE,
000C86A6,
000C877D,
000C8855,
000C892C,
000C8A04,
000C8ADB,
000C8BB3,
000C8C8B,
000C8D63,
000C8E3A,
000C8F12,
000C8FEA,
000C90C2,
000C919A,
000C9272,
000C934A,
000C9422,
000C94FA,
000C95D2,
000C96AB,
000C9783,
000C985B,
000C9933,
000C9A0C,
000C9AE4,
000C9BBD,
000C9C95,
000C9D6E,
000C9E46,
000C9F1F,
000C9FF7,
000CA0D0,
000CA1A9,
000CA282,
000CA35A,
000CA433,
000CA50C,
000CA5E5,
000CA6BE,
000CA797,
000CA870,
000CA949,
000CAA22,
000CAAFB,
000CABD5,
000CACAE,
000CAD87,
000CAE60,
000CAF3A,
000CB013,
000CB0ED,
000CB1C6,
000CB2A0,
000CB379,
000CB453,
000CB52C,
000CB606,
000CB6E0,
000CB7B9,
000CB893,
000CB96D,
000CBA47,
000CBB21,
000CBBFB,
000CBCD5,
000CBDAF,
000CBE89,
000CBF63,
000CC03D,
000CC117,
000CC1F2,
000CC2CC,
000CC3A6,
000CC481,
000CC55B,
000CC635,
000CC710,
000CC7EA,
000CC8C5,
000CC9A0,
000CCA7A,
000CCB55,
000CCC30,
000CCD0A,
000CCDE5,
000CCEC0,
000CCF9B,
000CD076,
000CD151,
000CD22C,
000CD307,
000CD3E2,
000CD4BD,
000CD598,
000CD673,
000CD74E,
000CD82A,
000CD905,
000CD9E0,
000CDABC,
000CDB97,
000CDC73,
000CDD4E,
000CDE2A,
000CDF05,
000CDFE1,
000CE0BD,
000CE198,
000CE274,
000CE350,
000CE42C,
000CE508,
000CE5E4,
000CE6BF,
000CE79B,
000CE877,
000CE954,
000CEA30,
000CEB0C,
000CEBE8,
000CECC4,
000CEDA1,
000CEE7D,
000CEF59,
000CF036,
000CF112,
000CF1EF,
000CF2CB,
000CF3A8,
000CF484,
000CF561,
000CF63D,
000CF71A,
000CF7F7,
000CF8D4,
000CF9B1,
000CFA8D,
000CFB6A,
000CFC47,
000CFD24,
000CFE01,
000CFEDE,
000CFFBC,
000D0099,
000D0176,
000D0253,
000D0330,
000D040E,
000D04EB,
000D05C9,
000D06A6,
000D0783,
000D0861,
000D093F,
000D0A1C,
000D0AFA,
000D0BD7,
000D0CB5,
000D0D93,
000D0E71,
000D0F4F,
000D102C,
000D110A,
000D11E8,
000D12C6,
000D13A4,
000D1482,
000D1561,
000D163F,
000D171D,
000D17FB,
000D18D9,
000D19B8,
000D1A96,
000D1B75,
000D1C53,
000D1D32,
000D1E10,
000D1EEF,
000D1FCD,
000D20AC,
000D218B,
000D2269,
000D2348,
000D2427,
000D2506,
000D25E5,
000D26C4,
000D27A2,
000D2881,
000D2961,
000D2A40,
000D2B1F,
000D2BFE,
000D2CDD,
000D2DBC,
000D2E9C,
000D2F7B,
000D305A,
000D313A,
000D3219,
000D32F9,
000D33D8,
000D34B8,
000D3597,
000D3677,
000D3757,
000D3837,
000D3916,
000D39F6,
000D3AD6,
000D3BB6,
000D3C96,
000D3D76,
000D3E56,
000D3F36,
000D4016,
000D40F6,
000D41D6,
000D42B7,
000D4397,
000D4477,
000D4557,
000D4638,
000D4718,
000D47F9,
000D48D9,
000D49BA,
000D4A9A,
000D4B7B,
000D4C5C,
000D4D3C,
000D4E1D,
000D4EFE,
000D4FDF,
000D50C0,
000D51A0,
000D5281,
000D5362,
000D5443,
000D5524,
000D5606,
000D56E7,
000D57C8,
000D58A9,
000D598A,
000D5A6C,
000D5B4D,
000D5C2E,
000D5D10,
000D5DF1,
000D5ED3,
000D5FB4,
000D6096,
000D6178,
000D6259,
000D633B,
000D641D,
000D64FF,
000D65E0,
000D66C2,
000D67A4,
000D6886,
000D6968,
000D6A4A,
000D6B2C,
000D6C0E,
000D6CF1,
000D6DD3,
000D6EB5,
000D6F97,
000D707A,
000D715C,
000D723E,
000D7321,
000D7403,
000D74E6,
000D75C8,
000D76AB,
000D778E,
000D7870,
000D7953,
000D7A36,
000D7B19,
000D7BFC,
000D7CDE,
000D7DC1,
000D7EA4,
000D7F87,
000D806A,
000D814D,
000D8231,
000D8314,
000D83F7,
000D84DA,
000D85BE,
000D86A1,
000D8784,
000D8868,
000D894B,
000D8A2F,
000D8B12,
000D8BF6,
000D8CD9,
000D8DBD,
000D8EA1,
000D8F85,
000D9068,
000D914C,
000D9230,
000D9314,
000D93F8,
000D94DC,
000D95C0,
000D96A4,
000D9788,
000D986C,
000D9950,
000D9A35,
000D9B19,
000D9BFD,
000D9CE2,
000D9DC6,
000D9EAA,
000D9F8F,
000DA073,
000DA158,
000DA23D,
000DA321,
000DA406,
000DA4EB,
000DA5CF,
000DA6B4,
000DA799,
000DA87E,
000DA963,
000DAA48,
000DAB2D,
000DAC12,
000DACF7,
000DADDC,
000DAEC1,
000DAFA6,
000DB08C,
000DB171,
000DB256,
000DB33C,
000DB421,
000DB507,
000DB5EC,
000DB6D2,
000DB7B7,
000DB89D,
000DB982,
000DBA68,
000DBB4E,
000DBC34,
000DBD19,
000DBDFF,
000DBEE5,
000DBFCB,
000DC0B1,
000DC197,
000DC27D,
000DC363,
000DC449,
000DC530,
000DC616,
000DC6FC,
000DC7E2,
000DC8C9,
000DC9AF,
000DCA96,
000DCB7C,
000DCC63,
000DCD49,
000DCE30,
000DCF16,
000DCFFD,
000DD0E4,
000DD1CB,
000DD2B1,
000DD398,
000DD47F,
000DD566,
000DD64D,
000DD734,
000DD81B,
000DD902,
000DD9E9,
000DDAD0,
000DDBB8,
000DDC9F,
000DDD86,
000DDE6D,
000DDF55,
000DE03C,
000DE124,
000DE20B,
000DE2F3,
000DE3DA,
000DE4C2,
000DE5AA,
000DE691,
000DE779,
000DE861,
000DE949,
000DEA30,
000DEB18,
000DEC00,
000DECE8,
000DEDD0,
000DEEB8,
000DEFA1,
000DF089,
000DF171,
000DF259,
000DF341,
000DF42A,
000DF512,
000DF5FA,
000DF6E3,
000DF7CB,
000DF8B4,
000DF99C,
000DFA85,
000DFB6E,
000DFC56,
000DFD3F,
000DFE28,
000DFF11,
000DFFF9,
000E00E2,
000E01CB,
000E02B4,
000E039D,
000E0486,
000E056F,
000E0659,
000E0742,
000E082B,
000E0914,
000E09FD,
000E0AE7,
000E0BD0,
000E0CBA,
000E0DA3,
000E0E8D,
000E0F76,
000E1060,
000E1149,
000E1233,
000E131D,
000E1406,
000E14F0,
000E15DA,
000E16C4,
000E17AE,
000E1898,
000E1982,
000E1A6C,
000E1B56,
000E1C40,
000E1D2A,
000E1E14,
000E1EFF,
000E1FE9,
000E20D3,
000E21BE,
000E22A8,
000E2392,
000E247D,
000E2567,
000E2652,
000E273D,
000E2827,
000E2912,
000E29FD,
000E2AE7,
000E2BD2,
000E2CBD,
000E2DA8,
000E2E93,
000E2F7E,
000E3069,
000E3154,
000E323F,
000E332A,
000E3415,
000E3501,
000E35EC,
000E36D7,
000E37C3,
000E38AE,
000E3999,
000E3A85,
000E3B70,
000E3C5C,
000E3D48,
000E3E33,
000E3F1F,
000E400B,
000E40F6,
000E41E2,
000E42CE,
000E43BA,
000E44A6,
000E4592,
000E467E,
000E476A,
000E4856,
000E4942,
000E4A2E,
000E4B1A,
000E4C07,
000E4CF3,
000E4DDF,
000E4ECC,
000E4FB8,
000E50A5,
000E5191,
000E527E,
000E536A,
000E5457,
000E5543,
000E5630,
000E571D,
000E580A,
000E58F7,
000E59E3,
000E5AD0,
000E5BBD,
000E5CAA,
000E5D97,
000E5E84,
000E5F71,
000E605F,
000E614C,
000E6239,
000E6326,
000E6414,
000E6501,
000E65EE,
000E66DC,
000E67C9,
000E68B7,
000E69A5,
000E6A92,
000E6B80,
000E6C6E,
000E6D5B,
000E6E49,
000E6F37,
000E7025,
000E7113,
000E7201,
000E72EF,
000E73DD,
000E74CB,
000E75B9,
000E76A7,
000E7795,
000E7883,
000E7972,
000E7A60,
000E7B4E,
000E7C3D,
000E7D2B,
000E7E1A,
000E7F08,
000E7FF7,
000E80E5,
000E81D4,
000E82C3,
000E83B1,
000E84A0,
000E858F,
000E867E,
000E876D,
000E885C,
000E894B,
000E8A3A,
000E8B29,
000E8C18,
000E8D07,
000E8DF6,
000E8EE5,
000E8FD5,
000E90C4,
000E91B3,
000E92A3,
000E9392,
000E9482,
000E9571,
000E9661,
000E9750,
000E9840,
000E9930,
000E9A1F,
000E9B0F,
000E9BFF,
000E9CEF,
000E9DDF,
000E9ECF,
000E9FBF,
000EA0AF,
000EA19F,
000EA28F,
000EA37F,
000EA46F,
000EA55F,
000EA64F,
000EA740,
000EA830,
000EA921,
000EAA11,
000EAB01,
000EABF2,
000EACE2,
000EADD3,
000EAEC4,
000EAFB4,
000EB0A5,
000EB196,
000EB287,
000EB377,
000EB468,
000EB559,
000EB64A,
000EB73B,
000EB82C,
000EB91D,
000EBA0F,
000EBB00,
000EBBF1,
000EBCE2,
000EBDD3,
000EBEC5,
000EBFB6,
000EC0A8,
000EC199,
000EC28B,
000EC37C,
000EC46E,
000EC55F,
000EC651,
000EC743,
000EC834,
000EC926,
000ECA18,
000ECB0A,
000ECBFC,
000ECCEE,
000ECDE0,
000ECED2,
000ECFC4,
000ED0B6,
000ED1A8,
000ED29B,
000ED38D,
000ED47F,
000ED571,
000ED664,
000ED756,
000ED849,
000ED93B,
000EDA2E,
000EDB20,
000EDC13,
000EDD06,
000EDDF8,
000EDEEB,
000EDFDE,
000EE0D1,
000EE1C4,
000EE2B6,
000EE3A9,
000EE49C,
000EE58F,
000EE683,
000EE776,
000EE869,
000EE95C,
000EEA4F,
000EEB43,
000EEC36,
000EED29,
000EEE1D,
000EEF10,
000EF004,
000EF0F7,
000EF1EB,
000EF2DE,
000EF3D2,
000EF4C6,
000EF5BA,
000EF6AD,
000EF7A1,
000EF895,
000EF989,
000EFA7D,
000EFB71,
000EFC65,
000EFD59,
000EFE4D,
000EFF41,
000F0036,
000F012A,
000F021E,
000F0312,
000F0407,
000F04FB,
000F05F0,
000F06E4,
000F07D9,
000F08CD,
000F09C2,
000F0AB7,
000F0BAB,
000F0CA0,
000F0D95,
000F0E8A,
000F0F7F,
000F1074,
000F1168,
000F125D,
000F1353,
000F1448,
000F153D,
000F1632,
000F1727,
000F181C,
000F1912,
000F1A07,
000F1AFC,
000F1BF2,
000F1CE7,
000F1DDD,
000F1ED2,
000F1FC8,
000F20BD,
000F21B3,
000F22A9,
000F239F,
000F2494,
000F258A,
000F2680,
000F2776,
000F286C,
000F2962,
000F2A58,
000F2B4E,
000F2C44,
000F2D3A,
000F2E31,
000F2F27,
000F301D,
000F3114,
000F320A,
000F3300,
000F33F7,
000F34ED,
000F35E4,
000F36DA,
000F37D1,
000F38C8,
000F39BE,
000F3AB5,
000F3BAC,
000F3CA3,
000F3D9A,
000F3E91,
000F3F88,
000F407F,
000F4176,
000F426D,
000F4364,
000F445B,
000F4552,
000F464A,
000F4741,
000F4838,
000F4930,
000F4A27,
000F4B1E,
000F4C16,
000F4D0D,
000F4E05,
000F4EFD,
000F4FF4,
000F50EC,
000F51E4,
000F52DC,
000F53D3,
000F54CB,
000F55C3,
000F56BB,
000F57B3,
000F58AB,
000F59A3,
000F5A9C,
000F5B94,
000F5C8C,
000F5D84,
000F5E7D,
000F5F75,
000F606D,
000F6166,
000F625E,
000F6357,
000F644F,
000F6548,
000F6640,
000F6739,
000F6832,
000F692B,
000F6A23,
000F6B1C,
000F6C15,
000F6D0E,
000F6E07,
000F6F00,
000F6FF9,
000F70F2,
000F71EB,
000F72E5,
000F73DE,
000F74D7,
000F75D0,
000F76CA,
000F77C3,
000F78BD,
000F79B6,
000F7AB0,
000F7BA9,
000F7CA3,
000F7D9C,
000F7E96,
000F7F90,
000F808A,
000F8183,
000F827D,
000F8377,
000F8471,
000F856B,
000F8665,
000F875F,
000F8859,
000F8953,
000F8A4E,
000F8B48,
000F8C42,
000F8D3C,
000F8E37,
000F8F31,
000F902C,
000F9126,
000F9221,
000F931B,
000F9416,
000F9510,
000F960B,
000F9706,
000F9801,
000F98FB,
000F99F6,
000F9AF1,
000F9BEC,
000F9CE7,
000F9DE2,
000F9EDD,
000F9FD8,
000FA0D3,
000FA1CF,
000FA2CA,
000FA3C5,
000FA4C1,
000FA5BC,
000FA6B7,
000FA7B3,
000FA8AE,
000FA9AA,
000FAAA5,
000FABA1,
000FAC9D,
000FAD98,
000FAE94,
000FAF90,
000FB08C,
000FB188,
000FB283,
000FB37F,
000FB47B,
000FB577,
000FB674,
000FB770,
000FB86C,
000FB968,
000FBA64,
000FBB61,
000FBC5D,
000FBD59,
000FBE56,
000FBF52,
000FC04F,
000FC14B,
000FC248,
000FC344,
000FC441,
000FC53E,
000FC63B,
000FC737,
000FC834,
000FC931,
000FCA2E,
000FCB2B,
000FCC28,
000FCD25,
000FCE22,
000FCF1F,
000FD01C,
000FD11A,
000FD217,
000FD314,
000FD412,
000FD50F,
000FD60C,
000FD70A,
000FD807,
000FD905,
000FDA03,
000FDB00,
000FDBFE,
000FDCFC,
000FDDF9,
000FDEF7,
000FDFF5,
000FE0F3,
000FE1F1,
000FE2EF,
000FE3ED,
000FE4EB,
000FE5E9,
000FE6E7,
000FE7E5,
000FE8E4,
000FE9E2,
000FEAE0,
000FEBDF,
000FECDD,
000FEDDB,
000FEEDA,
000FEFD8,
000FF0D7,
000FF1D6,
000FF2D4,
000FF3D3,
000FF4D2,
000FF5D0,
000FF6CF,
000FF7CE,
000FF8CD,
000FF9CC,
000FFACB,
000FFBCA,
000FFCC9,
000FFDC8,
000FFEC7,
000FFFC7,
001000C6,
001001C5,
001002C4,
001003C4,
001004C3,
001005C3,
001006C2,
001007C2,
001008C1,
001009C1,
00100AC1,
00100BC0,
00100CC0,
00100DC0,
00100EC0,
00100FC0,
001010BF,
001011BF,
001012BF,
001013C0,
001014C0,
001015C0,
001016C0,
001017C0,
001018C0,
001019C1,
00101AC1,
00101BC1,
00101CC2,
00101DC2,
00101EC3,
00101FC3,
001020C4,
001021C5,
001022C5,
001023C6,
001024C7,
001025C8,
001026C8,
001027C9,
001028CA,
001029CB,
00102ACC,
00102BCD,
00102CCE,
00102DD0,
00102ED1,
00102FD2,
001030D3,
001031D5,
001032D6,
001033D7,
001034D9,
001035DA,
001036DC,
001037DD,
001038DF,
001039E1,
00103AE2,
00103BE4,
00103CE6,
00103DE8,
00103EEA,
00103FEC,
001040ED,
001041EF,
001042F2,
001043F4,
001044F6,
001045F8,
001046FA,
001047FC,
001048FF,
00104A01,
00104B03,
00104C06,
00104D08,
00104E0B,
00104F0D,
00105010,
00105112,
00105215,
00105318,
0010541B,
0010551D,
00105620,
00105723,
00105826,
00105929,
00105A2C,
00105B2F,
00105C32,
00105D35,
00105E39,
00105F3C,
0010603F,
00106142,
00106246,
00106349,
0010644D,
00106550,
00106654,
00106757,
0010685B,
0010695E,
00106A62,
00106B66,
00106C6A,
00106D6D,
00106E71,
00106F75,
00107079,
0010717D,
00107281,
00107385,
00107489,
0010758E,
00107692,
00107796,
0010789A,
0010799F,
00107AA3,
00107BA7,
00107CAC,
00107DB0,
00107EB5,
00107FB9,
001080BE,
001081C3,
001082C7,
001083CC,
001084D1,
001085D6,
001086DB,
001087E0,
001088E5,
001089EA,
00108AEF,
00108BF4,
00108CF9,
00108DFE,
00108F03,
00109009,
0010910E,
00109213,
00109319,
0010941E,
00109524,
00109629,
0010972F,
00109834,
0010993A,
00109A40,
00109B45,
00109C4B,
00109D51,
00109E57,
00109F5D,
0010A063,
0010A169,
0010A26F,
0010A375,
0010A47B,
0010A581,
0010A687,
0010A78D,
0010A894,
0010A99A,
0010AAA0,
0010ABA7,
0010ACAD,
0010ADB4,
0010AEBA,
0010AFC1,
0010B0C8,
0010B1CE,
0010B2D5,
0010B3DC,
0010B4E2,
0010B5E9,
0010B6F0,
0010B7F7,
0010B8FE,
0010BA05,
0010BB0C,
0010BC13,
0010BD1A,
0010BE22,
0010BF29,
0010C030,
0010C137,
0010C23F,
0010C346,
0010C44E,
0010C555,
0010C65D,
0010C764,
0010C86C,
0010C973,
0010CA7B,
0010CB83,
0010CC8B,
0010CD92,
0010CE9A,
0010CFA2,
0010D0AA,
0010D1B2,
0010D2BA,
0010D3C2,
0010D4CA,
0010D5D3,
0010D6DB,
0010D7E3,
0010D8EB,
0010D9F4,
0010DAFC,
0010DC04,
0010DD0D,
0010DE15,
0010DF1E,
0010E027,
0010E12F,
0010E238,
0010E341,
0010E449,
0010E552,
0010E65B,
0010E764,
0010E86D,
0010E976,
0010EA7F,
0010EB88,
0010EC91,
0010ED9A,
0010EEA3,
0010EFAC,
0010F0B6,
0010F1BF,
0010F2C8,
0010F3D2,
0010F4DB,
0010F5E5,
0010F6EE,
0010F7F8,
0010F901,
0010FA0B,
0010FB15,
0010FC1F,
0010FD28,
0010FE32,
0010FF3C,
00110046,
00110150,
0011025A,
00110364,
0011046E,
00110578,
00110682,
0011078D,
00110897,
001109A1,
00110AAB,
00110BB6,
00110CC0,
00110DCB,
00110ED5,
00110FE0,
001110EA,
001111F5,
00111300,
0011140A,
00111515,
00111620,
0011172B,
00111836,
00111941,
00111A4C,
00111B57,
00111C62,
00111D6D,
00111E78,
00111F83,
0011208F,
0011219A,
001122A5,
001123B0,
001124BC,
001125C7,
001126D3,
001127DE,
001128EA,
001129F6,
00112B01,
00112C0D,
00112D19,
00112E25,
00112F30,
0011303C,
00113148,
00113254,
00113360,
0011346C,
00113578,
00113684,
00113791,
0011389D,
001139A9,
00113AB5,
00113BC2,
00113CCE,
00113DDB,
00113EE7,
00113FF4,
00114100,
0011420D,
00114319,
00114426,
00114533,
00114640,
0011474C,
00114859,
00114966,
00114A73,
00114B80,
00114C8D,
00114D9A,
00114EA7,
00114FB5,
001150C2,
001151CF,
001152DC,
001153EA,
001154F7,
00115605,
00115712,
00115820,
0011592D,
00115A3B,
00115B48,
00115C56,
00115D64,
00115E71,
00115F7F,
0011608D,
0011619B,
001162A9,
001163B7,
001164C5,
001165D3,
001166E1,
001167EF,
001168FE,
00116A0C,
00116B1A,
00116C28,
00116D37,
00116E45,
00116F54,
00117062,
00117171,
0011727F,
0011738E,
0011749D,
001175AB,
001176BA,
001177C9,
001178D8,
001179E7,
00117AF5,
00117C04,
00117D13,
00117E22,
00117F32,
00118041,
00118150,
0011825F,
0011836E,
0011847E,
0011858D,
0011869C,
001187AC,
001188BB,
001189CB,
00118ADB,
00118BEA,
00118CFA,
00118E09,
00118F19,
00119029,
00119139,
00119249,
00119359,
00119469,
00119579,
00119689,
00119799,
001198A9,
001199B9,
00119AC9,
00119BD9,
00119CEA,
00119DFA,
00119F0B,
0011A01B,
0011A12B,
0011A23C,
0011A34D,
0011A45D,
0011A56E,
0011A67E,
0011A78F,
0011A8A0,
0011A9B1,
0011AAC2,
0011ABD3,
0011ACE4,
0011ADF4,
0011AF06,
0011B017,
0011B128,
0011B239,
0011B34A,
0011B45B,
0011B56D,
0011B67E,
0011B78F,
0011B8A1,
0011B9B2,
0011BAC4,
0011BBD5,
0011BCE7,
0011BDF9,
0011BF0A,
0011C01C,
0011C12E,
0011C240,
0011C351,
0011C463,
0011C575,
0011C687,
0011C799,
0011C8AB,
0011C9BD,
0011CAD0,
0011CBE2,
0011CCF4,
0011CE06,
0011CF19,
0011D02B,
0011D13D,
0011D250,
0011D362,
0011D475,
0011D587,
0011D69A,
0011D7AD,
0011D8BF,
0011D9D2,
0011DAE5,
0011DBF8,
0011DD0B,
0011DE1E,
0011DF31,
0011E044,
0011E157,
0011E26A,
0011E37D,
0011E490,
0011E5A3,
0011E6B7,
0011E7CA,
0011E8DD,
0011E9F1,
0011EB04,
0011EC18,
0011ED2B,
0011EE3F,
0011EF52,
0011F066,
0011F17A,
0011F28E,
0011F3A1,
0011F4B5,
0011F5C9,
0011F6DD,
0011F7F1,
0011F905,
0011FA19,
0011FB2D,
0011FC41,
0011FD55,
0011FE6A,
0011FF7E,
00120092,
001201A7,
001202BB,
001203CF,
001204E4,
001205F8,
0012070D,
00120822,
00120936,
00120A4B,
00120B60,
00120C74,
00120D89,
00120E9E,
00120FB3,
001210C8,
001211DD,
001212F2,
00121407,
0012151C,
00121631,
00121747,
0012185C,
00121971,
00121A87,
00121B9C,
00121CB1,
00121DC7,
00121EDC,
00121FF2,
00122108,
0012221D,
00122333,
00122449,
0012255E,
00122674,
0012278A,
001228A0,
001229B6,
00122ACC,
00122BE2,
00122CF8,
00122E0E,
00122F24,
0012303B,
00123151,
00123267,
0012337D,
00123494,
001235AA,
001236C1,
001237D7,
001238EE,
00123A04,
00123B1B,
00123C32,
00123D48,
00123E5F,
00123F76,
0012408D,
001241A4,
001242BB,
001243D2,
001244E9,
00124600,
00124717,
0012482E,
00124945,
00124A5D,
00124B74,
00124C8B,
00124DA3,
00124EBA,
00124FD1,
001250E9,
00125200,
00125318,
00125430,
00125547,
0012565F,
00125777,
0012588F,
001259A7,
00125ABE,
00125BD6,
00125CEE,
00125E06,
00125F1E,
00126037,
0012614F,
00126267,
0012637F,
00126497,
001265B0,
001266C8,
001267E1,
001268F9,
00126A12,
00126B2A,
00126C43,
00126D5B,
00126E74,
00126F8D,
001270A5,
001271BE,
001272D7,
001273F0,
00127509,
00127622,
0012773B,
00127854,
0012796D,
00127A86,
00127B9F,
00127CB9,
00127DD2,
00127EEB,
00128005,
0012811E,
00128238,
00128351,
0012846B,
00128584,
0012869E,
001287B7,
001288D1,
001289EB,
00128B05,
00128C1F,
00128D38,
00128E52,
00128F6C,
00129086,
001291A0,
001292BB,
001293D5,
001294EF,
00129609,
00129723,
0012983E,
00129958,
00129A73,
00129B8D,
00129CA7,
00129DC2,
00129EDD,
00129FF7,
0012A112,
0012A22D,
0012A347,
0012A462,
0012A57D,
0012A698,
0012A7B3,
0012A8CE,
0012A9E9,
0012AB04,
0012AC1F,
0012AD3A,
0012AE55,
0012AF71,
0012B08C,
0012B1A7,
0012B2C3,
0012B3DE,
0012B4F9,
0012B615,
0012B730,
0012B84C,
0012B968,
0012BA83,
0012BB9F,
0012BCBB,
0012BDD7,
0012BEF2,
0012C00E,
0012C12A,
0012C246,
0012C362,
0012C47E,
0012C59A,
0012C6B7,
0012C7D3,
0012C8EF,
0012CA0B,
0012CB28,
0012CC44,
0012CD60,
0012CE7D,
0012CF99,
0012D0B6,
0012D1D2,
0012D2EF,
0012D40C,
0012D528,
0012D645,
0012D762,
0012D87F,
0012D99C,
0012DAB9,
0012DBD6,
0012DCF3,
0012DE10,
0012DF2D,
0012E04A,
0012E167,
0012E284,
0012E3A2,
0012E4BF,
0012E5DC,
0012E6FA,
0012E817,
0012E935,
0012EA52,
0012EB70,
0012EC8D,
0012EDAB,
0012EEC9,
0012EFE6,
0012F104,
0012F222,
0012F340,
0012F45E,
0012F57C,
0012F69A,
0012F7B8,
0012F8D6,
0012F9F4,
0012FB12,
0012FC31,
0012FD4F,
0012FE6D,
0012FF8C,
001300AA,
001301C8,
001302E7,
00130405,
00130524,
00130643,
00130761,
00130880,
0013099F,
00130ABE,
00130BDC,
00130CFB,
00130E1A,
00130F39,
00131058,
00131177,
00131296,
001313B5,
001314D5,
001315F4,
00131713,
00131832,
00131952,
00131A71,
00131B91,
00131CB0,
00131DD0,
00131EEF,
0013200F,
0013212F,
0013224E,
0013236E,
0013248E,
001325AE,
001326CE,
001327ED,
0013290D,
00132A2D,
00132B4E,
00132C6E,
00132D8E,
00132EAE,
00132FCE,
001330EE,
0013320F,
0013332F,
00133450,
00133570,
00133690,
001337B1,
001338D2,
001339F2,
00133B13,
00133C34,
00133D54,
00133E75,
00133F96,
001340B7,
001341D8,
001342F9,
0013441A,
0013453B,
0013465C,
0013477D,
0013489E,
001349C0,
00134AE1,
00134C02,
00134D24,
00134E45,
00134F66,
00135088,
001351A9,
001352CB,
001353ED,
0013550E,
00135630,
00135752,
00135874,
00135995,
00135AB7,
00135BD9,
00135CFB,
00135E1D,
00135F3F,
00136061,
00136184,
001362A6,
001363C8,
001364EA,
0013660D,
0013672F,
00136851,
00136974,
00136A96,
00136BB9,
00136CDB,
00136DFE,
00136F21,
00137043,
00137166,
00137289,
001373AC,
001374CF,
001375F2,
00137715,
00137838,
0013795B,
00137A7E,
00137BA1,
00137CC4,
00137DE7,
00137F0B,
0013802E,
00138151,
00138275,
00138398,
001384BC,
001385DF,
00138703,
00138827,
0013894A,
00138A6E,
00138B92,
00138CB6,
00138DD9,
00138EFD,
00139021,
00139145,
00139269,
0013938D,
001394B1,
001395D6,
001396FA,
0013981E,
00139942,
00139A67,
00139B8B,
00139CAF,
00139DD4,
00139EF8,
0013A01D,
0013A141,
0013A266,
0013A38B,
0013A4B0,
0013A5D4,
0013A6F9,
0013A81E,
0013A943,
0013AA68,
0013AB8D,
0013ACB2,
0013ADD7,
0013AEFC,
0013B021,
0013B146,
0013B26C,
0013B391,
0013B4B6,
0013B5DC,
0013B701,
0013B826,
0013B94C,
0013BA72,
0013BB97,
0013BCBD,
0013BDE2,
0013BF08,
0013C02E,
0013C154,
0013C27A,
0013C3A0,
0013C4C5,
0013C5EB,
0013C712,
0013C838,
0013C95E,
0013CA84,
0013CBAA,
0013CCD0,
0013CDF7,
0013CF1D,
0013D043,
0013D16A,
0013D290,
0013D3B7,
0013D4DD,
0013D604,
0013D72B,
0013D851,
0013D978,
0013DA9F,
0013DBC6,
0013DCEC,
0013DE13,
0013DF3A,
0013E061,
0013E188,
0013E2AF,
0013E3D7,
0013E4FE,
0013E625,
0013E74C,
0013E873,
0013E99B,
0013EAC2,
0013EBEA,
0013ED11,
0013EE39,
0013EF60,
0013F088,
0013F1AF,
0013F2D7,
0013F3FF,
0013F527,
0013F64F,
0013F776,
0013F89E,
0013F9C6,
0013FAEE,
0013FC16,
0013FD3E,
0013FE67,
0013FF8F,
001400B7,
001401DF,
00140307,
00140430,
00140558,
00140681,
001407A9,
001408D2,
001409FA,
00140B23,
00140C4B,
00140D74,
00140E9D,
00140FC6,
001410EF,
00141217,
00141340,
00141469,
00141592,
001416BB,
001417E4,
0014190E,
00141A37,
00141B60,
00141C89,
00141DB3,
00141EDC,
00142005,
0014212F,
00142258,
00142382,
001424AB,
001425D5,
001426FF,
00142828,
00142952,
00142A7C,
00142BA6,
00142CD0,
00142DFA,
00142F24,
0014304E,
00143178,
001432A2,
001433CC,
001434F6,
00143620,
0014374B,
00143875,
0014399F,
00143ACA,
00143BF4,
00143D1F,
00143E49,
00143F74,
0014409E,
001441C9,
001442F4,
0014441E,
00144549,
00144674,
0014479F,
001448CA,
001449F5,
00144B20,
00144C4B,
00144D76,
00144EA1,
00144FCC,
001450F8,
00145223,
0014534E,
0014547A,
001455A5,
001456D1,
001457FC,
00145928,
00145A53,
00145B7F,
00145CAA,
00145DD6,
00145F02,
0014602E,
0014615A,
00146286,
001463B1,
001464DD,
00146609,
00146736,
00146862,
0014698E,
00146ABA,
00146BE6,
00146D13,
00146E3F,
00146F6B,
00147098,
001471C4,
001472F1,
0014741D,
0014754A,
00147676,
001477A3,
001478D0,
001479FD,
00147B29,
00147C56,
00147D83,
00147EB0,
00147FDD,
0014810A,
00148237,
00148364,
00148492,
001485BF,
001486EC,
00148819,
00148947,
00148A74,
00148BA2,
00148CCF,
00148DFD,
00148F2A,
00149058,
00149185,
001492B3,
001493E1,
0014950F,
0014963C,
0014976A,
00149898,
001499C6,
00149AF4,
00149C22,
00149D50,
00149E7E,
00149FAD,
0014A0DB,
0014A209,
0014A337,
0014A466,
0014A594,
0014A6C3,
0014A7F1,
0014A920,
0014AA4E,
0014AB7D,
0014ACAB,
0014ADDA,
0014AF09,
0014B038,
0014B166,
0014B295,
0014B3C4,
0014B4F3,
0014B622,
0014B751,
0014B880,
0014B9B0,
0014BADF,
0014BC0E,
0014BD3D,
0014BE6D,
0014BF9C,
0014C0CB,
0014C1FB,
0014C32A,
0014C45A,
0014C589,
0014C6B9,
0014C7E9,
0014C918,
0014CA48,
0014CB78,
0014CCA8,
0014CDD8,
0014CF08,
0014D038,
0014D168,
0014D298,
0014D3C8,
0014D4F8,
0014D628,
0014D758,
0014D889,
0014D9B9,
0014DAE9,
0014DC1A,
0014DD4A,
0014DE7B,
0014DFAB,
0014E0DC,
0014E20C,
0014E33D,
0014E46E,
0014E59F,
0014E6CF,
0014E800,
0014E931,
0014EA62,
0014EB93,
0014ECC4,
0014EDF5,
0014EF26,
0014F057,
0014F189,
0014F2BA,
0014F3EB,
0014F51D,
0014F64E,
0014F77F,
0014F8B1,
0014F9E2,
0014FB14,
0014FC45,
0014FD77,
0014FEA9,
0014FFDB,
0015010C,
0015023E,
00150370,
001504A2,
001505D4,
00150706,
00150838,
0015096A,
00150A9C,
00150BCE,
00150D01,
00150E33,
00150F65,
00151097,
001511CA,
001512FC,
0015142F,
00151561,
00151694,
001517C6,
001518F9,
00151A2C,
00151B5F,
00151C91,
00151DC4,
00151EF7,
0015202A,
0015215D,
00152290,
001523C3,
001524F6,
00152629,
0015275C,
00152890,
001529C3,
00152AF6,
00152C2A,
00152D5D,
00152E90,
00152FC4,
001530F7,
0015322B,
0015335F,
00153492,
001535C6,
001536FA,
0015382E,
00153961,
00153A95,
00153BC9,
00153CFD,
00153E31,
00153F65,
00154099,
001541CD,
00154302,
00154436,
0015456A,
0015469E,
001547D3,
00154907,
00154A3C,
00154B70,
00154CA5,
00154DD9,
00154F0E,
00155043,
00155177,
001552AC,
001553E1,
00155516,
0015564B,
00155780,
001558B5,
001559EA,
00155B1F,
00155C54,
00155D89,
00155EBE,
00155FF3,
00156129,
0015625E,
00156393,
001564C9,
001565FE,
00156734,
00156869,
0015699F,
00156AD5,
00156C0A,
00156D40,
00156E76,
00156FAC,
001570E2,
00157217,
0015734D,
00157483,
001575B9,
001576F0,
00157826,
0015795C,
00157A92,
00157BC8,
00157CFF,
00157E35,
00157F6B,
001580A2,
001581D8,
0015830F,
00158445,
0015857C,
001586B3,
001587E9,
00158920,
00158A57,
00158B8E,
00158CC5,
00158DFB,
00158F32,
00159069,
001591A0,
001592D8,
0015940F,
00159546,
0015967D,
001597B4,
001598EC,
00159A23,
00159B5A,
00159C92,
00159DC9,
00159F01,
0015A039,
0015A170,
0015A2A8,
0015A3E0,
0015A517,
0015A64F,
0015A787,
0015A8BF,
0015A9F7,
0015AB2F,
0015AC67,
0015AD9F,
0015AED7,
0015B00F,
0015B147,
0015B27F,
0015B3B8,
0015B4F0,
0015B628,
0015B761,
0015B899,
0015B9D2,
0015BB0A,
0015BC43,
0015BD7C,
0015BEB4,
0015BFED,
0015C126,
0015C25F,
0015C397,
0015C4D0,
0015C609,
0015C742,
0015C87B,
0015C9B4,
0015CAEE,
0015CC27,
0015CD60,
0015CE99,
0015CFD2,
0015D10C,
0015D245,
0015D37F,
0015D4B8,
0015D5F2,
0015D72B,
0015D865,
0015D99E,
0015DAD8,
0015DC12,
0015DD4C,
0015DE85,
0015DFBF,
0015E0F9,
0015E233,
0015E36D,
0015E4A7,
0015E5E1,
0015E71B,
0015E856,
0015E990,
0015EACA,
0015EC04,
0015ED3F,
0015EE79,
0015EFB4,
0015F0EE,
0015F229,
0015F363,
0015F49E,
0015F5D8,
0015F713,
0015F84E,
0015F989,
0015FAC4,
0015FBFE,
0015FD39,
0015FE74,
0015FFAF,
001600EA,
00160225,
00160361,
0016049C,
001605D7,
00160712,
0016084E,
00160989,
00160AC4,
00160C00,
00160D3B,
00160E77,
00160FB2,
001610EE,
0016122A,
00161366,
001614A1,
001615DD,
00161719,
00161855,
00161991,
00161ACD,
00161C09,
00161D45,
00161E81,
00161FBD,
001620F9,
00162236,
00162372,
001624AE,
001625EB,
00162727,
00162863,
001629A0,
00162ADD,
00162C19,
00162D56,
00162E92,
00162FCF,
0016310C,
00163249,
00163386,
001634C3,
001635FF,
0016373C,
0016387A,
001639B7,
00163AF4,
00163C31,
00163D6E,
00163EAB,
00163FE9,
00164126,
00164263,
001643A1,
001644DE,
0016461C,
00164759,
00164897,
001649D5,
00164B12,
00164C50,
00164D8E,
00164ECC,
0016500A,
00165148,
00165286,
001653C4,
00165502,
00165640,
0016577E,
001658BC,
001659FA,
00165B38,
00165C77,
00165DB5,
00165EF4,
00166032,
00166171,
001662AF,
001663EE,
0016652C,
0016666B,
001667AA,
001668E8,
00166A27,
00166B66,
00166CA5,
00166DE4,
00166F23,
00167062,
001671A1,
001672E0,
0016741F,
0016755E,
0016769E,
001677DD,
0016791C,
00167A5C,
00167B9B,
00167CDB,
00167E1A,
00167F5A,
00168099,
001681D9,
00168319,
00168458,
00168598,
001686D8,
00168818,
00168958,
00168A98,
00168BD8,
00168D18,
00168E58,
00168F98,
001690D8,
00169218,
00169358,
00169499,
001695D9,
00169719,
0016985A,
0016999A,
00169ADB,
00169C1B,
00169D5C,
00169E9D,
00169FDD,
0016A11E,
0016A25F,
0016A3A0,
0016A4E1,
0016A622,
0016A762,
0016A8A4,
0016A9E5,
0016AB26,
0016AC67,
0016ADA8,
0016AEE9,
0016B02A,
0016B16C,
0016B2AD,
0016B3EF,
0016B530,
0016B671,
0016B7B3,
0016B8F5,
0016BA36,
0016BB78,
0016BCBA,
0016BDFB,
0016BF3D,
0016C07F,
0016C1C1,
0016C303,
0016C445,
0016C587,
0016C6C9,
0016C80B,
0016C94D,
0016CA8F,
0016CBD2,
0016CD14,
0016CE56,
0016CF99,
0016D0DB,
0016D21D,
0016D360,
0016D4A2,
0016D5E5,
0016D728,
0016D86A,
0016D9AD,
0016DAF0,
0016DC33,
0016DD76,
0016DEB8,
0016DFFB,
0016E13E,
0016E281,
0016E3C4,
0016E508,
0016E64B,
0016E78E,
0016E8D1,
0016EA15,
0016EB58,
0016EC9B,
0016EDDF,
0016EF22,
0016F066,
0016F1A9,
0016F2ED,
0016F431,
0016F574,
0016F6B8,
0016F7FC,
0016F940,
0016FA83,
0016FBC7,
0016FD0B,
0016FE4F,
0016FF93,
001700D7,
0017021C,
00170360,
001704A4,
001705E8,
0017072D,
00170871,
001709B5,
00170AFA,
00170C3E,
00170D83,
00170EC7,
0017100C,
00171151,
00171295,
001713DA,
0017151F,
00171664,
001717A9,
001718EE,
00171A33,
00171B78,
00171CBD,
00171E02,
00171F47,
0017208C,
001721D1,
00172317,
0017245C,
001725A1,
001726E7,
0017282C,
00172972,
00172AB7,
00172BFD,
00172D42,
00172E88,
00172FCE,
00173114,
00173259,
0017339F,
001734E5,
0017362B,
00173771,
001738B7,
001739FD,
00173B43,
00173C8A,
00173DD0,
00173F16,
0017405C,
001741A3,
001742E9,
0017442F,
00174576,
001746BC,
00174803,
0017494A,
00174A90,
00174BD7,
00174D1E,
00174E64,
00174FAB,
001750F2,
00175239,
00175380,
001754C7,
0017560E,
00175755,
0017589C,
001759E3,
00175B2B,
00175C72,
00175DB9,
00175F01,
00176048,
0017618F,
001762D7,
0017641F,
00176566,
001766AE,
001767F5,
0017693D,
00176A85,
00176BCD,
00176D14,
00176E5C,
00176FA4,
001770EC,
00177234,
0017737C,
001774C4,
0017760D,
00177755,
0017789D,
001779E5,
00177B2E,
00177C76,
00177DBE,
00177F07,
0017804F,
00178198,
001782E1,
00178429,
00178572,
001786BB,
00178803,
0017894C,
00178A95,
00178BDE,
00178D27,
00178E70,
00178FB9,
00179102,
0017924B,
00179394,
001794DD,
00179627,
00179770,
001798B9,
00179A03,
00179B4C,
00179C96,
00179DDF,
00179F29,
0017A072,
0017A1BC,
0017A306,
0017A44F,
0017A599,
0017A6E3,
0017A82D,
0017A977,
0017AAC1,
0017AC0B,
0017AD55,
0017AE9F,
0017AFE9,
0017B133,
0017B27D,
0017B3C8,
0017B512,
0017B65C,
0017B7A7,
0017B8F1,
0017BA3C,
0017BB86,
0017BCD1,
0017BE1B,
0017BF66,
0017C0B1,
0017C1FB,
0017C346,
0017C491,
0017C5DC,
0017C727,
0017C872,
0017C9BD,
0017CB08,
0017CC53,
0017CD9E,
0017CEE9,
0017D035,
0017D180,
0017D2CB,
0017D417,
0017D562,
0017D6AD,
0017D7F9,
0017D945,
0017DA90,
0017DBDC,
0017DD27,
0017DE73,
0017DFBF,
0017E10B,
0017E257,
0017E3A2,
0017E4EE,
0017E63A,
0017E786,
0017E8D2,
0017EA1F,
0017EB6B,
0017ECB7,
0017EE03,
0017EF50,
0017F09C,
0017F1E8,
0017F335,
0017F481,
0017F5CE,
0017F71A,
0017F867,
0017F9B3,
0017FB00,
0017FC4D,
0017FD9A,
0017FEE6,
00180033,
00180180,
001802CD,
0018041A,
00180567,
001806B4,
00180801,
0018094F,
00180A9C,
00180BE9,
00180D36,
00180E84,
00180FD1,
0018111F,
0018126C,
001813BA,
00181507,
00181655,
001817A3,
001818F0,
00181A3E,
00181B8C,
00181CDA,
00181E27,
00181F75,
001820C3,
00182211,
0018235F,
001824AE,
001825FC,
0018274A,
00182898,
001829E6,
00182B35,
00182C83,
00182DD2,
00182F20,
0018306E,
001831BD,
0018330C,
0018345A,
001835A9,
001836F8,
00183846,
00183995,
00183AE4,
00183C33,
00183D82,
00183ED1,
00184020,
0018416F,
001842BE,
0018440D,
0018455C,
001846AC,
001847FB,
0018494A,
00184A9A,
00184BE9,
00184D39,
00184E88,
00184FD8,
00185127,
00185277,
001853C7,
00185516,
00185666,
001857B6,
00185906,
00185A56,
00185BA6,
00185CF6,
00185E46,
00185F96,
001860E6,
00186236,
00186386,
001864D7,
00186627,
00186777,
001868C8,
00186A18,
00186B69,
00186CB9,
00186E0A,
00186F5A,
001870AB,
001871FC,
0018734C,
0018749D,
001875EE,
0018773F,
00187890,
001879E1,
00187B32,
00187C83,
00187DD4,
00187F25,
00188076,
001881C7,
00188319,
0018846A,
001885BB,
0018870D,
0018885E,
001889B0,
00188B01,
00188C53,
00188DA5,
00188EF6,
00189048,
0018919A,
001892EC,
0018943D,
0018958F,
001896E1,
00189833,
00189985,
00189AD7,
00189C29,
00189D7C,
00189ECE,
0018A020,
0018A172,
0018A2C5,
0018A417,
0018A569,
0018A6BC,
0018A80E,
0018A961,
0018AAB4,
0018AC06,
0018AD59,
0018AEAC,
0018AFFE,
0018B151,
0018B2A4,
0018B3F7,
0018B54A,
0018B69D,
0018B7F0,
0018B943,
0018BA96,
0018BBE9,
0018BD3D,
0018BE90,
0018BFE3,
0018C136,
0018C28A,
0018C3DD,
0018C531,
0018C684,
0018C7D8,
0018C92B,
0018CA7F,
0018CBD3,
0018CD27,
0018CE7A,
0018CFCE,
0018D122,
0018D276,
0018D3CA,
0018D51E,
0018D672,
0018D7C6,
0018D91A,
0018DA6E,
0018DBC3,
0018DD17,
0018DE6B,
0018DFC0,
0018E114,
0018E268,
0018E3BD,
0018E511,
0018E666,
0018E7BB,
0018E90F,
0018EA64,
0018EBB9,
0018ED0E,
0018EE62,
0018EFB7,
0018F10C,
0018F261,
0018F3B6,
0018F50B,
0018F660,
0018F7B6,
0018F90B,
0018FA60,
0018FBB5,
0018FD0B,
0018FE60,
0018FFB5,
0019010B,
00190260,
001903B6,
0019050B,
00190661,
001907B7,
0019090D,
00190A62,
00190BB8,
00190D0E,
00190E64,
00190FBA,
00191110,
00191266,
001913BC,
00191512,
00191668,
001917BE,
00191915,
00191A6B,
00191BC1,
00191D18,
00191E6E,
00191FC5,
0019211B,
00192272,
001923C8,
0019251F,
00192676,
001927CC,
00192923,
00192A7A,
00192BD1,
00192D28,
00192E7F,
00192FD6,
0019312D,
00193284,
001933DB,
00193532,
00193689,
001937E1,
00193938,
00193A8F,
00193BE7,
00193D3E,
00193E96,
00193FED,
00194145,
0019429C,
001943F4,
0019454C,
001946A3,
001947FB,
00194953,
00194AAB,
00194C03,
00194D5B,
00194EB3,
0019500B,
00195163,
001952BB,
00195413,
0019556C,
001956C4,
0019581C,
00195975,
00195ACD,
00195C25,
00195D7E,
00195ED6,
0019602F,
00196188,
001962E0,
00196439,
00196592,
001966EB,
00196843,
0019699C,
00196AF5,
00196C4E,
00196DA7,
00196F00,
0019705A,
001971B3,
0019730C,
00197465,
001975BE,
00197718,
00197871,
001979CB,
00197B24,
00197C7E,
00197DD7,
00197F31,
0019808A,
001981E4,
0019833E,
00198497,
001985F1,
0019874B,
001988A5,
001989FF,
00198B59,
00198CB3,
00198E0D,
00198F67,
001990C1,
0019921C,
00199376,
001994D0,
0019962B,
00199785,
001998DF,
00199A3A,
00199B94,
00199CEF,
00199E4A,
00199FA4,
0019A0FF,
0019A25A,
0019A3B4,
0019A50F,
0019A66A,
0019A7C5,
0019A920,
0019AA7B,
0019ABD6,
0019AD31,
0019AE8C,
0019AFE7,
0019B143,
0019B29E,
0019B3F9,
0019B555,
0019B6B0,
0019B80B,
0019B967,
0019BAC2,
0019BC1E,
0019BD7A,
0019BED5,
0019C031,
0019C18D,
0019C2E9,
0019C444,
0019C5A0,
0019C6FC,
0019C858,
0019C9B4,
0019CB10,
0019CC6C,
0019CDC9,
0019CF25,
0019D081,
0019D1DD,
0019D33A,
0019D496,
0019D5F2,
0019D74F,
0019D8AB,
0019DA08,
0019DB64,
0019DCC1,
0019DE1E,
0019DF7A,
0019E0D7,
0019E234,
0019E391,
0019E4EE,
0019E64B,
0019E7A8,
0019E905,
0019EA62,
0019EBBF,
0019ED1C,
0019EE79,
0019EFD6,
0019F134,
0019F291,
0019F3EE,
0019F54C,
0019F6A9,
0019F807,
0019F964,
0019FAC2,
0019FC20,
0019FD7D,
0019FEDB,
001A0039,
001A0197,
001A02F5,
001A0452,
001A05B0,
001A070E,
001A086C,
001A09CA,
001A0B29,
001A0C87,
001A0DE5,
001A0F43,
001A10A2,
001A1200,
001A135E,
001A14BD,
001A161B,
001A177A,
001A18D8,
001A1A37,
001A1B96,
001A1CF4,
001A1E53,
001A1FB2,
001A2111,
001A226F,
001A23CE,
001A252D,
001A268C,
001A27EB,
001A294A,
001A2AAA,
001A2C09,
001A2D68,
001A2EC7,
001A3027,
001A3186,
001A32E5,
001A3445,
001A35A4,
001A3704,
001A3863,
001A39C3,
001A3B23,
001A3C82,
001A3DE2,
001A3F42,
001A40A2,
001A4202,
001A4361,
001A44C1,
001A4621,
001A4782,
001A48E2,
001A4A42,
001A4BA2,
001A4D02,
001A4E62,
001A4FC3,
001A5123,
001A5284,
001A53E4,
001A5544,
001A56A5,
001A5806,
001A5966,
001A5AC7,
001A5C28,
001A5D88,
001A5EE9,
001A604A,
001A61AB,
001A630C,
001A646D,
001A65CE,
001A672F,
001A6890,
001A69F1,
001A6B52,
001A6CB4,
001A6E15,
001A6F76,
001A70D8,
001A7239,
001A739A,
001A74FC,
001A765D,
001A77BF,
001A7921,
001A7A82,
001A7BE4,
001A7D46,
001A7EA8,
001A800A,
001A816B,
001A82CD,
001A842F,
001A8591,
001A86F3,
001A8856,
001A89B8,
001A8B1A,
001A8C7C,
001A8DDE,
001A8F41,
001A90A3,
001A9206,
001A9368,
001A94CB,
001A962D,
001A9790,
001A98F2,
001A9A55,
001A9BB8,
001A9D1B,
001A9E7D,
001A9FE0,
001AA143,
001AA2A6,
001AA409,
001AA56C,
001AA6CF,
001AA832,
001AA996,
001AAAF9,
001AAC5C,
001AADBF,
001AAF23,
001AB086,
001AB1E9,
001AB34D,
001AB4B0,
001AB614,
001AB778,
001AB8DB,
001ABA3F,
001ABBA3,
001ABD06,
001ABE6A,
001ABFCE,
001AC132,
001AC296,
001AC3FA,
001AC55E,
001AC6C2,
001AC826,
001AC98A,
001ACAEF,
001ACC53,
001ACDB7,
001ACF1C,
001AD080,
001AD1E4,
001AD349,
001AD4AD,
001AD612,
001AD777,
001AD8DB,
001ADA40,
001ADBA5,
001ADD0A,
001ADE6E,
001ADFD3,
001AE138,
001AE29D,
001AE402,
001AE567,
001AE6CC,
001AE831,
001AE997,
001AEAFC,
001AEC61,
001AEDC6,
001AEF2C,
001AF091,
001AF1F7,
001AF35C,
001AF4C2,
001AF627,
001AF78D,
001AF8F2,
001AFA58,
001AFBBE,
001AFD24,
001AFE8A,
001AFFEF,
001B0155,
001B02BB,
001B0421,
001B0587,
001B06EE,
001B0854,
001B09BA,
001B0B20,
001B0C86,
001B0DED,
001B0F53,
001B10B9,
001B1220,
001B1386,
001B14ED,
001B1654,
001B17BA,
001B1921,
001B1A88,
001B1BEE,
001B1D55,
001B1EBC,
001B2023,
001B218A,
001B22F1,
001B2458,
001B25BF,
001B2726,
001B288D,
001B29F4,
001B2B5C,
001B2CC3,
001B2E2A,
001B2F91,
001B30F9,
001B3260,
001B33C8,
001B352F,
001B3697,
001B37FF,
001B3966,
001B3ACE,
001B3C36,
001B3D9E,
001B3F05,
001B406D,
001B41D5,
001B433D,
001B44A5,
001B460D,
001B4775,
001B48DE,
001B4A46,
001B4BAE,
001B4D16,
001B4E7F,
001B4FE7,
001B514F,
001B52B8,
001B5420,
001B5589,
001B56F2,
001B585A,
001B59C3,
001B5B2C,
001B5C94,
001B5DFD,
001B5F66,
001B60CF,
001B6238,
001B63A1,
001B650A,
001B6673,
001B67DC,
001B6945,
001B6AAE,
001B6C18,
001B6D81,
001B6EEA,
001B7054,
001B71BD,
001B7327,
001B7490,
001B75FA,
001B7763,
001B78CD,
001B7A37,
001B7BA0,
001B7D0A,
001B7E74,
001B7FDE,
001B8148,
001B82B2,
001B841C,
001B8586,
001B86F0,
001B885A,
001B89C4,
001B8B2E,
001B8C98,
001B8E03,
001B8F6D,
001B90D8,
001B9242,
001B93AC,
001B9517,
001B9681,
001B97EC,
001B9957,
001B9AC1,
001B9C2C,
001B9D97,
001B9F02,
001BA06D,
001BA1D8,
001BA342,
001BA4AD,
001BA618,
001BA784,
001BA8EF,
001BAA5A,
001BABC5,
001BAD30,
001BAE9C,
001BB007,
001BB172,
001BB2DE,
001BB449,
001BB5B5,
001BB720,
001BB88C,
001BB9F8,
001BBB63,
001BBCCF,
001BBE3B,
001BBFA7,
001BC112,
001BC27E,
001BC3EA,
001BC556,
001BC6C2,
001BC82E,
001BC99B,
001BCB07,
001BCC73,
001BCDDF,
001BCF4C,
001BD0B8,
001BD224,
001BD391,
001BD4FD,
001BD66A,
001BD7D6,
001BD943,
001BDAB0,
001BDC1C,
001BDD89,
001BDEF6,
001BE063,
001BE1CF,
001BE33C,
001BE4A9,
001BE616,
001BE783,
001BE8F0,
001BEA5E,
001BEBCB,
001BED38,
001BEEA5,
001BF013,
001BF180,
001BF2ED,
001BF45B,
001BF5C8,
001BF736,
001BF8A3,
001BFA11,
001BFB7F,
001BFCEC,
001BFE5A,
001BFFC8,
001C0136,
001C02A3,
001C0411,
001C057F,
001C06ED,
001C085B,
001C09C9,
001C0B38,
001C0CA6,
001C0E14,
001C0F82,
001C10F1,
001C125F,
001C13CD,
001C153C,
001C16AA,
001C1819,
001C1987,
001C1AF6,
001C1C65,
001C1DD3,
001C1F42,
001C20B1,
001C2220,
001C238E,
001C24FD,
001C266C,
001C27DB,
001C294A,
001C2AB9,
001C2C29,
001C2D98,
001C2F07,
001C3076,
001C31E6,
001C3355,
001C34C4,
001C3634,
001C37A3,
001C3913,
001C3A82,
001C3BF2,
001C3D62,
001C3ED1,
001C4041,
001C41B1,
001C4321,
001C4491,
001C4600,
001C4770,
001C48E0,
001C4A50,
001C4BC1,
001C4D31,
001C4EA1,
001C5011,
001C5181,
001C52F2,
001C5462,
001C55D2,
001C5743,
001C58B3,
001C5A24,
001C5B94,
001C5D05,
001C5E76,
001C5FE6,
001C6157,
001C62C8,
001C6439,
001C65AA,
001C671A,
001C688B,
001C69FC,
001C6B6D,
001C6CDF,
001C6E50,
001C6FC1,
001C7132,
001C72A3,
001C7415,
001C7586,
001C76F7,
001C7869,
001C79DA,
001C7B4C,
001C7CBD,
001C7E2F,
001C7FA1,
001C8112,
001C8284,
001C83F6,
001C8568,
001C86DA,
001C884B,
001C89BD,
001C8B2F,
001C8CA1,
001C8E14,
001C8F86,
001C90F8,
001C926A,
001C93DC,
001C954F,
001C96C1,
001C9833,
001C99A6,
001C9B18,
001C9C8B,
001C9DFD,
001C9F70,
001CA0E3,
001CA255,
001CA3C8,
001CA53B,
001CA6AE,
001CA821,
001CA993,
001CAB06,
001CAC79,
001CADEC,
001CAF60,
001CB0D3,
001CB246,
001CB3B9,
001CB52C,
001CB6A0,
001CB813,
001CB986,
001CBAFA,
001CBC6D,
001CBDE1,
001CBF54,
001CC0C8,
001CC23C,
001CC3AF,
001CC523,
001CC697,
001CC80B,
001CC97E,
001CCAF2,
001CCC66,
001CCDDA,
001CCF4E,
001CD0C2,
001CD237,
001CD3AB,
001CD51F,
001CD693,
001CD807,
001CD97C,
001CDAF0,
001CDC65,
001CDDD9,
001CDF4E,
001CE0C2,
001CE237,
001CE3AB,
001CE520,
001CE695,
001CE80A,
001CE97E,
001CEAF3,
001CEC68,
001CEDDD,
001CEF52,
001CF0C7,
001CF23C,
001CF3B1,
001CF527,
001CF69C,
001CF811,
001CF986,
001CFAFC,
001CFC71,
001CFDE6,
001CFF5C,
001D00D1,
001D0247,
001D03BD,
001D0532,
001D06A8,
001D081E,
001D0993,
001D0B09,
001D0C7F,
001D0DF5,
001D0F6B,
001D10E1,
001D1257,
001D13CD,
001D1543,
001D16B9,
001D182F,
001D19A6,
001D1B1C,
001D1C92,
001D1E09,
001D1F7F,
001D20F6,
001D226C,
001D23E3,
001D2559,
001D26D0,
001D2847,
001D29BD,
001D2B34,
001D2CAB,
001D2E22,
001D2F99,
001D3110,
001D3287,
001D33FE,
001D3575,
001D36EC,
001D3863,
001D39DA,
001D3B51,
001D3CC9,
001D3E40,
001D3FB7,
001D412F,
001D42A6,
001D441E,
001D4595,
001D470D,
001D4884,
001D49FC,
001D4B74,
001D4CEC,
001D4E63,
001D4FDB,
001D5153,
001D52CB,
001D5443,
001D55BB,
001D5733,
001D58AB,
001D5A23,
001D5B9C,
001D5D14,
001D5E8C,
001D6004,
001D617D,
001D62F5,
001D646E,
001D65E6,
001D675F,
001D68D7,
001D6A50,
001D6BC8,
001D6D41,
001D6EBA,
001D7033,
001D71AC,
001D7324,
001D749D,
001D7616,
001D778F,
001D7908,
001D7A81,
001D7BFB,
001D7D74,
001D7EED,
001D8066,
001D81E0,
001D8359,
001D84D2,
001D864C,
001D87C5,
001D893F,
001D8AB8,
001D8C32,
001D8DAC,
001D8F25,
001D909F,
001D9219,
001D9393,
001D950D,
001D9687,
001D9800,
001D997A,
001D9AF5,
001D9C6F,
001D9DE9,
001D9F63,
001DA0DD,
001DA257,
001DA3D2,
001DA54C,
001DA6C6,
001DA841,
001DA9BB,
001DAB36,
001DACB0,
001DAE2B,
001DAFA6,
001DB120,
001DB29B,
001DB416,
001DB591,
001DB70C,
001DB886,
001DBA01,
001DBB7C,
001DBCF7,
001DBE73,
001DBFEE,
001DC169,
001DC2E4,
001DC45F,
001DC5DB,
001DC756,
001DC8D1,
001DCA4D,
001DCBC8,
001DCD44,
001DCEBF,
001DD03B,
001DD1B6,
001DD332,
001DD4AE,
001DD62A,
001DD7A5,
001DD921,
001DDA9D,
001DDC19,
001DDD95,
001DDF11,
001DE08D,
001DE209,
001DE386,
001DE502,
001DE67E,
001DE7FA,
001DE977,
001DEAF3,
001DEC6F,
001DEDEC,
001DEF68,
001DF0E5,
001DF261,
001DF3DE,
001DF55B,
001DF6D7,
001DF854,
001DF9D1,
001DFB4E,
001DFCCB,
001DFE48,
001DFFC5,
001E0142,
001E02BF,
001E043C,
001E05B9,
001E0736,
001E08B3,
001E0A31,
001E0BAE,
001E0D2B,
001E0EA9,
001E1026,
001E11A4,
001E1321,
001E149F,
001E161C,
001E179A,
001E1918,
001E1A95,
001E1C13,
001E1D91,
001E1F0F,
001E208D,
001E220B,
001E2389,
001E2507,
001E2685,
001E2803,
001E2981,
001E2AFF,
001E2C7E,
001E2DFC,
001E2F7A,
001E30F9,
001E3277,
001E33F6,
001E3574,
001E36F3,
001E3871,
001E39F0,
001E3B6F,
001E3CED,
001E3E6C,
001E3FEB,
001E416A,
001E42E9,
001E4468,
001E45E7,
001E4766,
001E48E5,
001E4A64,
001E4BE3,
001E4D62,
001E4EE2,
001E5061,
001E51E0,
001E5360,
001E54DF,
001E565E,
001E57DE,
001E595D,
001E5ADD,
001E5C5D,
001E5DDC,
001E5F5C,
001E60DC,
001E625C,
001E63DC,
001E655B,
001E66DB,
001E685B,
001E69DB,
001E6B5B,
001E6CDB,
001E6E5C,
001E6FDC,
001E715C,
001E72DC,
001E745D,
001E75DD,
001E775D,
001E78DE,
001E7A5E,
001E7BDF,
001E7D5F,
001E7EE0,
001E8061,
001E81E1,
001E8362,
001E84E3,
001E8664,
001E87E5,
001E8966,
001E8AE7,
001E8C68,
001E8DE9,
001E8F6A,
001E90EB,
001E926C,
001E93ED,
001E956E,
001E96F0,
001E9871,
001E99F3,
001E9B74,
001E9CF5,
001E9E77,
001E9FF8,
001EA17A,
001EA2FC,
001EA47D,
001EA5FF,
001EA781,
001EA903,
001EAA85,
001EAC06,
001EAD88,
001EAF0A,
001EB08C,
001EB20F,
001EB391,
001EB513,
001EB695,
001EB817,
001EB99A,
001EBB1C,
001EBC9E,
001EBE21,
001EBFA3,
001EC126,
001EC2A8,
001EC42B,
001EC5AD,
001EC730,
001EC8B3,
001ECA35,
001ECBB8,
001ECD3B,
001ECEBE,
001ED041,
001ED1C4,
001ED347,
001ED4CA,
001ED64D,
001ED7D0,
001ED953,
001EDAD7,
001EDC5A,
001EDDDD,
001EDF61,
001EE0E4,
001EE267,
001EE3EB,
001EE56E,
001EE6F2,
001EE876,
001EE9F9,
001EEB7D,
001EED01,
001EEE84,
001EF008,
001EF18C,
001EF310,
001EF494,
001EF618,
001EF79C,
001EF920,
001EFAA4,
001EFC28,
001EFDAD,
001EFF31,
001F00B5,
001F0239,
001F03BE,
001F0542,
001F06C7,
001F084B,
001F09D0,
001F0B54,
001F0CD9,
001F0E5E,
001F0FE2,
001F1167,
001F12EC,
001F1471,
001F15F6,
001F177B,
001F1900,
001F1A85,
001F1C0A,
001F1D8F,
001F1F14,
001F2099,
001F221E,
001F23A4,
001F2529,
001F26AE,
001F2834,
001F29B9,
001F2B3F,
001F2CC4,
001F2E4A,
001F2FCF,
001F3155,
001F32DB,
001F3460,
001F35E6,
001F376C,
001F38F2,
001F3A78,
001F3BFE,
001F3D84,
001F3F0A,
001F4090,
001F4216,
001F439C,
001F4522,
001F46A9,
001F482F,
001F49B5,
001F4B3C,
001F4CC2,
001F4E48,
001F4FCF,
001F5155,
001F52DC,
001F5463,
001F55E9,
001F5770,
001F58F7,
001F5A7E,
001F5C04,
001F5D8B,
001F5F12,
001F6099,
001F6220,
001F63A7,
001F652E,
001F66B6,
001F683D,
001F69C4,
001F6B4B,
001F6CD3,
001F6E5A,
001F6FE1,
001F7169,
001F72F0,
001F7478,
001F75FF,
001F7787,
001F790F,
001F7A96,
001F7C1E,
001F7DA6,
001F7F2E,
001F80B5,
001F823D,
001F83C5,
001F854D,
001F86D5,
001F885D,
001F89E6,
001F8B6E,
001F8CF6,
001F8E7E,
001F9006,
001F918F,
001F9317,
001F94A0,
001F9628,
001F97B1,
001F9939,
001F9AC2,
001F9C4A,
001F9DD3,
001F9F5C,
001FA0E4,
001FA26D,
001FA3F6,
001FA57F,
001FA708,
001FA891,
001FAA1A,
001FABA3,
001FAD2C,
001FAEB5,
001FB03E,
001FB1C8,
001FB351,
001FB4DA,
001FB663,
001FB7ED,
001FB976,
001FBB00,
001FBC89,
001FBE13,
001FBF9C,
001FC126,
001FC2B0,
001FC439,
001FC5C3,
001FC74D,
001FC8D7,
001FCA61,
001FCBEB,
001FCD75,
001FCEFF,
001FD089,
001FD213,
001FD39D,
001FD527,
001FD6B2,
001FD83C,
001FD9C6,
001FDB50,
001FDCDB,
001FDE65,
001FDFF0,
001FE17A,
001FE305,
001FE490,
001FE61A,
001FE7A5,
001FE930,
001FEABA,
001FEC45,
001FEDD0,
001FEF5B,
001FF0E6,
001FF271,
001FF3FC,
001FF587,
001FF712,
001FF89D,
001FFA29,
001FFBB4,
001FFD3F,
001FFECA,
00200056,
002001E1,
0020036D,
002004F8,
00200684,
0020080F,
0020099B,
00200B27,
00200CB2,
00200E3E,
00200FCA,
00201156,
002012E2,
0020146E,
002015FA,
00201786,
00201912,
00201A9E,
00201C2A,
00201DB6,
00201F42,
002020CF,
0020225B,
002023E7,
00202574,
00202700,
0020288C,
00202A19,
00202BA6,
00202D32,
00202EBF,
0020304C,
002031D8,
00203365,
002034F2,
0020367F,
0020380C,
00203999,
00203B25,
00203CB3,
00203E40,
00203FCD,
0020415A,
002042E7,
00204474,
00204602,
0020478F,
0020491C,
00204AAA,
00204C37,
00204DC5,
00204F52,
002050E0,
0020526D,
002053FB,
00205589,
00205716,
002058A4,
00205A32,
00205BC0,
00205D4E,
00205EDC,
0020606A,
002061F8,
00206386,
00206514,
002066A2,
00206830,
002069BE,
00206B4D,
00206CDB,
00206E69,
00206FF8,
00207186,
00207315,
002074A3,
00207632,
002077C1,
0020794F,
00207ADE,
00207C6D,
00207DFB,
00207F8A,
00208119,
002082A8,
00208437,
002085C6,
00208755,
002088E4,
00208A73,
00208C02,
00208D92,
00208F21,
002090B0,
00209240,
002093CF,
0020955E,
002096EE,
0020987D,
00209A0D,
00209B9C,
00209D2C,
00209EBC,
0020A04C,
0020A1DB,
0020A36B,
0020A4FB,
0020A68B,
0020A81B,
0020A9AB,
0020AB3B,
0020ACCB,
0020AE5B,
0020AFEB,
0020B17B,
0020B30B,
0020B49C,
0020B62C,
0020B7BC,
0020B94D,
0020BADD,
0020BC6E,
0020BDFE,
0020BF8F,
0020C11F,
0020C2B0,
0020C441,
0020C5D1,
0020C762,
0020C8F3,
0020CA84,
0020CC15,
0020CDA5,
0020CF36,
0020D0C7,
0020D259,
0020D3EA,
0020D57B,
0020D70C,
0020D89D,
0020DA2E,
0020DBC0,
0020DD51,
0020DEE2,
0020E074,
0020E205,
0020E397,
0020E528,
0020E6BA,
0020E84C,
0020E9DD,
0020EB6F,
0020ED01,
0020EE93,
0020F025,
0020F1B6,
0020F348,
0020F4DA,
0020F66C,
0020F7FE,
0020F991,
0020FB23,
0020FCB5,
0020FE47,
0020FFD9,
0021016C,
002102FE,
00210490,
00210623,
002107B5,
00210948,
00210ADA,
00210C6D,
00210E00,
00210F92,
00211125,
002112B8,
0021144B,
002115DE,
00211770,
00211903,
00211A96,
00211C29,
00211DBC,
00211F50,
002120E3,
00212276,
00212409,
0021259C,
00212730,
002128C3,
00212A56,
00212BEA,
00212D7D,
00212F11,
002130A4,
00213238,
002133CC,
0021355F,
002136F3,
00213887,
00213A1B,
00213BAF,
00213D42,
00213ED6,
0021406A,
002141FE,
00214392,
00214527,
002146BB,
0021484F,
002149E3,
00214B77,
00214D0C,
00214EA0,
00215034,
002151C9,
0021535D,
002154F2,
00215687,
0021581B,
002159B0,
00215B44,
00215CD9,
00215E6E,
00216003,
00216198,
0021632D,
002164C1,
00216656,
002167EB,
00216981,
00216B16,
00216CAB,
00216E40,
00216FD5,
0021716A,
00217300,
00217495,
0021762B,
002177C0,
00217955,
00217AEB,
00217C81,
00217E16,
00217FAC,
00218141,
002182D7,
0021846D,
00218603,
00218799,
0021892F,
00218AC5,
00218C5A,
00218DF1,
00218F87,
0021911D,
002192B3,
00219449,
002195DF,
00219776,
0021990C,
00219AA2,
00219C39,
00219DCF,
00219F65,
0021A0FC,
0021A293,
0021A429,
0021A5C0,
0021A756,
0021A8ED,
0021AA84,
0021AC1B,
0021ADB2,
0021AF49,
0021B0DF,
0021B276,
0021B40D,
0021B5A5,
0021B73C,
0021B8D3,
0021BA6A,
0021BC01,
0021BD98,
0021BF30,
0021C0C7,
0021C25F,
0021C3F6,
0021C58D,
0021C725,
0021C8BC,
0021CA54,
0021CBEC,
0021CD83,
0021CF1B,
0021D0B3,
0021D24B,
0021D3E3,
0021D57A,
0021D712,
0021D8AA,
0021DA42,
0021DBDA,
0021DD72,
0021DF0B,
0021E0A3,
0021E23B,
0021E3D3,
0021E56C,
0021E704,
0021E89C,
0021EA35,
0021EBCD,
0021ED66,
0021EEFE,
0021F097,
0021F22F,
0021F3C8,
0021F561,
0021F6FA,
0021F892,
0021FA2B,
0021FBC4,
0021FD5D,
0021FEF6,
0022008F,
00220228,
002203C1,
0022055A,
002206F3,
0022088D,
00220A26,
00220BBF,
00220D59,
00220EF2,
0022108B,
00221225,
002213BE,
00221558,
002216F1,
0022188B,
00221A25,
00221BBE,
00221D58,
00221EF2,
0022208C,
00222226,
002223C0,
0022255A,
002226F4,
0022288E,
00222A28,
00222BC2,
00222D5C,
00222EF6,
00223090,
0022322B,
002233C5,
0022355F,
002236FA,
00223894,
00223A2F,
00223BC9,
00223D64,
00223EFE,
00224099,
00224234,
002243CF,
00224569,
00224704,
0022489F,
00224A3A,
00224BD5,
00224D70,
00224F0B,
002250A6,
00225241,
002253DC,
00225577,
00225713,
002258AE,
00225A49,
00225BE5,
00225D80,
00225F1B,
002260B7,
00226252,
002263EE,
0022658A,
00226725,
002268C1,
00226A5D,
00226BF8,
00226D94,
00226F30,
002270CC,
00227268,
00227404,
002275A0,
0022773C,
002278D8,
00227A74,
00227C10,
00227DAD,
00227F49,
002280E5,
00228282,
0022841E,
002285BA,
00228757,
002288F3,
00228A90,
00228C2C,
00228DC9,
00228F66,
00229102,
0022929F,
0022943C,
002295D9,
00229776,
00229913,
00229AB0,
00229C4D,
00229DEA,
00229F87,
0022A124,
0022A2C1,
0022A45E,
0022A5FB,
0022A799,
0022A936,
0022AAD3,
0022AC71,
0022AE0E,
0022AFAC,
0022B149,
0022B2E7,
0022B485,
0022B622,
0022B7C0,
0022B95E,
0022BAFB,
0022BC99,
0022BE37,
0022BFD5,
0022C173,
0022C311,
0022C4AF,
0022C64D,
0022C7EB,
0022C989,
0022CB28,
0022CCC6,
0022CE64,
0022D002,
0022D1A1,
0022D33F,
0022D4DE,
0022D67C,
0022D81A,
0022D9B9,
0022DB58,
0022DCF6,
0022DE95,
0022E034,
0022E1D2,
0022E371,
0022E510,
0022E6AF,
0022E84E,
0022E9ED,
0022EB8C,
0022ED2B,
0022EECA,
0022F069,
0022F208,
0022F3A8,
0022F547,
0022F6E6,
0022F885,
0022FA25,
0022FBC4,
0022FD64,
0022FF03,
002300A3,
00230242,
002303E2,
00230582,
00230721,
002308C1,
00230A61,
00230C01,
00230DA1,
00230F40,
002310E0,
00231280,
00231420,
002315C0,
00231761,
00231901,
00231AA1,
00231C41,
00231DE1,
00231F82,
00232122,
002322C2,
00232463,
00232603,
002327A4,
00232944,
00232AE5,
00232C86,
00232E26,
00232FC7,
00233168,
00233309,
002334AA,
0023364A,
002337EB,
0023398C,
00233B2D,
00233CCE,
00233E6F,
00234011,
002341B2,
00234353,
002344F4,
00234696,
00234837,
002349D8,
00234B7A,
00234D1B,
00234EBD,
0023505E,
00235200,
002353A1,
00235543,
002356E5,
00235886,
00235A28,
00235BCA,
00235D6C,
00235F0E,
002360B0,
00236252,
002363F4,
00236596,
00236738,
002368DA,
00236A7C,
00236C1E,
00236DC1,
00236F63,
00237105,
002372A8,
0023744A,
002375ED,
0023778F,
00237932,
00237AD4,
00237C77,
00237E1A,
00237FBC,
0023815F,
00238302,
002384A5,
00238648,
002387EB,
0023898D,
00238B30,
00238CD4,
00238E77,
0023901A,
002391BD,
00239360,
00239503,
002396A7,
0023984A,
002399ED,
00239B91,
00239D34,
00239ED8,
0023A07B,
0023A21F,
0023A3C2,
0023A566,
0023A70A,
0023A8AD,
0023AA51,
0023ABF5,
0023AD99,
0023AF3D,
0023B0E1,
0023B285,
0023B429,
0023B5CD,
0023B771,
0023B915,
0023BAB9,
0023BC5D,
0023BE02,
0023BFA6,
0023C14A,
0023C2EF,
0023C493,
0023C637,
0023C7DC,
0023C980,
0023CB25,
0023CCCA,
0023CE6E,
0023D013,
0023D1B8,
0023D35D,
0023D501,
0023D6A6,
0023D84B,
0023D9F0,
0023DB95,
0023DD3A,
0023DEDF,
0023E084,
0023E229,
0023E3CF,
0023E574,
0023E719,
0023E8BE,
0023EA64,
0023EC09,
0023EDAE,
0023EF54,
0023F0F9,
0023F29F,
0023F445,
0023F5EA,
0023F790,
0023F936,
0023FADB,
0023FC81,
0023FE27,
0023FFCD,
00240173,
00240319,
002404BF,
00240665,
0024080B,
002409B1,
00240B57,
00240CFD,
00240EA3,
0024104A,
002411F0,
00241396,
0024153D,
002416E3,
0024188A,
00241A30,
00241BD7,
00241D7D,
00241F24,
002420CB,
00242271,
00242418,
002425BF,
00242766,
0024290D,
00242AB4,
00242C5B,
00242E02,
00242FA9,
00243150,
002432F7,
0024349E,
00243645,
002437EC,
00243994,
00243B3B,
00243CE2,
00243E8A,
00244031,
002441D9,
00244380,
00244528,
002446CF,
00244877,
00244A1F,
00244BC6,
00244D6E,
00244F16,
002450BE,
00245266,
0024540E,
002455B5,
0024575D,
00245906,
00245AAE,
00245C56,
00245DFE,
00245FA6,
0024614E,
002462F7,
0024649F,
00246647,
002467F0,
00246998,
00246B41,
00246CE9,
00246E92,
0024703A,
002471E3,
0024738C,
00247534,
002476DD,
00247886,
00247A2F,
00247BD8,
00247D81,
00247F29,
002480D2,
0024827C,
00248425,
002485CE,
00248777,
00248920,
00248AC9,
00248C73,
00248E1C,
00248FC5,
0024916F,
00249318,
002494C2,
0024966B,
00249815,
002499BE,
00249B68,
00249D12,
00249EBB,
0024A065,
0024A20F,
0024A3B9,
0024A563,
0024A70D,
0024A8B7,
0024AA61,
0024AC0B,
0024ADB5,
0024AF5F,
0024B109,
0024B2B3,
0024B45D,
0024B608,
0024B7B2,
0024B95C,
0024BB07,
0024BCB1,
0024BE5C,
0024C006,
0024C1B1,
0024C35B,
0024C506,
0024C6B1,
0024C85B,
0024CA06,
0024CBB1,
0024CD5C,
0024CF07,
0024D0B2,
0024D25D,
0024D408,
0024D5B3,
0024D75E,
0024D909,
0024DAB4,
0024DC5F,
0024DE0A,
0024DFB6,
0024E161,
0024E30C,
0024E4B8,
0024E663,
0024E80F,
0024E9BA,
0024EB66,
0024ED11,
0024EEBD,
0024F069,
0024F214,
0024F3C0,
0024F56C,
0024F718,
0024F8C4,
0024FA6F,
0024FC1B,
0024FDC7,
0024FF73,
0025011F,
002502CC,
00250478,
00250624,
002507D0,
0025097C,
00250B29,
00250CD5,
00250E81,
0025102E,
002511DA,
00251387,
00251533,
002516E0,
0025188D,
00251A39,
00251BE6,
00251D93,
00251F40,
002520EC,
00252299,
00252446,
002525F3,
002527A0,
0025294D,
00252AFA,
00252CA7,
00252E54,
00253002,
002531AF,
0025335C,
00253509,
002536B7,
00253864,
00253A12,
00253BBF,
00253D6C,
00253F1A,
002540C8,
00254275,
00254423,
002545D1,
0025477E,
0025492C,
00254ADA,
00254C88,
00254E36,
00254FE4,
00255192,
00255340,
002554EE,
0025569C,
0025584A,
002559F8,
00255BA6,
00255D55,
00255F03,
002560B1,
0025625F,
0025640E,
002565BC,
0025676B,
00256919,
00256AC8,
00256C77,
00256E25,
00256FD4,
00257183,
00257331,
002574E0,
0025768F,
0025783E,
002579ED,
00257B9C,
00257D4B,
00257EFA,
002580A9,
00258258,
00258407,
002585B6,
00258766,
00258915,
00258AC4,
00258C74,
00258E23,
00258FD2,
00259182,
00259331,
002594E1,
00259691,
00259840,
002599F0,
00259BA0,
00259D4F,
00259EFF,
0025A0AF,
0025A25F,
0025A40F,
0025A5BF,
0025A76F,
0025A91F,
0025AACF,
0025AC7F,
0025AE2F,
0025AFDF,
0025B18F,
0025B340,
0025B4F0,
0025B6A0,
0025B851,
0025BA01,
0025BBB1,
0025BD62,
0025BF13,
0025C0C3,
0025C274,
0025C424,
0025C5D5,
0025C786,
0025C937,
0025CAE7,
0025CC98,
0025CE49,
0025CFFA,
0025D1AB,
0025D35C,
0025D50D,
0025D6BE,
0025D86F,
0025DA20,
0025DBD2,
0025DD83,
0025DF34,
0025E0E5,
0025E297,
0025E448,
0025E5FA,
0025E7AB,
0025E95D,
0025EB0E,
0025ECC0,
0025EE71,
0025F023,
0025F1D5,
0025F387,
0025F538,
0025F6EA,
0025F89C,
0025FA4E,
0025FC00,
0025FDB2,
0025FF64,
00260116,
002602C8,
0026047A,
0026062C,
002607DF,
00260991,
00260B43,
00260CF6,
00260EA8,
0026105A,
0026120D,
002613BF,
00261572,
00261724,
002618D7,
00261A8A,
00261C3C,
00261DEF,
00261FA2,
00262155,
00262308,
002624BA,
0026266D,
00262820,
002629D3,
00262B86,
00262D39,
00262EED,
002630A0,
00263253,
00263406,
002635B9,
0026376D,
00263920,
00263AD3,
00263C87,
00263E3A,
00263FEE,
002641A1,
00264355,
00264509,
002646BC,
00264870,
00264A24,
00264BD8,
00264D8B,
00264F3F,
002650F3,
002652A7,
0026545B,
0026560F,
002657C3,
00265977,
00265B2B,
00265CDF,
00265E94,
00266048,
002661FC,
002663B1,
00266565,
00266719,
002668CE,
00266A82,
00266C37,
00266DEB,
00266FA0,
00267155,
00267309,
002674BE,
00267673,
00267828,
002679DC,
00267B91,
00267D46,
00267EFB,
002680B0,
00268265,
0026841A,
002685CF,
00268784,
0026893A,
00268AEF,
00268CA4,
00268E59,
0026900F,
002691C4,
00269379,
0026952F,
002696E4,
0026989A,
00269A50,
00269C05,
00269DBB,
00269F70,
0026A126,
0026A2DC,
0026A492,
0026A648,
0026A7FD,
0026A9B3,
0026AB69,
0026AD1F,
0026AED5,
0026B08B,
0026B242,
0026B3F8,
0026B5AE,
0026B764,
0026B91A,
0026BAD1,
0026BC87,
0026BE3D,
0026BFF4,
0026C1AA,
0026C361,
0026C517,
0026C6CE,
0026C884,
0026CA3B,
0026CBF2,
0026CDA9,
0026CF5F,
0026D116,
0026D2CD,
0026D484,
0026D63B,
0026D7F2,
0026D9A9,
0026DB60,
0026DD17,
0026DECE,
0026E085,
0026E23C,
0026E3F4,
0026E5AB,
0026E762,
0026E919,
0026EAD1,
0026EC88,
0026EE40,
0026EFF7,
0026F1AF,
0026F366,
0026F51E,
0026F6D6,
0026F88D,
0026FA45,
0026FBFD,
0026FDB5,
0026FF6C,
00270124,
002702DC,
00270494,
0027064C,
00270804,
002709BC,
00270B74,
00270D2D,
00270EE5,
0027109D,
00271255,
0027140E,
002715C6,
0027177E,
00271937,
00271AEF,
00271CA8,
00271E60,
00272019,
002721D1,
0027238A,
00272543,
002726FC,
002728B4,
00272A6D,
00272C26,
00272DDF,
00272F98,
00273151,
0027330A,
002734C3,
0027367C,
00273835,
002739EE,
00273BA7,
00273D61,
00273F1A,
002740D3,
0027428C,
00274446,
002745FF,
002747B9,
00274972,
00274B2C,
00274CE5,
00274E9F,
00275059,
00275212,
002753CC,
00275586,
00275740,
002758F9,
00275AB3,
00275C6D,
00275E27,
00275FE1,
0027619B,
00276355,
0027650F,
002766CA,
00276884,
00276A3E,
00276BF8,
00276DB3,
00276F6D,
00277127,
002772E2,
0027749C,
00277657,
00277811,
002779CC,
00277B86,
00277D41,
00277EFC,
002780B6,
00278271,
0027842C,
002785E7,
002787A2,
0027895D,
00278B17,
00278CD2,
00278E8E,
00279049,
00279204,
002793BF,
0027957A,
00279735,
002798F0,
00279AAC,
00279C67,
00279E22,
00279FDE,
0027A199,
0027A355,
0027A510,
0027A6CC,
0027A887,
0027AA43,
0027ABFF,
0027ADBA,
0027AF76,
0027B132,
0027B2EE,
0027B4AA,
0027B666,
0027B822,
0027B9DE,
0027BB9A,
0027BD56,
0027BF12,
0027C0CE,
0027C28A,
0027C446,
0027C602,
0027C7BF,
0027C97B,
0027CB37,
0027CCF4,
0027CEB0,
0027D06D,
0027D229,
0027D3E6,
0027D5A2,
0027D75F,
0027D91C,
0027DAD8,
0027DC95,
0027DE52,
0027E00F,
0027E1CB,
0027E388,
0027E545,
0027E702,
0027E8BF,
0027EA7C,
0027EC39,
0027EDF7,
0027EFB4,
0027F171,
0027F32E,
0027F4EB,
0027F6A9,
0027F866,
0027FA23,
0027FBE1,
0027FD9E,
0027FF5C,
00280119,
002802D7,
00280494,
00280652,
00280810,
002809CE,
00280B8B,
00280D49,
00280F07,
002810C5,
00281283,
00281441,
002815FF,
002817BD,
0028197B,
00281B39,
00281CF7,
00281EB5,
00282073,
00282232,
002823F0,
002825AE,
0028276D,
0028292B,
00282AE9,
00282CA8,
00282E66,
00283025,
002831E4,
002833A2,
00283561,
0028371F,
002838DE,
00283A9D,
00283C5C,
00283E1B,
00283FDA,
00284198,
00284357,
00284516,
002846D6,
00284895,
00284A54,
00284C13,
00284DD2,
00284F91,
00285151,
00285310,
002854CF,
0028568F,
0028584E,
00285A0D,
00285BCD,
00285D8C,
00285F4C,
0028610C,
002862CB,
0028648B,
0028664B,
0028680A,
002869CA,
00286B8A,
00286D4A,
00286F0A,
002870CA,
0028728A,
0028744A,
0028760A,
002877CA,
0028798A,
00287B4A,
00287D0A,
00287ECB,
0028808B,
0028824B,
0028840C,
002885CC,
0028878C,
0028894D,
00288B0D,
00288CCE,
00288E8F,
0028904F,
00289210,
002893D0,
00289591,
00289752,
00289913,
00289AD4,
00289C94,
00289E55,
0028A016,
0028A1D7,
0028A398,
0028A559,
0028A71B,
0028A8DC,
0028AA9D,
0028AC5E,
0028AE1F,
0028AFE1,
0028B1A2,
0028B363,
0028B525,
0028B6E6,
0028B8A8,
0028BA69,
0028BC2B,
0028BDEC,
0028BFAE,
0028C170,
0028C331,
0028C4F3,
0028C6B5,
0028C877,
0028CA38,
0028CBFA,
0028CDBC,
0028CF7E,
0028D140,
0028D302,
0028D4C4,
0028D686,
0028D849,
0028DA0B,
0028DBCD,
0028DD8F,
0028DF52,
0028E114,
0028E2D6,
0028E499,
0028E65B,
0028E81E,
0028E9E0,
0028EBA3,
0028ED65,
0028EF28,
0028F0EB,
0028F2AD,
0028F470,
0028F633,
0028F7F6,
0028F9B8,
0028FB7B,
0028FD3E,
0028FF01,
002900C4,
00290287,
0029044A,
0029060D,
002907D1,
00290994,
00290B57,
00290D1A,
00290EDE,
002910A1,
00291264,
00291428,
002915EB,
002917AF,
00291972,
00291B36,
00291CF9,
00291EBD,
00292081,
00292244,
00292408,
002925CC,
00292790,
00292954,
00292B17,
00292CDB,
00292E9F,
00293063,
00293227,
002933EB,
002935B0,
00293774,
00293938,
00293AFC,
00293CC0,
00293E85,
00294049,
0029420D,
002943D2,
00294596,
0029475B,
0029491F,
00294AE4,
00294CA8,
00294E6D,
00295032,
002951F6,
002953BB,
00295580,
00295745,
0029590A,
00295ACE,
00295C93,
00295E58,
0029601D,
002961E2,
002963A7,
0029656D,
00296732,
002968F7,
00296ABC,
00296C81,
00296E47,
0029700C,
002971D1,
00297397,
0029755C,
00297722,
002978E7,
00297AAD,
00297C72,
00297E38,
00297FFE,
002981C3,
00298389,
0029854F,
00298715,
002988DA,
00298AA0,
00298C66,
00298E2C,
00298FF2,
002991B8,
0029937E,
00299544,
0029970B,
002998D1,
00299A97,
00299C5D,
00299E24,
00299FEA,
0029A1B0,
0029A377,
0029A53D,
0029A703,
0029A8CA,
0029AA91,
0029AC57,
0029AE1E,
0029AFE4,
0029B1AB,
0029B372,
0029B539,
0029B6FF,
0029B8C6,
0029BA8D,
0029BC54,
0029BE1B,
0029BFE2,
0029C1A9,
0029C370,
0029C537,
0029C6FE,
0029C8C5,
0029CA8D,
0029CC54,
0029CE1B,
0029CFE2,
0029D1AA,
0029D371,
0029D539,
0029D700,
0029D8C7,
0029DA8F,
0029DC57,
0029DE1E,
0029DFE6,
0029E1AD,
0029E375,
0029E53D,
0029E705,
0029E8CD,
0029EA94,
0029EC5C,
0029EE24,
0029EFEC,
0029F1B4,
0029F37C,
0029F544,
0029F70C,
0029F8D5,
0029FA9D,
0029FC65,
0029FE2D,
0029FFF6,
002A01BE,
002A0386,
002A054F,
002A0717,
002A08E0,
002A0AA8,
002A0C71,
002A0E39,
002A1002,
002A11CB,
002A1393,
002A155C,
002A1725,
002A18EE,
002A1AB6,
002A1C7F,
002A1E48,
002A2011,
002A21DA,
002A23A3,
002A256C,
002A2735,
002A28FE,
002A2AC8,
002A2C91,
002A2E5A,
002A3023,
002A31ED,
002A33B6,
002A357F,
002A3749,
002A3912,
002A3ADC,
002A3CA5,
002A3E6F,
002A4038,
002A4202,
002A43CC,
002A4595,
002A475F,
002A4929,
002A4AF3,
002A4CBD,
002A4E87,
002A5050,
002A521A,
002A53E4,
002A55AE,
002A5779,
002A5943,
002A5B0D,
002A5CD7,
002A5EA1,
002A606B,
002A6236,
002A6400,
002A65CA,
002A6795,
002A695F,
002A6B2A,
002A6CF4,
002A6EBF,
002A7089,
002A7254,
002A741F,
002A75E9,
002A77B4,
002A797F,
002A7B4A,
002A7D14,
002A7EDF,
002A80AA,
002A8275,
002A8440,
002A860B,
002A87D6,
002A89A1,
002A8B6C,
002A8D37,
002A8F03,
002A90CE,
002A9299,
002A9464,
002A9630,
002A97FB,
002A99C7,
002A9B92,
002A9D5D,
002A9F29,
002AA0F5,
002AA2C0,
002AA48C,
002AA657,
002AA823,
002AA9EF,
002AABBB,
002AAD86,
002AAF52,
002AB11E,
002AB2EA,
002AB4B6,
002AB682,
002AB84E,
002ABA1A,
002ABBE6,
002ABDB2,
002ABF7E,
002AC14B,
002AC317,
002AC4E3,
002AC6AF,
002AC87C,
002ACA48,
002ACC14,
002ACDE1,
002ACFAD,
002AD17A,
002AD346,
002AD513,
002AD6E0,
002AD8AC,
002ADA79,
002ADC46,
002ADE13,
002ADFDF,
002AE1AC,
002AE379,
002AE546,
002AE713,
002AE8E0,
002AEAAD,
002AEC7A,
002AEE47,
002AF014,
002AF1E1,
002AF3AF,
002AF57C,
002AF749,
002AF916,
002AFAE4,
002AFCB1,
002AFE7E,
002B004C,
002B0219,
002B03E7,
002B05B4,
002B0782,
002B0950,
002B0B1D,
002B0CEB,
002B0EB9,
002B1087,
002B1254,
002B1422,
002B15F0,
002B17BE,
002B198C,
002B1B5A,
002B1D28,
002B1EF6,
002B20C4,
002B2292,
002B2460,
002B262E,
002B27FD,
002B29CB,
002B2B99,
002B2D68,
002B2F36,
002B3104,
002B32D3,
002B34A1,
002B3670,
002B383E,
002B3A0D,
002B3BDC,
002B3DAA,
002B3F79,
002B4148,
002B4316,
002B44E5,
002B46B4,
002B4883,
002B4A52,
002B4C21,
002B4DF0,
002B4FBF,
002B518E,
002B535D,
002B552C,
002B56FB,
002B58CA,
002B5A99,
002B5C69,
002B5E38,
002B6007,
002B61D7,
002B63A6,
002B6576,
002B6745,
002B6915,
002B6AE4,
002B6CB4,
002B6E83,
002B7053,
002B7223,
002B73F2,
002B75C2,
002B7792,
002B7962,
002B7B31,
002B7D01,
002B7ED1,
002B80A1,
002B8271,
002B8441,
002B8611,
002B87E1,
002B89B2,
002B8B82,
002B8D52,
002B8F22,
002B90F3,
002B92C3,
002B9493,
002B9664,
002B9834,
002B9A04,
002B9BD5,
002B9DA5,
002B9F76,
002BA147,
002BA317,
002BA4E8,
002BA6B9,
002BA889,
002BAA5A,
002BAC2B,
002BADFC,
002BAFCD,
002BB19E,
002BB36E,
002BB53F,
002BB710,
002BB8E2,
002BBAB3,
002BBC84,
002BBE55,
002BC026,
002BC1F7,
002BC3C9,
002BC59A,
002BC76B,
002BC93D,
002BCB0E,
002BCCDF,
002BCEB1,
002BD082,
002BD254,
002BD426,
002BD5F7,
002BD7C9,
002BD99A,
002BDB6C,
002BDD3E,
002BDF10,
002BE0E2,
002BE2B3,
002BE485,
002BE657,
002BE829,
002BE9FB,
002BEBCD,
002BED9F,
002BEF71,
002BF143,
002BF316,
002BF4E8,
002BF6BA,
002BF88C,
002BFA5F,
002BFC31,
002BFE03,
002BFFD6,
002C01A8,
002C037B,
002C054D,
002C0720,
002C08F2,
002C0AC5,
002C0C98,
002C0E6A,
002C103D,
002C1210,
002C13E3,
002C15B6,
002C1788,
002C195B,
002C1B2E,
002C1D01,
002C1ED4,
002C20A7,
002C227A,
002C244D,
002C2621,
002C27F4,
002C29C7,
002C2B9A,
002C2D6E,
002C2F41,
002C3114,
002C32E8,
002C34BB,
002C368E,
002C3862,
002C3A35,
002C3C09,
002C3DDD,
002C3FB0,
002C4184,
002C4358,
002C452B,
002C46FF,
002C48D3,
002C4AA7,
002C4C7B,
002C4E4F,
002C5023,
002C51F7,
002C53CB,
002C559F,
002C5773,
002C5947,
002C5B1B,
002C5CEF,
002C5EC3,
002C6098,
002C626C,
002C6440,
002C6615,
002C67E9,
002C69BD,
002C6B92,
002C6D66,
002C6F3B,
002C710F,
002C72E4,
002C74B9,
002C768D,
002C7862,
002C7A37,
002C7C0C,
002C7DE0,
002C7FB5,
002C818A,
002C835F,
002C8534,
002C8709,
002C88DE,
002C8AB3,
002C8C88,
002C8E5D,
002C9032,
002C9207,
002C93DD,
002C95B2,
002C9787,
002C995D,
002C9B32,
002C9D07,
002C9EDD,
002CA0B2,
002CA288,
002CA45D,
002CA633,
002CA808,
002CA9DE,
002CABB4,
002CAD89,
002CAF5F,
002CB135,
002CB30B,
002CB4E1,
002CB6B6,
002CB88C,
002CBA62,
002CBC38,
002CBE0E,
002CBFE4,
002CC1BA,
002CC390,
002CC567,
002CC73D,
002CC913,
002CCAE9,
002CCCC0,
002CCE96,
002CD06C,
002CD243,
002CD419,
002CD5EF,
002CD7C6,
002CD99C,
002CDB73,
002CDD4A,
002CDF20,
002CE0F7,
002CE2CE,
002CE4A4,
002CE67B,
002CE852,
002CEA29,
002CEC00,
002CEDD6,
002CEFAD,
002CF184,
002CF35B,
002CF532,
002CF709,
002CF8E1,
002CFAB8,
002CFC8F,
002CFE66,
002D003D,
002D0215,
002D03EC,
002D05C3,
002D079B,
002D0972,
002D0B49,
002D0D21,
002D0EF8,
002D10D0,
002D12A8,
002D147F,
002D1657,
002D182E,
002D1A06,
002D1BDE,
002D1DB6,
002D1F8E,
002D2165,
002D233D,
002D2515,
002D26ED,
002D28C5,
002D2A9D,
002D2C75,
002D2E4D,
002D3025,
002D31FE,
002D33D6,
002D35AE,
002D3786,
002D395F,
002D3B37,
002D3D0F,
002D3EE8,
002D40C0,
002D4298,
002D4471,
002D4649,
002D4822,
002D49FB,
002D4BD3,
002D4DAC,
002D4F85,
002D515D,
002D5336,
002D550F,
002D56E8,
002D58C1,
002D5A9A,
002D5C72,
002D5E4B,
002D6024,
002D61FD,
002D63D7,
002D65B0,
002D6789,
002D6962,
002D6B3B,
002D6D14,
002D6EEE,
002D70C7,
002D72A0,
002D747A,
002D7653,
002D782C,
002D7A06,
002D7BDF,
002D7DB9,
002D7F93,
002D816C,
002D8346,
002D851F,
002D86F9,
002D88D3,
002D8AAD,
002D8C87,
002D8E60,
002D903A,
002D9214,
002D93EE,
002D95C8,
002D97A2,
002D997C,
002D9B56,
002D9D30,
002D9F0A,
002DA0E5,
002DA2BF,
002DA499,
002DA673,
002DA84E,
002DAA28,
002DAC02,
002DADDD,
002DAFB7,
002DB192,
002DB36C,
002DB547,
002DB721,
002DB8FC,
002DBAD7,
002DBCB1,
002DBE8C,
002DC067,
002DC242,
002DC41C,
002DC5F7,
002DC7D2,
002DC9AD,
002DCB88,
002DCD63,
002DCF3E,
002DD119,
002DD2F4,
002DD4CF,
002DD6AA,
002DD885,
002DDA61,
002DDC3C,
002DDE17,
002DDFF3,
002DE1CE,
002DE3A9,
002DE585,
002DE760,
002DE93C,
002DEB17,
002DECF3,
002DEECE,
002DF0AA,
002DF285,
002DF461,
002DF63D,
002DF819,
002DF9F4,
002DFBD0,
002DFDAC,
002DFF88,
002E0164,
002E0340,
002E051C,
002E06F8,
002E08D4,
002E0AB0,
002E0C8C,
002E0E68,
002E1044,
002E1221,
002E13FD,
002E15D9,
002E17B5,
002E1992,
002E1B6E,
002E1D4B,
002E1F27,
002E2103,
002E22E0,
002E24BC,
002E2699,
002E2876,
002E2A52,
002E2C2F,
002E2E0C,
002E2FE8,
002E31C5,
002E33A2,
002E357F,
002E375C,
002E3939,
002E3B16,
002E3CF3,
002E3ED0,
002E40AD,
002E428A,
002E4467,
002E4644,
002E4821,
002E49FE,
002E4BDB,
002E4DB9,
002E4F96,
002E5173,
002E5351,
002E552E,
002E570C,
002E58E9,
002E5AC7,
002E5CA4,
002E5E82,
002E605F,
002E623D,
002E641B,
002E65F8,
002E67D6,
002E69B4,
002E6B91,
002E6D6F,
002E6F4D,
002E712B,
002E7309,
002E74E7,
002E76C5,
002E78A3,
002E7A81,
002E7C5F,
002E7E3D,
002E801B,
002E81FA,
002E83D8,
002E85B6,
002E8794,
002E8973,
002E8B51,
002E8D2F,
002E8F0E,
002E90EC,
002E92CB,
002E94A9,
002E9688,
002E9866,
002E9A45,
002E9C24,
002E9E02,
002E9FE1,
002EA1C0,
002EA39F,
002EA57D,
002EA75C,
002EA93B,
002EAB1A,
002EACF9,
002EAED8,
002EB0B7,
002EB296,
002EB475,
002EB654,
002EB833,
002EBA12,
002EBBF2,
002EBDD1,
002EBFB0,
002EC18F,
002EC36F,
002EC54E,
002EC72D,
002EC90D,
002ECAEC,
002ECCCC,
002ECEAB,
002ED08B,
002ED26B,
002ED44A,
002ED62A,
002ED80A,
002ED9E9,
002EDBC9,
002EDDA9,
002EDF89,
002EE168,
002EE348,
002EE528,
002EE708,
002EE8E8,
002EEAC8,
002EECA8,
002EEE88,
002EF068,
002EF249,
002EF429,
002EF609,
002EF7E9,
002EF9C9,
002EFBAA,
002EFD8A,
002EFF6A,
002F014B,
002F032B,
002F050C,
002F06EC,
002F08CD,
002F0AAD,
002F0C8E,
002F0E6F,
002F104F,
002F1230,
002F1411,
002F15F1,
002F17D2,
002F19B3,
002F1B94,
002F1D75,
002F1F56,
002F2137,
002F2318,
002F24F9,
002F26DA,
002F28BB,
002F2A9C,
002F2C7D,
002F2E5E,
002F303F,
002F3221,
002F3402,
002F35E3,
002F37C5,
002F39A6,
002F3B87,
002F3D69,
002F3F4A,
002F412C,
002F430D,
002F44EF,
002F46D0,
002F48B2,
002F4A94,
002F4C75,
002F4E57,
002F5039,
002F521B,
002F53FC,
002F55DE,
002F57C0,
002F59A2,
002F5B84,
002F5D66,
002F5F48,
002F612A,
002F630C,
002F64EE,
002F66D0,
002F68B3,
002F6A95,
002F6C77,
002F6E59,
002F703C,
002F721E,
002F7400,
002F75E3,
002F77C5,
002F79A8,
002F7B8A,
002F7D6D,
002F7F4F,
002F8132,
002F8314,
002F84F7,
002F86DA,
002F88BC,
002F8A9F,
002F8C82,
002F8E65,
002F9047,
002F922A,
002F940D,
002F95F0,
002F97D3,
002F99B6,
002F9B99,
002F9D7C,
002F9F5F,
002FA142,
002FA326,
002FA509,
002FA6EC,
002FA8CF,
002FAAB3,
002FAC96,
002FAE79,
002FB05D,
002FB240,
002FB423,
002FB607,
002FB7EA,
002FB9CE,
002FBBB2,
002FBD95,
002FBF79,
002FC15C,
002FC340,
002FC524,
002FC708,
002FC8EB,
002FCACF,
002FCCB3,
002FCE97,
002FD07B,
002FD25F,
002FD443,
002FD627,
002FD80B,
002FD9EF,
002FDBD3,
002FDDB7,
002FDF9B,
002FE180,
002FE364,
002FE548,
002FE72C,
002FE911,
002FEAF5,
002FECDA,
002FEEBE,
002FF0A2,
002FF287,
002FF46B,
002FF650,
002FF835,
002FFA19,
002FFBFE,
002FFDE2,
002FFFC7,
003001AC,
00300391,
00300576,
0030075A,
0030093F,
00300B24,
00300D09,
00300EEE,
003010D3,
003012B8,
0030149D,
00301682,
00301867,
00301A4C,
00301C32,
00301E17,
00301FFC,
003021E1,
003023C7,
003025AC,
00302791,
00302977,
00302B5C,
00302D42,
00302F27,
0030310D,
003032F2,
003034D8,
003036BD,
003038A3,
00303A89,
00303C6E,
00303E54,
0030403A,
00304220,
00304406,
003045EB,
003047D1,
003049B7,
00304B9D,
00304D83,
00304F69,
0030514F,
00305335,
0030551B,
00305702,
003058E8,
00305ACE,
00305CB4,
00305E9B,
00306081,
00306267,
0030644E,
00306634,
0030681A,
00306A01,
00306BE7,
00306DCE,
00306FB4,
0030719B,
00307382,
00307568,
0030774F,
00307936,
00307B1C,
00307D03,
00307EEA,
003080D1,
003082B8,
0030849F,
00308685,
0030886C,
00308A53,
00308C3A,
00308E21,
00309009,
003091F0,
003093D7,
003095BE,
003097A5,
0030998C,
00309B74,
00309D5B,
00309F42,
0030A12A,
0030A311,
0030A4F8,
0030A6E0,
0030A8C7,
0030AAAF,
0030AC96,
0030AE7E,
0030B066,
0030B24D,
0030B435,
0030B61D,
0030B804,
0030B9EC,
0030BBD4,
0030BDBC,
0030BFA4,
0030C18B,
0030C373,
0030C55B,
0030C743,
0030C92B,
0030CB13,
0030CCFB,
0030CEE3,
0030D0CC,
0030D2B4,
0030D49C,
0030D684,
0030D86C,
0030DA55,
0030DC3D,
0030DE25,
0030E00E,
0030E1F6,
0030E3DF,
0030E5C7,
0030E7AF,
0030E998,
0030EB81,
0030ED69,
0030EF52,
0030F13A,
0030F323,
0030F50C,
0030F6F5,
0030F8DD,
0030FAC6,
0030FCAF,
0030FE98,
00310081,
0031026A,
00310453,
0031063C,
00310825,
00310A0E,
00310BF7,
00310DE0,
00310FC9,
003111B2,
0031139B,
00311585,
0031176E,
00311957,
00311B40,
00311D2A,
00311F13,
003120FD,
003122E6,
003124CF,
003126B9,
003128A3,
00312A8C,
00312C76,
00312E5F,
00313049,
00313233,
0031341C,
00313606,
003137F0,
003139DA,
00313BC4,
00313DAD,
00313F97,
00314181,
0031436B,
00314555,
0031473F,
00314929,
00314B13,
00314CFD,
00314EE8,
003150D2,
003152BC,
003154A6,
00315690,
0031587B,
00315A65,
00315C4F,
00315E3A,
00316024,
0031620F,
003163F9,
003165E4,
003167CE,
003169B9,
00316BA3,
00316D8E,
00316F79,
00317163,
0031734E,
00317539,
00317723,
0031790E,
00317AF9,
00317CE4,
00317ECF,
003180BA,
003182A5,
00318490,
0031867B,
00318866,
00318A51,
00318C3C,
00318E27,
00319012,
003191FD,
003193E9,
003195D4,
003197BF,
003199AB,
00319B96,
00319D81,
00319F6D,
0031A158,
0031A344,
0031A52F,
0031A71B,
0031A906,
0031AAF2,
0031ACDD,
0031AEC9,
0031B0B5,
0031B2A0,
0031B48C,
0031B678,
0031B864,
0031BA4F,
0031BC3B,
0031BE27,
0031C013,
0031C1FF,
0031C3EB,
0031C5D7,
0031C7C3,
0031C9AF,
0031CB9B,
0031CD87,
0031CF73,
0031D160,
0031D34C,
0031D538,
0031D724,
0031D911,
0031DAFD,
0031DCE9,
0031DED6,
0031E0C2,
0031E2AF,
0031E49B,
0031E688,
0031E874,
0031EA61,
0031EC4D,
0031EE3A,
0031F027,
0031F213,
0031F400,
0031F5ED,
0031F7DA,
0031F9C6,
0031FBB3,
0031FDA0,
0031FF8D,
0032017A,
00320367,
00320554,
00320741,
0032092E,
00320B1B,
00320D08,
00320EF5,
003210E2,
003212CF,
003214BD,
003216AA,
00321897,
00321A85,
00321C72,
00321E5F,
0032204D,
0032223A,
00322428,
00322615,
00322803,
003229F0,
00322BDE,
00322DCB,
00322FB9,
003231A7,
00323394,
00323582,
00323770,
0032395D,
00323B4B,
00323D39,
00323F27,
00324115,
00324303,
003244F1,
003246DF,
003248CD,
00324ABB,
00324CA9,
00324E97,
00325085,
00325273,
00325461,
00325650,
0032583E,
00325A2C,
00325C1A,
00325E09,
00325FF7,
003261E6,
003263D4,
003265C2,
003267B1,
0032699F,
00326B8E,
00326D7D,
00326F6B,
0032715A,
00327348,
00327537,
00327726,
00327915,
00327B03,
00327CF2,
00327EE1,
003280D0,
003282BF,
003284AE,
0032869D,
0032888C,
00328A7B,
00328C6A,
00328E59,
00329048,
00329237,
00329426,
00329615,
00329804,
003299F4,
00329BE3,
00329DD2,
00329FC2,
0032A1B1,
0032A3A0,
0032A590,
0032A77F,
0032A96F,
0032AB5E,
0032AD4E,
0032AF3D,
0032B12D,
0032B31C,
0032B50C,
0032B6FC,
0032B8EC,
0032BADB,
0032BCCB,
0032BEBB,
0032C0AB,
0032C29A,
0032C48A,
0032C67A,
0032C86A,
0032CA5A,
0032CC4A,
0032CE3A,
0032D02A,
0032D21A,
0032D40A,
0032D5FB,
0032D7EB,
0032D9DB,
0032DBCB,
0032DDBB,
0032DFAC,
0032E19C,
0032E38C,
0032E57D,
0032E76D,
0032E95D,
0032EB4E,
0032ED3E,
0032EF2F,
0032F11F,
0032F310,
0032F501,
0032F6F1,
0032F8E2,
0032FAD3,
0032FCC3,
0032FEB4,
003300A5,
00330296,
00330486,
00330677,
00330868,
00330A59,
00330C4A,
00330E3B,
0033102C,
0033121D,
0033140E,
003315FF,
003317F0,
003319E1,
00331BD3,
00331DC4,
00331FB5,
003321A6,
00332398,
00332589,
0033277A,
0033296C,
00332B5D,
00332D4E,
00332F40,
00333131,
00333323,
00333514,
00333706,
003338F8,
00333AE9,
00333CDB,
00333ECC,
003340BE,
003342B0,
003344A2,
00334694,
00334885,
00334A77,
00334C69,
00334E5B,
0033504D,
0033523F,
00335431,
00335623,
00335815,
00335A07,
00335BF9,
00335DEB,
00335FDD,
003361D0,
003363C2,
003365B4,
003367A6,
00336999,
00336B8B,
00336D7D,
00336F70,
00337162,
00337355,
00337547,
0033773A,
0033792C,
00337B1F,
00337D11,
00337F04,
003380F7,
003382E9,
003384DC,
003386CF,
003388C1,
00338AB4,
00338CA7,
00338E9A,
0033908D,
00339280,
00339473,
00339665,
00339858,
00339A4B,
00339C3E,
00339E32,
0033A025,
0033A218,
0033A40B,
0033A5FE,
0033A7F1,
0033A9E5,
0033ABD8,
0033ADCB,
0033AFBE,
0033B1B2,
0033B3A5,
0033B599,
0033B78C,
0033B97F,
0033BB73,
0033BD66,
0033BF5A,
0033C14E,
0033C341,
0033C535,
0033C728,
0033C91C,
0033CB10,
0033CD04,
0033CEF7,
0033D0EB,
0033D2DF,
0033D4D3,
0033D6C7,
0033D8BB,
0033DAAE,
0033DCA2,
0033DE96,
0033E08A,
0033E27E,
0033E473,
0033E667,
0033E85B,
0033EA4F,
0033EC43,
0033EE37,
0033F02C,
0033F220,
0033F414,
0033F608,
0033F7FD,
0033F9F1,
0033FBE6,
0033FDDA,
0033FFCE,
003401C3,
003403B7,
003405AC,
003407A1,
00340995,
00340B8A,
00340D7E,
00340F73,
00341168,
0034135D,
00341551,
00341746,
0034193B,
00341B30,
00341D25,
00341F1A,
0034210E,
00342303,
003424F8,
003426ED,
003428E2,
00342AD7,
00342CCD,
00342EC2,
003430B7,
003432AC,
003434A1,
00343696,
0034388C,
00343A81,
00343C76,
00343E6C,
00344061,
00344256,
0034444C,
00344641,
00344837,
00344A2C,
00344C22,
00344E17,
0034500D,
00345203,
003453F8,
003455EE,
003457E4,
003459D9,
00345BCF,
00345DC5,
00345FBB,
003461B0,
003463A6,
0034659C,
00346792,
00346988,
00346B7E,
00346D74,
00346F6A,
00347160,
00347356,
0034754C,
00347742,
00347939,
00347B2F,
00347D25,
00347F1B,
00348111,
00348308,
003484FE,
003486F4,
003488EB,
00348AE1,
00348CD8,
00348ECE,
003490C5,
003492BB,
003494B2,
003496A8,
0034989F,
00349A95,
00349C8C,
00349E83,
0034A079,
0034A270,
0034A467,
0034A65E,
0034A855,
0034AA4B,
0034AC42,
0034AE39,
0034B030,
0034B227,
0034B41E,
0034B615,
0034B80C,
0034BA03,
0034BBFA,
0034BDF1,
0034BFE8,
0034C1E0,
0034C3D7,
0034C5CE,
0034C7C5,
0034C9BC,
0034CBB4,
0034CDAB,
0034CFA2,
0034D19A,
0034D391,
0034D589,
0034D780,
0034D978,
0034DB6F,
0034DD67,
0034DF5E,
0034E156,
0034E34D,
0034E545,
0034E73D,
0034E934,
0034EB2C,
0034ED24,
0034EF1C,
0034F113,
0034F30B,
0034F503,
0034F6FB,
0034F8F3,
0034FAEB,
0034FCE3,
0034FEDB,
003500D3,
003502CB,
003504C3,
003506BB,
003508B3,
00350AAB,
00350CA4,
00350E9C,
00351094,
0035128C,
00351484,
0035167D,
00351875,
00351A6E,
00351C66,
00351E5E,
00352057,
0035224F,
00352448,
00352640,
00352839,
00352A31,
00352C2A,
00352E23,
0035301B,
00353214,
0035340D,
00353605,
003537FE,
003539F7,
00353BF0,
00353DE9,
00353FE1,
003541DA,
003543D3,
003545CC,
003547C5,
003549BE,
00354BB7,
00354DB0,
00354FA9,
003551A2,
0035539C,
00355595,
0035578E,
00355987,
00355B80,
00355D7A,
00355F73,
0035616C,
00356366,
0035655F,
00356758,
00356952,
00356B4B,
00356D45,
00356F3E,
00357138,
00357331,
0035752B,
00357724,
0035791E,
00357B18,
00357D11,
00357F0B,
00358105,
003582FF,
003584F8,
003586F2,
003588EC,
00358AE6,
00358CE0,
00358EDA,
003590D4,
003592CE,
003594C8,
003596C2,
003598BC,
00359AB6,
00359CB0,
00359EAA,
0035A0A4,
0035A29E,
0035A499,
0035A693,
0035A88D,
0035AA87,
0035AC82,
0035AE7C,
0035B076,
0035B271,
0035B46B,
0035B666,
0035B860,
0035BA5B,
0035BC55,
0035BE50,
0035C04A,
0035C245,
0035C43F,
0035C63A,
0035C835,
0035CA2F,
0035CC2A,
0035CE25,
0035D020,
0035D21A,
0035D415,
0035D610,
0035D80B,
0035DA06,
0035DC01,
0035DDFC,
0035DFF7,
0035E1F2,
0035E3ED,
0035E5E8,
0035E7E3,
0035E9DE,
0035EBD9,
0035EDD4,
0035EFD0,
0035F1CB,
0035F3C6,
0035F5C1,
0035F7BD,
0035F9B8,
0035FBB3,
0035FDAF,
0035FFAA,
003601A5,
003603A1,
0036059C,
00360798,
00360993,
00360B8F,
00360D8A,
00360F86,
00361182,
0036137D,
00361579,
00361775,
00361970,
00361B6C,
00361D68,
00361F64,
00362160,
0036235B,
00362557,
00362753,
0036294F,
00362B4B,
00362D47,
00362F43,
0036313F,
0036333B,
00363537,
00363733,
00363930,
00363B2C,
00363D28,
00363F24,
00364120,
0036431D,
00364519,
00364715,
00364912,
00364B0E,
00364D0A,
00364F07,
00365103,
00365300,
003654FC,
003656F9,
003658F5,
00365AF2,
00365CEE,
00365EEB,
003660E8,
003662E4,
003664E1,
003666DE,
003668DA,
00366AD7,
00366CD4,
00366ED1,
003670CE,
003672CA,
003674C7,
003676C4,
003678C1,
00367ABE,
00367CBB,
00367EB8,
003680B5,
003682B2,
003684AF,
003686AC,
003688AA,
00368AA7,
00368CA4,
00368EA1,
0036909E,
0036929C,
00369499,
00369696,
00369894,
00369A91,
00369C8E,
00369E8C,
0036A089,
0036A287,
0036A484,
0036A682,
0036A87F,
0036AA7D,
0036AC7B,
0036AE78,
0036B076,
0036B273,
0036B471,
0036B66F,
0036B86D,
0036BA6A,
0036BC68,
0036BE66,
0036C064,
0036C262,
0036C460,
0036C65E,
0036C85B,
0036CA59,
0036CC57,
0036CE55,
0036D053,
0036D252,
0036D450,
0036D64E,
0036D84C,
0036DA4A,
0036DC48,
0036DE46,
0036E045,
0036E243,
0036E441,
0036E640,
0036E83E,
0036EA3C,
0036EC3B,
0036EE39,
0036F038,
0036F236,
0036F434,
0036F633,
0036F832,
0036FA30,
0036FC2F,
0036FE2D,
0037002C,
0037022B,
00370429,
00370628,
00370827,
00370A25,
00370C24,
00370E23,
00371022,
00371221,
00371420,
0037161F,
0037181D,
00371A1C,
00371C1B,
00371E1A,
00372019,
00372218,
00372418,
00372617,
00372816,
00372A15,
00372C14,
00372E13,
00373013,
00373212,
00373411,
00373610,
00373810,
00373A0F,
00373C0E,
00373E0E,
0037400D,
0037420D,
0037440C,
0037460C,
0037480B,
00374A0B,
00374C0A,
00374E0A,
00375009,
00375209,
00375409,
00375608,
00375808,
00375A08,
00375C08,
00375E07,
00376007,
00376207,
00376407,
00376607,
00376807,
00376A07,
00376C07,
00376E07,
00377007,
00377207,
00377407,
00377607,
00377807,
00377A07,
00377C07,
00377E07,
00378007,
00378208,
00378408,
00378608,
00378808,
00378A09,
00378C09,
00378E09,
0037900A,
0037920A,
0037940B,
0037960B,
0037980C,
00379A0C,
00379C0D,
00379E0D,
0037A00E,
0037A20E,
0037A40F,
0037A610,
0037A810,
0037AA11,
0037AC12,
0037AE12,
0037B013,
0037B214,
0037B415,
0037B616,
0037B817,
0037BA17,
0037BC18,
0037BE19,
0037C01A,
0037C21B,
0037C41C,
0037C61D,
0037C81E,
0037CA1F,
0037CC20,
0037CE22,
0037D023,
0037D224,
0037D425,
0037D626,
0037D828,
0037DA29,
0037DC2A,
0037DE2B,
0037E02D,
0037E22E,
0037E430,
0037E631,
0037E832,
0037EA34,
0037EC35,
0037EE37,
0037F038,
0037F23A,
0037F43C,
0037F63D,
0037F83F,
0037FA40,
0037FC42,
0037FE44,
00380045,
00380247,
00380449,
0038064B,
0038084D,
00380A4E,
00380C50,
00380E52,
00381054,
00381256,
00381458,
0038165A,
0038185C,
00381A5E,
00381C60,
00381E62,
00382064,
00382266,
00382468,
0038266B,
0038286D,
00382A6F,
00382C71,
00382E73,
00383076,
00383278,
0038347A,
0038367D,
0038387F,
00383A81,
00383C84,
00383E86,
00384089,
0038428B,
0038448E,
00384690,
00384893,
00384A95,
00384C98,
00384E9B,
0038509D,
003852A0,
003854A3,
003856A5,
003858A8,
00385AAB,
00385CAE,
00385EB1,
003860B3,
003862B6,
003864B9,
003866BC,
003868BF,
00386AC2,
00386CC5,
00386EC8,
003870CB,
003872CE,
003874D1,
003876D4,
003878D7,
00387ADA,
00387CDE,
00387EE1,
003880E4,
003882E7,
003884EA,
003886EE,
003888F1,
00388AF4,
00388CF8,
00388EFB,
003890FE,
00389302,
00389505,
00389709,
0038990C,
00389B10,
00389D13,
00389F17,
0038A11A,
0038A31E,
0038A522,
0038A725,
0038A929,
0038AB2D,
0038AD30,
0038AF34,
0038B138,
0038B33C,
0038B53F,
0038B743,
0038B947,
0038BB4B,
0038BD4F,
0038BF53,
0038C157,
0038C35B,
0038C55F,
0038C763,
0038C967,
0038CB6B,
0038CD6F,
0038CF73,
0038D177,
0038D37B,
0038D57F,
0038D783,
0038D988,
0038DB8C,
0038DD90,
0038DF94,
0038E199,
0038E39D,
0038E5A1,
0038E7A6,
0038E9AA,
0038EBAF,
0038EDB3,
0038EFB7,
0038F1BC,
0038F3C0,
0038F5C5,
0038F7CA,
0038F9CE,
0038FBD3,
0038FDD7,
0038FFDC,
003901E1,
003903E5,
003905EA,
003907EF,
003909F3,
00390BF8,
00390DFD,
00391002,
00391207,
0039140C,
00391610,
00391815,
00391A1A,
00391C1F,
00391E24,
00392029,
0039222E,
00392433,
00392638,
0039283D,
00392A43,
00392C48,
00392E4D,
00393052,
00393257,
0039345C,
00393662,
00393867,
00393A6C,
00393C72,
00393E77,
0039407C,
00394282,
00394487,
0039468C,
00394892,
00394A97,
00394C9D,
00394EA2,
003950A8,
003952AD,
003954B3,
003956B9,
003958BE,
00395AC4,
00395CC9,
00395ECF,
003960D5,
003962DB,
003964E0,
003966E6,
003968EC,
00396AF2,
00396CF8,
00396EFD,
00397103,
00397309,
0039750F,
00397715,
0039791B,
00397B21,
00397D27,
00397F2D,
00398133,
00398339,
0039853F,
00398745,
0039894C,
00398B52,
00398D58,
00398F5E,
00399164,
0039936B,
00399571,
00399777,
0039997E,
00399B84,
00399D8A,
00399F91,
0039A197,
0039A39D,
0039A5A4,
0039A7AA,
0039A9B1,
0039ABB7,
0039ADBE,
0039AFC5,
0039B1CB,
0039B3D2,
0039B5D8,
0039B7DF,
0039B9E6,
0039BBEC,
0039BDF3,
0039BFFA,
0039C201,
0039C407,
0039C60E,
0039C815,
0039CA1C,
0039CC23,
0039CE2A,
0039D030,
0039D237,
0039D43E,
0039D645,
0039D84C,
0039DA53,
0039DC5A,
0039DE61,
0039E068,
0039E270,
0039E477,
0039E67E,
0039E885,
0039EA8C,
0039EC93,
0039EE9B,
0039F0A2,
0039F2A9,
0039F4B0,
0039F6B8,
0039F8BF,
0039FAC6,
0039FCCE,
0039FED5,
003A00DD,
003A02E4,
003A04EC,
003A06F3,
003A08FA,
003A0B02,
003A0D0A,
003A0F11,
003A1119,
003A1320,
003A1528,
003A1730,
003A1937,
003A1B3F,
003A1D47,
003A1F4E,
003A2156,
003A235E,
003A2566,
003A276E,
003A2975,
003A2B7D,
003A2D85,
003A2F8D,
003A3195,
003A339D,
003A35A5,
003A37AD,
003A39B5,
003A3BBD,
003A3DC5,
003A3FCD,
003A41D5,
003A43DD,
003A45E6,
003A47EE,
003A49F6,
003A4BFE,
003A4E06,
003A500F,
003A5217,
003A541F,
003A5627,
003A5830,
003A5A38,
003A5C41,
003A5E49,
003A6051,
003A625A,
003A6462,
003A666B,
003A6873,
003A6A7C,
003A6C84,
003A6E8D,
003A7095,
003A729E,
003A74A7,
003A76AF,
003A78B8,
003A7AC1,
003A7CC9,
003A7ED2,
003A80DB,
003A82E4,
003A84EC,
003A86F5,
003A88FE,
003A8B07,
003A8D10,
003A8F19,
003A9122,
003A932A,
003A9533,
003A973C,
003A9945,
003A9B4E,
003A9D57,
003A9F61,
003AA16A,
003AA373,
003AA57C,
003AA785,
003AA98E,
003AAB97,
003AADA0,
003AAFAA,
003AB1B3,
003AB3BC,
003AB5C6,
003AB7CF,
003AB9D8,
003ABBE1,
003ABDEB,
003ABFF4,
003AC1FE,
003AC407,
003AC611,
003AC81A,
003ACA24,
003ACC2D,
003ACE37,
003AD040,
003AD24A,
003AD453,
003AD65D,
003AD867,
003ADA70,
003ADC7A,
003ADE84,
003AE08D,
003AE297,
003AE4A1,
003AE6AB,
003AE8B4,
003AEABE,
003AECC8,
003AEED2,
003AF0DC,
003AF2E6,
003AF4F0,
003AF6F9,
003AF903,
003AFB0D,
003AFD17,
003AFF21,
003B012B,
003B0336,
003B0540,
003B074A,
003B0954,
003B0B5E,
003B0D68,
003B0F72,
003B117D,
003B1387,
003B1591,
003B179B,
003B19A6,
003B1BB0,
003B1DBA,
003B1FC5,
003B21CF,
003B23D9,
003B25E4,
003B27EE,
003B29F9,
003B2C03,
003B2E0D,
003B3018,
003B3222,
003B342D,
003B3638,
003B3842,
003B3A4D,
003B3C57,
003B3E62,
003B406D,
003B4277,
003B4482,
003B468D,
003B4898,
003B4AA2,
003B4CAD,
003B4EB8,
003B50C3,
003B52CE,
003B54D8,
003B56E3,
003B58EE,
003B5AF9,
003B5D04,
003B5F0F,
003B611A,
003B6325,
003B6530,
003B673B,
003B6946,
003B6B51,
003B6D5C,
003B6F67,
003B7173,
003B737E,
003B7589,
003B7794,
003B799F,
003B7BAB,
003B7DB6,
003B7FC1,
003B81CC,
003B83D8,
003B85E3,
003B87EE,
003B89FA,
003B8C05,
003B8E11,
003B901C,
003B9228,
003B9433,
003B963E,
003B984A,
003B9A56,
003B9C61,
003B9E6D,
003BA078,
003BA284,
003BA48F,
003BA69B,
003BA8A7,
003BAAB2,
003BACBE,
003BAECA,
003BB0D6,
003BB2E1,
003BB4ED,
003BB6F9,
003BB905,
003BBB11,
003BBD1D,
003BBF28,
003BC134,
003BC340,
003BC54C,
003BC758,
003BC964,
003BCB70,
003BCD7C,
003BCF88,
003BD194,
003BD3A0,
003BD5AC,
003BD7B9,
003BD9C5,
003BDBD1,
003BDDDD,
003BDFE9,
003BE1F5,
003BE402,
003BE60E,
003BE81A,
003BEA26,
003BEC33,
003BEE3F,
003BF04B,
003BF258,
003BF464,
003BF671,
003BF87D,
003BFA89,
003BFC96,
003BFEA2,
003C00AF,
003C02BB,
003C04C8,
003C06D4,
003C08E1,
003C0AEE,
003C0CFA,
003C0F07,
003C1114,
003C1320,
003C152D,
003C173A,
003C1946,
003C1B53,
003C1D60,
003C1F6D,
003C2179,
003C2386,
003C2593,
003C27A0,
003C29AD,
003C2BBA,
003C2DC7,
003C2FD4,
003C31E1,
003C33EE,
003C35FA,
003C3808,
003C3A15,
003C3C22,
003C3E2F,
003C403C,
003C4249,
003C4456,
003C4663,
003C4870,
003C4A7D,
003C4C8B,
003C4E98,
003C50A5,
003C52B2,
003C54C0,
003C56CD,
003C58DA,
003C5AE8,
003C5CF5,
003C5F02,
003C6110,
003C631D,
003C652A,
003C6738,
003C6945,
003C6B53,
003C6D60,
003C6F6E,
003C717B,
003C7389,
003C7597,
003C77A4,
003C79B2,
003C7BBF,
003C7DCD,
003C7FDB,
003C81E8,
003C83F6,
003C8604,
003C8812,
003C8A1F,
003C8C2D,
003C8E3B,
003C9049,
003C9256,
003C9464,
003C9672,
003C9880,
003C9A8E,
003C9C9C,
003C9EAA,
003CA0B8,
003CA2C6,
003CA4D4,
003CA6E2,
003CA8F0,
003CAAFE,
003CAD0C,
003CAF1A,
003CB128,
003CB336,
003CB544,
003CB753,
003CB961,
003CBB6F,
003CBD7D,
003CBF8B,
003CC19A,
003CC3A8,
003CC5B6,
003CC7C5,
003CC9D3,
003CCBE1,
003CCDF0,
003CCFFE,
003CD20C,
003CD41B,
003CD629,
003CD838,
003CDA46,
003CDC55,
003CDE63,
003CE072,
003CE280,
003CE48F,
003CE69D,
003CE8AC,
003CEABA,
003CECC9,
003CEED8,
003CF0E6,
003CF2F5,
003CF504,
003CF713,
003CF921,
003CFB30,
003CFD3F,
003CFF4E,
003D015C,
003D036B,
003D057A,
003D0789,
003D0998,
003D0BA7,
003D0DB6,
003D0FC5,
003D11D4,
003D13E3,
003D15F2,
003D1801,
003D1A10,
003D1C1F,
003D1E2E,
003D203D,
003D224C,
003D245B,
003D266A,
003D2879,
003D2A88,
003D2C98,
003D2EA7,
003D30B6,
003D32C5,
003D34D5,
003D36E4,
003D38F3,
003D3B02,
003D3D12,
003D3F21,
003D4130,
003D4340,
003D454F,
003D475F,
003D496E,
003D4B7E,
003D4D8D,
003D4F9C,
003D51AC,
003D53BC,
003D55CB,
003D57DB,
003D59EA,
003D5BFA,
003D5E09,
003D6019,
003D6229,
003D6438,
003D6648,
003D6858,
003D6A67,
003D6C77,
003D6E87,
003D7097,
003D72A6,
003D74B6,
003D76C6,
003D78D6,
003D7AE6,
003D7CF6,
003D7F05,
003D8115,
003D8325,
003D8535,
003D8745,
003D8955,
003D8B65,
003D8D75,
003D8F85,
003D9195,
003D93A5,
003D95B5,
003D97C5,
003D99D6,
003D9BE6,
003D9DF6,
003DA006,
003DA216,
003DA426,
003DA637,
003DA847,
003DAA57,
003DAC67,
003DAE78,
003DB088,
003DB298,
003DB4A9,
003DB6B9,
003DB8C9,
003DBADA,
003DBCEA,
003DBEFB,
003DC10B,
003DC31B,
003DC52C,
003DC73C,
003DC94D,
003DCB5D,
003DCD6E,
003DCF7F,
003DD18F,
003DD3A0,
003DD5B0,
003DD7C1,
003DD9D2,
003DDBE2,
003DDDF3,
003DE004,
003DE214,
003DE425,
003DE636,
003DE847,
003DEA57,
003DEC68,
003DEE79,
003DF08A,
003DF29B,
003DF4AB,
003DF6BC,
003DF8CD,
003DFADE,
003DFCEF,
003DFF00,
003E0111,
003E0322,
003E0533,
003E0744,
003E0955,
003E0B66,
003E0D77,
003E0F88,
003E1199,
003E13AA,
003E15BC,
003E17CD,
003E19DE,
003E1BEF,
003E1E00,
003E2011,
003E2223,
003E2434,
003E2645,
003E2856,
003E2A68,
003E2C79,
003E2E8A,
003E309C,
003E32AD,
003E34BE,
003E36D0,
003E38E1,
003E3AF3,
003E3D04,
003E3F16,
003E4127,
003E4339,
003E454A,
003E475C,
003E496D,
003E4B7F,
003E4D90,
003E4FA2,
003E51B3,
003E53C5,
003E55D7,
003E57E8,
003E59FA,
003E5C0C,
003E5E1D,
003E602F,
003E6241,
003E6453,
003E6664,
003E6876,
003E6A88,
003E6C9A,
003E6EAC,
003E70BE,
003E72CF,
003E74E1,
003E76F3,
003E7905,
003E7B17,
003E7D29,
003E7F3B,
003E814D,
003E835F,
003E8571,
003E8783,
003E8995,
003E8BA7,
003E8DB9,
003E8FCB,
003E91DD,
003E93F0,
003E9602,
003E9814,
003E9A26,
003E9C38,
003E9E4A,
003EA05D,
003EA26F,
003EA481,
003EA693,
003EA8A6,
003EAAB8,
003EACCA,
003EAEDD,
003EB0EF,
003EB301,
003EB514,
003EB726,
003EB939,
003EBB4B,
003EBD5D,
003EBF70,
003EC182,
003EC395,
003EC5A7,
003EC7BA,
003EC9CC,
003ECBDF,
003ECDF2,
003ED004,
003ED217,
003ED429,
003ED63C,
003ED84F,
003EDA61,
003EDC74,
003EDE87,
003EE099,
003EE2AC,
003EE4BF,
003EE6D2,
003EE8E4,
003EEAF7,
003EED0A,
003EEF1D,
003EF130,
003EF343,
003EF555,
003EF768,
003EF97B,
003EFB8E,
003EFDA1,
003EFFB4,
003F01C7,
003F03DA,
003F05ED,
003F0800,
003F0A13,
003F0C26,
003F0E39,
003F104C,
003F125F,
003F1472,
003F1686,
003F1899,
003F1AAC,
003F1CBF,
003F1ED2,
003F20E5,
003F22F9,
003F250C,
003F271F,
003F2932,
003F2B46,
003F2D59,
003F2F6C,
003F317F,
003F3393,
003F35A6,
003F37BA,
003F39CD,
003F3BE0,
003F3DF4,
003F4007,
003F421B,
003F442E,
003F4642,
003F4855,
003F4A69,
003F4C7C,
003F4E90,
003F50A3,
003F52B7,
003F54CA,
003F56DE,
003F58F1,
003F5B05,
003F5D19,
003F5F2C,
003F6140,
003F6354,
003F6567,
003F677B,
003F698F,
003F6BA3,
003F6DB6,
003F6FCA,
003F71DE,
003F73F2,
003F7606,
003F7819,
003F7A2D,
003F7C41,
003F7E55,
003F8069,
003F827D,
003F8491,
003F86A5,
003F88B9,
003F8ACD,
003F8CE1,
003F8EF5,
003F9109,
003F931D,
003F9531,
003F9745,
003F9959,
003F9B6D,
003F9D81,
003F9F95,
003FA1A9,
003FA3BD,
003FA5D2,
003FA7E6,
003FA9FA,
003FAC0E,
003FAE22,
003FB037,
003FB24B,
003FB45F,
003FB673,
003FB888,
003FBA9C,
003FBCB0,
003FBEC5,
003FC0D9,
003FC2ED,
003FC502,
003FC716,
003FC92B,
003FCB3F,
003FCD53,
003FCF68,
003FD17C,
003FD391,
003FD5A5,
003FD7BA,
003FD9CE,
003FDBE3,
003FDDF8,
003FE00C,
003FE221,
003FE435,
003FE64A,
003FE85F,
003FEA73,
003FEC88,
003FEE9D,
003FF0B1,
003FF2C6,
003FF4DB,
003FF6EF,
003FF904,
003FFB19,
003FFD2E,
003FFF42,
00400157,
0040036C,
00400581,
00400796,
004009AB,
00400BBF,
00400DD4,
00400FE9,
004011FE,
00401413,
00401628,
0040183D,
00401A52,
00401C67,
00401E7C,
00402091,
004022A6,
004024BB,
004026D0,
004028E5,
00402AFA,
00402D0F,
00402F25,
0040313A,
0040334F,
00403564,
00403779,
0040398E,
00403BA4,
00403DB9,
00403FCE,
004041E3,
004043F8,
0040460E,
00404823,
00404A38,
00404C4E,
00404E63,
00405078,
0040528E,
004054A3,
004056B8,
004058CE,
00405AE3,
00405CF9,
00405F0E,
00406124,
00406339,
0040654E,
00406764,
00406979,
00406B8F,
00406DA5,
00406FBA,
004071D0,
004073E5,
004075FB,
00407810,
00407A26,
00407C3C,
00407E51,
00408067,
0040827D,
00408492,
004086A8,
004088BE,
00408AD3,
00408CE9,
00408EFF,
00409115,
0040932B,
00409540,
00409756,
0040996C,
00409B82,
00409D98,
00409FAE,
0040A1C3,
0040A3D9,
0040A5EF,
0040A805,
0040AA1B,
0040AC31,
0040AE47,
0040B05D,
0040B273,
0040B489,
0040B69F,
0040B8B5,
0040BACB,
0040BCE1,
0040BEF7,
0040C10D,
0040C323,
0040C539,
0040C750,
0040C966,
0040CB7C,
0040CD92,
0040CFA8,
0040D1BE,
0040D3D5,
0040D5EB,
0040D801,
0040DA17,
0040DC2D,
0040DE44,
0040E05A,
0040E270,
0040E487,
0040E69D,
0040E8B3,
0040EACA,
0040ECE0,
0040EEF6,
0040F10D,
0040F323,
0040F53A,
0040F750,
0040F966,
0040FB7D,
0040FD93,
0040FFAA,
004101C0,
004103D7,
004105ED,
00410804,
00410A1A,
00410C31,
00410E48,
0041105E,
00411275,
0041148B,
004116A2,
004118B9,
00411ACF,
00411CE6,
00411EFD,
00412113,
0041232A,
00412541,
00412757,
0041296E,
00412B85,
00412D9C,
00412FB2,
004131C9,
004133E0,
004135F7,
0041380E,
00413A25,
00413C3B,
00413E52,
00414069,
00414280,
00414497,
004146AE,
004148C5,
00414ADC,
00414CF3,
00414F0A,
00415121,
00415338,
0041554F,
00415766,
0041597D,
00415B94,
00415DAB,
00415FC2,
004161D9,
004163F0,
00416607,
0041681E,
00416A35,
00416C4D,
00416E64,
0041707B,
00417292,
004174A9,
004176C0,
004178D8,
00417AEF,
00417D06,
00417F1D,
00418135,
0041834C,
00418563,
0041877B,
00418992,
00418BA9,
00418DC1,
00418FD8,
004191EF,
00419407,
0041961E,
00419836,
00419A4D,
00419C64,
00419E7C,
0041A093,
0041A2AB,
0041A4C2,
0041A6DA,
0041A8F1,
0041AB09,
0041AD20,
0041AF38,
0041B14F,
0041B367,
0041B57F,
0041B796,
0041B9AE,
0041BBC5,
0041BDDD,
0041BFF5,
0041C20C,
0041C424,
0041C63C,
0041C853,
0041CA6B,
0041CC83,
0041CE9A,
0041D0B2,
0041D2CA,
0041D4E2,
0041D6FA,
0041D911,
0041DB29,
0041DD41,
0041DF59,
0041E171,
0041E388,
0041E5A0,
0041E7B8,
0041E9D0,
0041EBE8,
0041EE00,
0041F018,
0041F230,
0041F448,
0041F660,
0041F878,
0041FA90,
0041FCA8,
0041FEC0,
004200D8,
004202F0,
00420508,
00420720,
00420938,
00420B50,
00420D68,
00420F80,
00421198,
004213B0,
004215C8,
004217E1,
004219F9,
00421C11,
00421E29,
00422041,
00422259,
00422472,
0042268A,
004228A2,
00422ABA,
00422CD3,
00422EEB,
00423103,
0042331B,
00423534,
0042374C,
00423964,
00423B7D,
00423D95,
00423FAE,
004241C6,
004243DE,
004245F7,
0042480F,
00424A28,
00424C40,
00424E58,
00425071,
00425289,
004254A2,
004256BA,
004258D3,
00425AEB,
00425D04,
00425F1C,
00426135,
0042634E,
00426566,
0042677F,
00426997,
00426BB0,
00426DC8,
00426FE1,
004271FA,
00427412,
0042762B,
00427844,
00427A5C,
00427C75,
00427E8E,
004280A7,
004282BF,
004284D8,
004286F1,
0042890A,
00428B22,
00428D3B,
00428F54,
0042916D,
00429386,
0042959E,
004297B7,
004299D0,
00429BE9,
00429E02,
0042A01B,
0042A234,
0042A44D,
0042A665,
0042A87E,
0042AA97,
0042ACB0,
0042AEC9,
0042B0E2,
0042B2FB,
0042B514,
0042B72D,
0042B946,
0042BB5F,
0042BD78,
0042BF91,
0042C1AA,
0042C3C3,
0042C5DD,
0042C7F6,
0042CA0F,
0042CC28,
0042CE41,
0042D05A,
0042D273,
0042D48C,
0042D6A6,
0042D8BF,
0042DAD8,
0042DCF1,
0042DF0A,
0042E124,
0042E33D,
0042E556,
0042E76F,
0042E989,
0042EBA2,
0042EDBB,
0042EFD5,
0042F1EE,
0042F407,
0042F621,
0042F83A,
0042FA53,
0042FC6D,
0042FE86,
0043009F,
004302B9,
004304D2,
004306EC,
00430905,
00430B1E,
00430D38,
00430F51,
0043116B,
00431384,
0043159E,
004317B7,
004319D1,
00431BEA,
00431E04,
0043201D,
00432237,
00432451,
0043266A,
00432884,
00432A9D,
00432CB7,
00432ED1,
004330EA,
00433304,
0043351D,
00433737,
00433951,
00433B6A,
00433D84,
00433F9E,
004341B8,
004343D1,
004345EB,
00434805,
00434A1E,
00434C38,
00434E52,
0043506C,
00435286,
0043549F,
004356B9,
004358D3,
00435AED,
00435D07,
00435F21,
0043613A,
00436354,
0043656E,
00436788,
004369A2,
00436BBC,
00436DD6,
00436FF0,
0043720A,
00437424,
0043763E,
00437858,
00437A72,
00437C8C,
00437EA6,
004380C0,
004382DA,
004384F4,
0043870E,
00438928,
00438B42,
00438D5C,
00438F76,
00439190,
004393AA,
004395C4,
004397DE,
004399F9,
00439C13,
00439E2D,
0043A047,
0043A261,
0043A47B,
0043A696,
0043A8B0,
0043AACA,
0043ACE4,
0043AEFE,
0043B119,
0043B333,
0043B54D,
0043B767,
0043B982,
0043BB9C,
0043BDB6,
0043BFD1,
0043C1EB,
0043C405,
0043C620,
0043C83A,
0043CA54,
0043CC6F,
0043CE89,
0043D0A3,
0043D2BE,
0043D4D8,
0043D6F3,
0043D90D,
0043DB27,
0043DD42,
0043DF5C,
0043E177,
0043E391,
0043E5AC,
0043E7C6,
0043E9E1,
0043EBFB,
0043EE16,
0043F030,
0043F24B,
0043F465,
0043F680,
0043F89B,
0043FAB5,
0043FCD0,
0043FEEA,
00440105,
00440320,
0044053A,
00440755,
0044096F,
00440B8A,
00440DA5,
00440FBF,
004411DA,
004413F5,
0044160F,
0044182A,
00441A45,
00441C60,
00441E7A,
00442095,
004422B0,
004424CB,
004426E5,
00442900,
00442B1B,
00442D36,
00442F50,
0044316B,
00443386,
004435A1,
004437BC,
004439D7,
00443BF2,
00443E0C,
00444027,
00444242,
0044445D,
00444678,
00444893,
00444AAE,
00444CC9,
00444EE4,
004450FF,
0044531A,
00445535,
00445750,
0044596A,
00445B85,
00445DA0,
00445FBB,
004461D7,
004463F2,
0044660D,
00446828,
00446A43,
00446C5E,
00446E79,
00447094,
004472AF,
004474CA,
004476E5,
00447900,
00447B1B,
00447D37,
00447F52,
0044816D,
00448388,
004485A3,
004487BE,
004489DA,
00448BF5,
00448E10,
0044902B,
00449246,
00449462,
0044967D,
00449898,
00449AB3,
00449CCF,
00449EEA,
0044A105,
0044A320,
0044A53C,
0044A757,
0044A972,
0044AB8E,
0044ADA9,
0044AFC4,
0044B1E0,
0044B3FB,
0044B616,
0044B832,
0044BA4D,
0044BC69,
0044BE84,
0044C09F,
0044C2BB,
0044C4D6,
0044C6F2,
0044C90D,
0044CB29,
0044CD44,
0044CF5F,
0044D17B,
0044D396,
0044D5B2,
0044D7CD,
0044D9E9,
0044DC04,
0044DE20,
0044E03C,
0044E257,
0044E473,
0044E68E,
0044E8AA,
0044EAC5,
0044ECE1,
0044EEFC,
0044F118,
0044F334,
0044F54F,
0044F76B,
0044F987,
0044FBA2,
0044FDBE,
0044FFD9,
004501F5,
00450411,
0045062C,
00450848,
00450A64,
00450C80,
00450E9B,
004510B7,
004512D3,
004514EE,
0045170A,
00451926,
00451B42,
00451D5D,
00451F79,
00452195,
004523B1,
004525CD,
004527E8,
00452A04,
00452C20,
00452E3C,
00453058,
00453274,
0045348F,
004536AB,
004538C7,
00453AE3,
00453CFF,
00453F1B,
00454137,
00454353,
0045456E,
0045478A,
004549A6,
00454BC2,
00454DDE,
00454FFA,
00455216,
00455432,
0045564E,
0045586A,
00455A86,
00455CA2,
00455EBE,
004560DA,
004562F6,
00456512,
0045672E,
0045694A,
00456B66,
00456D82,
00456F9E,
004571BA,
004573D6,
004575F3,
0045780F,
00457A2B,
00457C47,
00457E63,
0045807F,
0045829B,
004584B7,
004586D3,
004588F0,
00458B0C,
00458D28,
00458F44,
00459160,
0045937D,
00459599,
004597B5,
004599D1,
00459BED,
00459E0A,
0045A026,
0045A242,
0045A45E,
0045A67B,
0045A897,
0045AAB3,
0045ACCF,
0045AEEC,
0045B108,
0045B324,
0045B541,
0045B75D,
0045B979,
0045BB95,
0045BDB2,
0045BFCE,
0045C1EB,
0045C407,
0045C623,
0045C840,
0045CA5C,
0045CC78,
0045CE95,
0045D0B1,
0045D2CE,
0045D4EA,
0045D706,
0045D923,
0045DB3F,
0045DD5C,
0045DF78,
0045E195,
0045E3B1,
0045E5CD,
0045E7EA,
0045EA06,
0045EC23,
0045EE3F,
0045F05C,
0045F278,
0045F495,
0045F6B1,
0045F8CE,
0045FAEA,
0045FD07,
0045FF24,
00460140,
0046035D,
00460579,
00460796,
004609B2,
00460BCF,
00460DEC,
00461008,
00461225,
00461441,
0046165E,
0046187B,
00461A97,
00461CB4,
00461ED1,
004620ED,
0046230A,
00462527,
00462743,
00462960,
00462B7D,
00462D99,
00462FB6,
004631D3,
004633EF,
0046360C,
00463829,
00463A46,
00463C62,
00463E7F,
0046409C,
004642B9,
004644D5,
004646F2,
0046490F,
00464B2C,
00464D48,
00464F65,
00465182,
0046539F,
004655BC,
004657D8,
004659F5,
00465C12,
00465E2F,
0046604C,
00466269,
00466486,
004666A2,
004668BF,
00466ADC,
00466CF9,
00466F16,
00467133,
00467350,
0046756D,
0046778A,
004679A6,
00467BC3,
00467DE0,
00467FFD,
0046821A,
00468437,
00468654,
00468871,
00468A8E,
00468CAB,
00468EC8,
004690E5,
00469302,
0046951F,
0046973C,
00469959,
00469B76,
00469D93,
00469FB0,
0046A1CD,
0046A3EA,
0046A607,
0046A824,
0046AA41,
0046AC5E,
0046AE7B,
0046B098,
0046B2B6,
0046B4D3,
0046B6F0,
0046B90D,
0046BB2A,
0046BD47,
0046BF64,
0046C181,
0046C39E,
0046C5BB,
0046C7D9,
0046C9F6,
0046CC13,
0046CE30,
0046D04D,
0046D26A,
0046D488,
0046D6A5,
0046D8C2,
0046DADF,
0046DCFC,
0046DF19,
0046E137,
0046E354,
0046E571,
0046E78E,
0046E9AC,
0046EBC9,
0046EDE6,
0046F003,
0046F221,
0046F43E,
0046F65B,
0046F878,
0046FA96,
0046FCB3,
0046FED0,
004700ED,
0047030B,
00470528,
00470745,
00470963,
00470B80,
00470D9D,
00470FBB,
004711D8,
004713F5,
00471613,
00471830,
00471A4D,
00471C6B,
00471E88,
004720A5,
004722C3,
004724E0,
004726FD,
0047291B,
00472B38,
00472D56,
00472F73,
00473190,
004733AE,
004735CB,
004737E9,
00473A06,
00473C24,
00473E41,
0047405E,
0047427C,
00474499,
004746B7,
004748D4,
00474AF2,
00474D0F,
00474F2D,
0047514A,
00475368,
00475585,
004757A3,
004759C0,
00475BDE,
00475DFB,
00476019,
00476236,
00476454,
00476671,
0047688F,
00476AAC,
00476CCA,
00476EE7,
00477105,
00477323,
00477540,
0047775E,
0047797B,
00477B99,
00477DB6,
00477FD4,
004781F2,
0047840F,
0047862D,
0047884A,
00478A68,
00478C86,
00478EA3,
004790C1,
004792DF,
004794FC,
0047971A,
00479938,
00479B55,
00479D73,
00479F90,
0047A1AE,
0047A3CC,
0047A5E9,
0047A807,
0047AA25,
0047AC43,
0047AE60,
0047B07E,
0047B29C,
0047B4B9,
0047B6D7,
0047B8F5,
0047BB12,
0047BD30,
0047BF4E,
0047C16C,
0047C389,
0047C5A7,
0047C7C5,
0047C9E3,
0047CC00,
0047CE1E,
0047D03C,
0047D25A,
0047D477,
0047D695,
0047D8B3,
0047DAD1,
0047DCEF,
0047DF0C,
0047E12A,
0047E348,
0047E566,
0047E784,
0047E9A1,
0047EBBF,
0047EDDD,
0047EFFB,
0047F219,
0047F437,
0047F654,
0047F872,
0047FA90,
0047FCAE,
0047FECC,
004800EA,
00480307,
00480525,
00480743,
00480961,
00480B7F,
00480D9D,
00480FBB,
004811D9,
004813F7,
00481614,
00481832,
00481A50,
00481C6E,
00481E8C,
004820AA,
004822C8,
004824E6,
00482704,
00482922,
00482B40,
00482D5E,
00482F7B,
00483199,
004833B7,
004835D5,
004837F3,
00483A11,
00483C2F,
00483E4D,
0048406B,
00484289,
004844A7,
004846C5,
004848E3,
00484B01,
00484D1F,
00484F3D,
0048515B,
00485379,
00485597,
004857B5,
004859D3,
00485BF1,
00485E0F,
0048602D,
0048624B,
00486469,
00486687,
004868A5,
00486AC3,
00486CE1,
00486F00,
0048711E,
0048733C,
0048755A,
00487778,
00487996,
00487BB4,
00487DD2,
00487FF0,
0048820E,
0048842C,
0048864A,
00488868,
00488A87,
00488CA5,
00488EC3,
004890E1,
004892FF,
0048951D,
0048973B,
00489959,
00489B77,
00489D96,
00489FB4,
0048A1D2,
0048A3F0,
0048A60E,
0048A82C,
0048AA4A,
0048AC69,
0048AE87,
0048B0A5,
0048B2C3,
0048B4E1,
0048B6FF,
0048B91E,
0048BB3C,
0048BD5A,
0048BF78,
0048C196,
0048C3B4,
0048C5D3,
0048C7F1,
0048CA0F,
0048CC2D,
0048CE4B,
0048D06A,
0048D288,
0048D4A6,
0048D6C4,
0048D8E2,
0048DB01,
0048DD1F,
0048DF3D,
0048E15B,
0048E37A,
0048E598,
0048E7B6,
0048E9D4,
0048EBF3,
0048EE11,
0048F02F,
0048F24D,
0048F46B,
0048F68A,
0048F8A8,
0048FAC6,
0048FCE5,
0048FF03,
00490121,
0049033F,
0049055E,
0049077C,
0049099A,
00490BB8,
00490DD7,
00490FF5,
00491213,
00491432,
00491650,
0049186E,
00491A8C,
00491CAB,
00491EC9,
004920E7,
00492306,
00492524,
00492742,
00492961,
00492B7F,
00492D9D,
00492FBC,
004931DA,
004933F8,
00493617,
00493835,
00493A53,
00493C72,
00493E90,
004940AE,
004942CD,
004944EB,
00494709,
00494928,
00494B46,
00494D64,
00494F83,
004951A1,
004953BF,
004955DE,
004957FC,
00495A1B,
00495C39,
00495E57,
00496076,
00496294,
004964B2,
004966D1,
004968EF,
00496B0E,
00496D2C,
00496F4A,
00497169,
00497387,
004975A6,
004977C4,
004979E2,
00497C01,
00497E1F,
0049803E,
0049825C,
0049847A,
00498699,
004988B7,
00498AD6,
00498CF4,
00498F13,
00499131,
0049934F,
0049956E,
0049978C,
004999AB,
00499BC9,
00499DE8,
0049A006,
0049A224,
0049A443,
0049A661,
0049A880,
0049AA9E,
0049ACBD,
0049AEDB,
0049B0FA,
0049B318,
0049B536,
0049B755,
0049B973,
0049BB92,
0049BDB0,
0049BFCF,
0049C1ED,
0049C40C,
0049C62A,
0049C849,
0049CA67,
0049CC86,
0049CEA4,
0049D0C3,
0049D2E1,
0049D4FF,
0049D71E,
0049D93C,
0049DB5B,
0049DD79,
0049DF98,
0049E1B6,
0049E3D5,
0049E5F3,
0049E812,
0049EA30,
0049EC4F,
0049EE6D,
0049F08C,
0049F2AA,
0049F4C9,
0049F6E7,
0049F906,
0049FB24,
0049FD43,
0049FF61,
004A0180,
004A039E,
004A05BD,
004A07DB,
004A09FA,
004A0C18,
004A0E37,
004A1056,
004A1274,
004A1493,
004A16B1,
004A18D0,
004A1AEE,
004A1D0D,
004A1F2B,
004A214A,
004A2368,
004A2587,
004A27A5,
004A29C4,
004A2BE2,
004A2E01,
004A301F,
004A323E,
004A345D,
004A367B,
004A389A,
004A3AB8,
004A3CD7,
004A3EF5,
004A4114,
004A4332,
004A4551,
004A476F,
004A498E,
004A4BAD,
004A4DCB,
004A4FEA,
004A5208,
004A5427,
004A5645,
004A5864,
004A5A82,
004A5CA1,
004A5EC0,
004A60DE,
004A62FD,
004A651B,
004A673A,
004A6958,
004A6B77,
004A6D95,
004A6FB4,
004A71D3,
004A73F1,
004A7610,
004A782E,
004A7A4D,
004A7C6B,
004A7E8A,
004A80A9,
004A82C7,
004A84E6,
004A8704,
004A8923,
004A8B41,
004A8D60,
004A8F7F,
004A919D,
004A93BC,
004A95DA,
004A97F9,
004A9A17,
004A9C36,
004A9E55,
004AA073,
004AA292,
004AA4B0,
004AA6CF,
004AA8EE,
004AAB0C,
004AAD2B,
004AAF49,
004AB168,
004AB386,
004AB5A5,
004AB7C4,
004AB9E2,
004ABC01,
004ABE1F,
004AC03E,
004AC25D,
004AC47B,
004AC69A,
004AC8B8,
004ACAD7,
004ACCF5,
004ACF14,
004AD133,
004AD351,
004AD570,
004AD78E,
004AD9AD,
004ADBCC,
004ADDEA,
004AE009,
004AE227,
004AE446,
004AE664,
004AE883,
004AEAA2,
004AECC0,
004AEEDF,
004AF0FD,
004AF31C,
004AF53B,
004AF759,
004AF978,
004AFB96,
004AFDB5,
004AFFD4,
004B01F2,
004B0411,
004B062F,
004B084E,
004B0A6C,
004B0C8B,
004B0EAA,
004B10C8,
004B12E7,
004B1505,
004B1724,
004B1943,
004B1B61,
004B1D80,
004B1F9E,
004B21BD,
004B23DC,
004B25FA,
004B2819,
004B2A37,
004B2C56,
004B2E74,
004B3093,
004B32B2,
004B34D0,
004B36EF,
004B390D,
004B3B2C,
004B3D4B,
004B3F69,
004B4188,
004B43A6,
004B45C5,
004B47E3,
004B4A02,
004B4C21,
004B4E3F,
004B505E,
004B527C,
004B549B,
004B56B9,
004B58D8,
004B5AF7,
004B5D15,
004B5F34,
004B6152,
004B6371,
004B658F,
004B67AE,
004B69CD,
004B6BEB,
004B6E0A,
004B7028,
004B7247,
004B7465,
004B7684,
004B78A3,
004B7AC1,
004B7CE0,
004B7EFE,
004B811D,
004B833B,
004B855A,
004B8779,
004B8997,
004B8BB6,
004B8DD4,
004B8FF3,
004B9211,
004B9430,
004B964E,
004B986D,
004B9A8C,
004B9CAA,
004B9EC9,
004BA0E7,
004BA306,
004BA524,
004BA743,
004BA961,
004BAB80,
004BAD9F,
004BAFBD,
004BB1DC,
004BB3FA,
004BB619,
004BB837,
004BBA56,
004BBC74,
004BBE93,
004BC0B1,
004BC2D0,
004BC4EE,
004BC70D,
004BC92C,
004BCB4A,
004BCD69,
004BCF87,
004BD1A6,
004BD3C4,
004BD5E3,
004BD801,
004BDA20,
004BDC3E,
004BDE5D,
004BE07B,
004BE29A,
004BE4B8,
004BE6D7,
004BE8F5,
004BEB14,
004BED32,
004BEF51,
004BF16F,
004BF38E,
004BF5AC,
004BF7CB,
004BF9E9,
004BFC08,
004BFE26,
004C0045,
004C0263,
004C0482,
004C06A0,
004C08BF,
004C0ADD,
004C0CFC,
004C0F1A,
004C1139,
004C1357,
004C1576,
004C1794,
004C19B3,
004C1BD1,
004C1DF0,
004C200E,
004C222D,
004C244B,
004C266A,
004C2888,
004C2AA7,
004C2CC5,
004C2EE3,
004C3102,
004C3320,
004C353F,
004C375D,
004C397C,
004C3B9A,
004C3DB9,
004C3FD7,
004C41F6,
004C4414,
004C4632,
004C4851,
004C4A6F,
004C4C8E,
004C4EAC,
004C50CB,
004C52E9,
004C5507,
004C5726,
004C5944,
004C5B63,
004C5D81,
004C5FA0,
004C61BE,
004C63DC,
004C65FB,
004C6819,
004C6A38,
004C6C56,
004C6E74,
004C7093,
004C72B1,
004C74D0,
004C76EE,
004C790C,
004C7B2B,
004C7D49,
004C7F68,
004C8186,
004C83A4,
004C85C3,
004C87E1,
004C8A00,
004C8C1E,
004C8E3C,
004C905B,
004C9279,
004C9497,
004C96B6,
004C98D4,
004C9AF3,
004C9D11,
004C9F2F,
004CA14E,
004CA36C,
004CA58A,
004CA7A9,
004CA9C7,
004CABE5,
004CAE04,
004CB022,
004CB240,
004CB45F,
004CB67D,
004CB89B,
004CBABA,
004CBCD8,
004CBEF6,
004CC115,
004CC333,
004CC551,
004CC770,
004CC98E,
004CCBAC,
004CCDCA,
004CCFE9,
004CD207,
004CD425,
004CD644,
004CD862,
004CDA80,
004CDC9F,
004CDEBD,
004CE0DB,
004CE2F9,
004CE518,
004CE736,
004CE954,
004CEB72,
004CED91,
004CEFAF,
004CF1CD,
004CF3EB,
004CF60A,
004CF828,
004CFA46,
004CFC64,
004CFE83,
004D00A1,
004D02BF,
004D04DD,
004D06FC,
004D091A,
004D0B38,
004D0D56,
004D0F75,
004D1193,
004D13B1,
004D15CF,
004D17ED,
004D1A0C,
004D1C2A,
004D1E48,
004D2066,
004D2284,
004D24A3,
004D26C1,
004D28DF,
004D2AFD,
004D2D1B,
004D2F39,
004D3158,
004D3376,
004D3594,
004D37B2,
004D39D0,
004D3BEE,
004D3E0D,
004D402B,
004D4249,
004D4467,
004D4685,
004D48A3,
004D4AC1,
004D4CDF,
004D4EFE,
004D511C,
004D533A,
004D5558,
004D5776,
004D5994,
004D5BB2,
004D5DD0,
004D5FEE,
004D620D,
004D642B,
004D6649,
004D6867,
004D6A85,
004D6CA3,
004D6EC1,
004D70DF,
004D72FD,
004D751B,
004D7739,
004D7957,
004D7B75,
004D7D93,
004D7FB2,
004D81D0,
004D83EE,
004D860C,
004D882A,
004D8A48,
004D8C66,
004D8E84,
004D90A2,
004D92C0,
004D94DE,
004D96FC,
004D991A,
004D9B38,
004D9D56,
004D9F74,
004DA192,
004DA3B0,
004DA5CE,
004DA7EC,
004DAA0A,
004DAC28,
004DAE46,
004DB064,
004DB281,
004DB49F,
004DB6BD,
004DB8DB,
004DBAF9,
004DBD17,
004DBF35,
004DC153,
004DC371,
004DC58F,
004DC7AD,
004DC9CB,
004DCBE9,
004DCE07,
004DD024,
004DD242,
004DD460,
004DD67E,
004DD89C,
004DDABA,
004DDCD8,
004DDEF6,
004DE114,
004DE331,
004DE54F,
004DE76D,
004DE98B,
004DEBA9,
004DEDC7,
004DEFE4,
004DF202,
004DF420,
004DF63E,
004DF85C,
004DFA7A,
004DFC97,
004DFEB5,
004E00D3,
004E02F1,
004E050F,
004E072C,
004E094A,
004E0B68,
004E0D86,
004E0FA4,
004E11C1,
004E13DF,
004E15FD,
004E181B,
004E1A38,
004E1C56,
004E1E74,
004E2092,
004E22AF,
004E24CD,
004E26EB,
004E2908,
004E2B26,
004E2D44,
004E2F62,
004E317F,
004E339D,
004E35BB,
004E37D8,
004E39F6,
004E3C14,
004E3E31,
004E404F,
004E426D,
004E448A,
004E46A8,
004E48C6,
004E4AE3,
004E4D01,
004E4F1F,
004E513C,
004E535A,
004E5578,
004E5795,
004E59B3,
004E5BD0,
004E5DEE,
004E600C,
004E6229,
004E6447,
004E6664,
004E6882,
004E6AA0,
004E6CBD,
004E6EDB,
004E70F8,
004E7316,
004E7533,
004E7751,
004E796E,
004E7B8C,
004E7DAA,
004E7FC7,
004E81E5,
004E8402,
004E8620,
004E883D,
004E8A5B,
004E8C78,
004E8E96,
004E90B3,
004E92D1,
004E94EE,
004E970C,
004E9929,
004E9B46,
004E9D64,
004E9F81,
004EA19F,
004EA3BC,
004EA5DA,
004EA7F7,
004EAA15,
004EAC32,
004EAE4F,
004EB06D,
004EB28A,
004EB4A8,
004EB6C5,
004EB8E2,
004EBB00,
004EBD1D,
004EBF3A,
004EC158,
004EC375,
004EC593,
004EC7B0,
004EC9CD,
004ECBEB,
004ECE08,
004ED025,
004ED243,
004ED460,
004ED67D,
004ED89B,
004EDAB8,
004EDCD5,
004EDEF2,
004EE110,
004EE32D,
004EE54A,
004EE767,
004EE985,
004EEBA2,
004EEDBF,
004EEFDD,
004EF1FA,
004EF417,
004EF634,
004EF851,
004EFA6F,
004EFC8C,
004EFEA9,
004F00C6,
004F02E3,
004F0501,
004F071E,
004F093B,
004F0B58,
004F0D75,
004F0F92,
004F11B0,
004F13CD,
004F15EA,
004F1807,
004F1A24,
004F1C41,
004F1E5E,
004F207C,
004F2299,
004F24B6,
004F26D3,
004F28F0,
004F2B0D,
004F2D2A,
004F2F47,
004F3164,
004F3381,
004F359E,
004F37BB,
004F39D8,
004F3BF5,
004F3E13,
004F4030,
004F424D,
004F446A,
004F4687,
004F48A4,
004F4AC1,
004F4CDE,
004F4EFB,
004F5117,
004F5334,
004F5551,
004F576E,
004F598B,
004F5BA8,
004F5DC5,
004F5FE2,
004F61FF,
004F641C,
004F6639,
004F6856,
004F6A73,
004F6C90,
004F6EAC,
004F70C9,
004F72E6,
004F7503,
004F7720,
004F793D,
004F7B5A,
004F7D76,
004F7F93,
004F81B0,
004F83CD,
004F85EA,
004F8807,
004F8A23,
004F8C40,
004F8E5D,
004F907A,
004F9297,
004F94B3,
004F96D0,
004F98ED,
004F9B0A,
004F9D26,
004F9F43,
004FA160,
004FA37D,
004FA599,
004FA7B6,
004FA9D3,
004FABEF,
004FAE0C,
004FB029,
004FB245,
004FB462,
004FB67F,
004FB89B,
004FBAB8,
004FBCD5,
004FBEF1,
004FC10E,
004FC32B,
004FC547,
004FC764,
004FC980,
004FCB9D,
004FCDBA,
004FCFD6,
004FD1F3,
004FD40F,
004FD62C,
004FD848,
004FDA65,
004FDC81,
004FDE9E,
004FE0BB,
004FE2D7,
004FE4F4,
004FE710,
004FE92D,
004FEB49,
004FED66,
004FEF82,
004FF19E,
004FF3BB,
004FF5D7,
004FF7F4,
004FFA10,
004FFC2D,
004FFE49,
00500066,
00500282,
0050049E,
005006BB,
005008D7,
00500AF4,
00500D10,
00500F2C,
00501149,
00501365,
00501581,
0050179E,
005019BA,
00501BD6,
00501DF3,
0050200F,
0050222B,
00502448,
00502664,
00502880,
00502A9C,
00502CB9,
00502ED5,
005030F1,
0050330D,
0050352A,
00503746,
00503962,
00503B7E,
00503D9B,
00503FB7,
005041D3,
005043EF,
0050460B,
00504827,
00504A44,
00504C60,
00504E7C,
00505098,
005052B4,
005054D0,
005056EC,
00505909,
00505B25,
00505D41,
00505F5D,
00506179,
00506395,
005065B1,
005067CD,
005069E9,
00506C05,
00506E21,
0050703D,
00507259,
00507475,
00507691,
005078AD,
00507AC9,
00507CE5,
00507F01,
0050811D,
00508339,
00508555,
00508771,
0050898D,
00508BA9,
00508DC5,
00508FE1,
005091FD,
00509418,
00509634,
00509850,
00509A6C,
00509C88,
00509EA4,
0050A0C0,
0050A2DB,
0050A4F7,
0050A713,
0050A92F,
0050AB4B,
0050AD66,
0050AF82,
0050B19E,
0050B3BA,
0050B5D6,
0050B7F1,
0050BA0D,
0050BC29,
0050BE44,
0050C060,
0050C27C,
0050C498,
0050C6B3,
0050C8CF,
0050CAEB,
0050CD06,
0050CF22,
0050D13E,
0050D359,
0050D575,
0050D791,
0050D9AC,
0050DBC8,
0050DDE3,
0050DFFF,
0050E21B,
0050E436,
0050E652,
0050E86D,
0050EA89,
0050ECA4,
0050EEC0,
0050F0DB,
0050F2F7,
0050F512,
0050F72E,
0050F949,
0050FB65,
0050FD80,
0050FF9C,
005101B7,
005103D3,
005105EE,
0051080A,
00510A25,
00510C40,
00510E5C,
00511077,
00511293,
005114AE,
005116C9,
005118E5,
00511B00,
00511D1B,
00511F37,
00512152,
0051236D,
00512589,
005127A4,
005129BF,
00512BDA,
00512DF6,
00513011,
0051322C,
00513448,
00513663,
0051387E,
00513A99,
00513CB4,
00513ED0,
005140EB,
00514306,
00514521,
0051473C,
00514957,
00514B73,
00514D8E,
00514FA9,
005151C4,
005153DF,
005155FA,
00515815,
00515A30,
00515C4B,
00515E66,
00516082,
0051629D,
005164B8,
005166D3,
005168EE,
00516B09,
00516D24,
00516F3F,
0051715A,
00517375,
00517590,
005177AB,
005179C5,
00517BE0,
00517DFB,
00518016,
00518231,
0051844C,
00518667,
00518882,
00518A9D,
00518CB8,
00518ED2,
005190ED,
00519308,
00519523,
0051973E,
00519958,
00519B73,
00519D8E,
00519FA9,
0051A1C4,
0051A3DE,
0051A5F9,
0051A814,
0051AA2F,
0051AC49,
0051AE64,
0051B07F,
0051B299,
0051B4B4,
0051B6CF,
0051B8E9,
0051BB04,
0051BD1F,
0051BF39,
0051C154,
0051C36E,
0051C589,
0051C7A4,
0051C9BE,
0051CBD9,
0051CDF3,
0051D00E,
0051D228,
0051D443,
0051D65D,
0051D878,
0051DA92,
0051DCAD,
0051DEC7,
0051E0E2,
0051E2FC,
0051E517,
0051E731,
0051E94C,
0051EB66,
0051ED81,
0051EF9B,
0051F1B5,
0051F3D0,
0051F5EA,
0051F804,
0051FA1F,
0051FC39,
0051FE53,
0052006E,
00520288,
005204A2,
005206BD,
005208D7,
00520AF1,
00520D0B,
00520F26,
00521140,
0052135A,
00521574,
0052178F,
005219A9,
00521BC3,
00521DDD,
00521FF7,
00522211,
0052242C,
00522646,
00522860,
00522A7A,
00522C94,
00522EAE,
005230C8,
005232E2,
005234FC,
00523716,
00523931,
00523B4B,
00523D65,
00523F7F,
00524199,
005243B3,
005245CD,
005247E7,
00524A00,
00524C1A,
00524E34,
0052504E,
00525268,
00525482,
0052569C,
005258B6,
00525AD0,
00525CEA,
00525F03,
0052611D,
00526337,
00526551,
0052676B,
00526985,
00526B9E,
00526DB8,
00526FD2,
005271EC,
00527405,
0052761F,
00527839,
00527A53,
00527C6C,
00527E86,
005280A0,
005282B9,
005284D3,
005286ED,
00528906,
00528B20,
00528D3A,
00528F53,
0052916D,
00529386,
005295A0,
005297B9,
005299D3,
00529BED,
00529E06,
0052A020,
0052A239,
0052A453,
0052A66C,
0052A885,
0052AA9F,
0052ACB8,
0052AED2,
0052B0EB,
0052B305,
0052B51E,
0052B737,
0052B951,
0052BB6A,
0052BD84,
0052BF9D,
0052C1B6,
0052C3D0,
0052C5E9,
0052C802,
0052CA1C,
0052CC35,
0052CE4E,
0052D067,
0052D281,
0052D49A,
0052D6B3,
0052D8CC,
0052DAE5,
0052DCFF,
0052DF18,
0052E131,
0052E34A,
0052E563,
0052E77C,
0052E996,
0052EBAF,
0052EDC8,
0052EFE1,
0052F1FA,
0052F413,
0052F62C,
0052F845,
0052FA5E,
0052FC77,
0052FE90,
005300A9,
005302C2,
005304DB,
005306F4,
0053090D,
00530B26,
00530D3F,
00530F58,
00531171,
0053138A,
005315A2,
005317BB,
005319D4,
00531BED,
00531E06,
0053201F,
00532237,
00532450,
00532669,
00532882,
00532A9B,
00532CB3,
00532ECC,
005330E5,
005332FD,
00533516,
0053372F,
00533948,
00533B60,
00533D79,
00533F91,
005341AA,
005343C3,
005345DB,
005347F4,
00534A0D,
00534C25,
00534E3E,
00535056,
0053526F,
00535487,
005356A0,
005358B8,
00535AD1,
00535CE9,
00535F02,
0053611A,
00536333,
0053654B,
00536763,
0053697C,
00536B94,
00536DAD,
00536FC5,
005371DD,
005373F6,
0053760E,
00537826,
00537A3F,
00537C57,
00537E6F,
00538087,
005382A0,
005384B8,
005386D0,
005388E8,
00538B00,
00538D19,
00538F31,
00539149,
00539361,
00539579,
00539791,
005399AA,
00539BC2,
00539DDA,
00539FF2,
0053A20A,
0053A422,
0053A63A,
0053A852,
0053AA6A,
0053AC82,
0053AE9A,
0053B0B2,
0053B2CA,
0053B4E2,
0053B6FA,
0053B912,
0053BB2A,
0053BD42,
0053BF59,
0053C171,
0053C389,
0053C5A1,
0053C7B9,
0053C9D1,
0053CBE9,
0053CE00,
0053D018,
0053D230,
0053D448,
0053D65F,
0053D877,
0053DA8F,
0053DCA7,
0053DEBE,
0053E0D6,
0053E2EE,
0053E505,
0053E71D,
0053E935,
0053EB4C,
0053ED64,
0053EF7B,
0053F193,
0053F3AA,
0053F5C2,
0053F7DA,
0053F9F1,
0053FC09,
0053FE20,
00540038,
0054024F,
00540467,
0054067E,
00540895,
00540AAD,
00540CC4,
00540EDC,
005410F3,
0054130A,
00541522,
00541739,
00541950,
00541B68,
00541D7F,
00541F96,
005421AE,
005423C5,
005425DC,
005427F3,
00542A0B,
00542C22,
00542E39,
00543050,
00543267,
0054347E,
00543696,
005438AD,
00543AC4,
00543CDB,
00543EF2,
00544109,
00544320,
00544537,
0054474E,
00544965,
00544B7C,
00544D93,
00544FAA,
005451C1,
005453D8,
005455EF,
00545806,
00545A1D,
00545C34,
00545E4B,
00546062,
00546279,
0054648F,
005466A6,
005468BD,
00546AD4,
00546CEB,
00546F01,
00547118,
0054732F,
00547546,
0054775C,
00547973,
00547B8A,
00547DA0,
00547FB7,
005481CE,
005483E4,
005485FB,
00548812,
00548A28,
00548C3F,
00548E55,
0054906C,
00549282,
00549499,
005496AF,
005498C6,
00549ADC,
00549CF3,
00549F09,
0054A120,
0054A336,
0054A54D,
0054A763,
0054A979,
0054AB90,
0054ADA6,
0054AFBD,
0054B1D3,
0054B3E9,
0054B5FF,
0054B816,
0054BA2C,
0054BC42,
0054BE59,
0054C06F,
0054C285,
0054C49B,
0054C6B1,
0054C8C8,
0054CADE,
0054CCF4,
0054CF0A,
0054D120,
0054D336,
0054D54C,
0054D762,
0054D978,
0054DB8E,
0054DDA4,
0054DFBA,
0054E1D0,
0054E3E6,
0054E5FC,
0054E812,
0054EA28,
0054EC3E,
0054EE54,
0054F06A,
0054F280,
0054F496,
0054F6AC,
0054F8C1,
0054FAD7,
0054FCED,
0054FF03,
00550119,
0055032E,
00550544,
0055075A,
00550970,
00550B85,
00550D9B,
00550FB1,
005511C6,
005513DC,
005515F2,
00551807,
00551A1D,
00551C33,
00551E48,
0055205E,
00552273,
00552489,
0055269E,
005528B4,
00552AC9,
00552CDF,
00552EF4,
0055310A,
0055331F,
00553534,
0055374A,
0055395F,
00553B75,
00553D8A,
00553F9F,
005541B5,
005543CA,
005545DF,
005547F5,
00554A0A,
00554C1F,
00554E34,
00555049,
0055525F,
00555474,
00555689,
0055589E,
00555AB3,
00555CC8,
00555EDE,
005560F3,
00556308,
0055651D,
00556732,
00556947,
00556B5C,
00556D71,
00556F86,
0055719B,
005573B0,
005575C5,
005577DA,
005579EF,
00557C04,
00557E18,
0055802D,
00558242,
00558457,
0055866C,
00558881,
00558A95,
00558CAA,
00558EBF,
005590D4,
005592E8,
005594FD,
00559712,
00559926,
00559B3B,
00559D50,
00559F64,
0055A179,
0055A38E,
0055A5A2,
0055A7B7,
0055A9CB,
0055ABE0,
0055ADF4,
0055B009,
0055B21D,
0055B432,
0055B646,
0055B85B,
0055BA6F,
0055BC84,
0055BE98,
0055C0AC,
0055C2C1,
0055C4D5,
0055C6E9,
0055C8FE,
0055CB12,
0055CD26,
0055CF3B,
0055D14F,
0055D363,
0055D577,
0055D78C,
0055D9A0,
0055DBB4,
0055DDC8,
0055DFDC,
0055E1F0,
0055E405,
0055E619,
0055E82D,
0055EA41,
0055EC55,
0055EE69,
0055F07D,
0055F291,
0055F4A5,
0055F6B9,
0055F8CD,
0055FAE1,
0055FCF5,
0055FF09,
0056011C,
00560330,
00560544,
00560758,
0056096C,
00560B80,
00560D93,
00560FA7,
005611BB,
005613CF,
005615E2,
005617F6,
00561A0A,
00561C1E,
00561E31,
00562045,
00562258,
0056246C,
00562680,
00562893,
00562AA7,
00562CBA,
00562ECE,
005630E1,
005632F5,
00563508,
0056371C,
0056392F,
00563B43,
00563D56,
00563F6A,
0056417D,
00564390,
005645A4,
005647B7,
005649CA,
00564BDE,
00564DF1,
00565004,
00565217,
0056542B,
0056563E,
00565851,
00565A64,
00565C77,
00565E8B,
0056609E,
005662B1,
005664C4,
005666D7,
005668EA,
00566AFD,
00566D10,
00566F23,
00567136,
00567349,
0056755C,
0056776F,
00567982,
00567B95,
00567DA8,
00567FBB,
005681CE,
005683E0,
005685F3,
00568806,
00568A19,
00568C2C,
00568E3E,
00569051,
00569264,
00569477,
00569689,
0056989C,
00569AAF,
00569CC1,
00569ED4,
0056A0E6,
0056A2F9,
0056A50C,
0056A71E,
0056A931,
0056AB43,
0056AD56,
0056AF68,
0056B17B,
0056B38D,
0056B5A0,
0056B7B2,
0056B9C4,
0056BBD7,
0056BDE9,
0056BFFB,
0056C20E,
0056C420,
0056C632,
0056C845,
0056CA57,
0056CC69,
0056CE7B,
0056D08E,
0056D2A0,
0056D4B2,
0056D6C4,
0056D8D6,
0056DAE8,
0056DCFB,
0056DF0D,
0056E11F,
0056E331,
0056E543,
0056E755,
0056E967,
0056EB79,
0056ED8B,
0056EF9D,
0056F1AF,
0056F3C1,
0056F5D2,
0056F7E4,
0056F9F6,
0056FC08,
0056FE1A,
0057002C,
0057023D,
0057044F,
00570661,
00570873,
00570A84,
00570C96,
00570EA8,
005710BA,
005712CB,
005714DD,
005716EE,
00571900,
00571B12,
00571D23,
00571F35,
00572146,
00572358,
00572569,
0057277B,
0057298C,
00572B9E,
00572DAF,
00572FC0,
005731D2,
005733E3,
005735F4,
00573806,
00573A17,
00573C28,
00573E3A,
0057404B,
0057425C,
0057446D,
0057467F,
00574890,
00574AA1,
00574CB2,
00574EC3,
005750D4,
005752E5,
005754F6,
00575708,
00575919,
00575B2A,
00575D3B,
00575F4C,
0057615D,
0057636D,
0057657E,
0057678F,
005769A0,
00576BB1,
00576DC2,
00576FD3,
005771E4,
005773F4,
00577605,
00577816,
00577A27,
00577C37,
00577E48,
00578059,
00578269,
0057847A,
0057868B,
0057889B,
00578AAC,
00578CBC,
00578ECD,
005790DE,
005792EE,
005794FF,
0057970F,
00579920,
00579B30,
00579D40,
00579F51,
0057A161,
0057A372,
0057A582,
0057A792,
0057A9A3,
0057ABB3,
0057ADC3,
0057AFD3,
0057B1E4,
0057B3F4,
0057B604,
0057B814,
0057BA24,
0057BC35,
0057BE45,
0057C055,
0057C265,
0057C475,
0057C685,
0057C895,
0057CAA5,
0057CCB5,
0057CEC5,
0057D0D5,
0057D2E5,
0057D4F5,
0057D705,
0057D915,
0057DB25,
0057DD34,
0057DF44,
0057E154,
0057E364,
0057E574,
0057E783,
0057E993,
0057EBA3,
0057EDB2,
0057EFC2,
0057F1D2,
0057F3E1,
0057F5F1,
0057F801,
0057FA10,
0057FC20,
0057FE2F,
0058003F,
0058024E,
0058045E,
0058066D,
0058087D,
00580A8C,
00580C9C,
00580EAB,
005810BA,
005812CA,
005814D9,
005816E8,
005818F8,
00581B07,
00581D16,
00581F25,
00582135,
00582344,
00582553,
00582762,
00582971,
00582B80,
00582D8F,
00582F9E,
005831AD,
005833BD,
005835CC,
005837DB,
005839EA,
00583BF8,
00583E07,
00584016,
00584225,
00584434,
00584643,
00584852,
00584A61,
00584C6F,
00584E7E,
0058508D,
0058529C,
005854AA,
005856B9,
005858C8,
00585AD6,
00585CE5,
00585EF4,
00586102,
00586311,
0058651F,
0058672E,
0058693D,
00586B4B,
00586D59,
00586F68,
00587176,
00587385,
00587593,
005877A2,
005879B0,
00587BBE,
00587DCD,
00587FDB,
005881E9,
005883F7,
00588606,
00588814,
00588A22,
00588C30,
00588E3E,
0058904D,
0058925B,
00589469,
00589677,
00589885,
00589A93,
00589CA1,
00589EAF,
0058A0BD,
0058A2CB,
0058A4D9,
0058A6E7,
0058A8F5,
0058AB03,
0058AD11,
0058AF1E,
0058B12C,
0058B33A,
0058B548,
0058B755,
0058B963,
0058BB71,
0058BD7F,
0058BF8C,
0058C19A,
0058C3A8,
0058C5B5,
0058C7C3,
0058C9D0,
0058CBDE,
0058CDEB,
0058CFF9,
0058D206,
0058D414,
0058D621,
0058D82F,
0058DA3C,
0058DC4A,
0058DE57,
0058E064,
0058E272,
0058E47F,
0058E68C,
0058E89A,
0058EAA7,
0058ECB4,
0058EEC1,
0058F0CE,
0058F2DC,
0058F4E9,
0058F6F6,
0058F903,
0058FB10,
0058FD1D,
0058FF2A,
00590137,
00590344,
00590551,
0059075E,
0059096B,
00590B78,
00590D85,
00590F92,
0059119E,
005913AB,
005915B8,
005917C5,
005919D2,
00591BDE,
00591DEB,
00591FF8,
00592205,
00592411,
0059261E,
0059282A,
00592A37,
00592C44,
00592E50,
0059305D,
00593269,
00593476,
00593682,
0059388F,
00593A9B,
00593CA7,
00593EB4,
005940C0,
005942CD,
005944D9,
005946E5,
005948F2,
00594AFE,
00594D0A,
00594F16,
00595122,
0059532F,
0059553B,
00595747,
00595953,
00595B5F,
00595D6B,
00595F77,
00596183,
0059638F,
0059659B,
005967A7,
005969B3,
00596BBF,
00596DCB,
00596FD7,
005971E3,
005973EE,
005975FA,
00597806,
00597A12,
00597C1E,
00597E29,
00598035,
00598241,
0059844C,
00598658,
00598864,
00598A6F,
00598C7B,
00598E86,
00599092,
0059929D,
005994A9,
005996B4,
005998C0,
00599ACB,
00599CD7,
00599EE2,
0059A0ED,
0059A2F9,
0059A504,
0059A70F,
0059A91B,
0059AB26,
0059AD31,
0059AF3C,
0059B147,
0059B353,
0059B55E,
0059B769,
0059B974,
0059BB7F,
0059BD8A,
0059BF95,
0059C1A0,
0059C3AB,
0059C5B6,
0059C7C1,
0059C9CC,
0059CBD7,
0059CDE2,
0059CFEC,
0059D1F7,
0059D402,
0059D60D,
0059D818,
0059DA22,
0059DC2D,
0059DE38,
0059E042,
0059E24D,
0059E458,
0059E662,
0059E86D,
0059EA78,
0059EC82,
0059EE8D,
0059F097,
0059F2A2,
0059F4AC,
0059F6B6,
0059F8C1,
0059FACB,
0059FCD6,
0059FEE0,
005A00EA,
005A02F5,
005A04FF,
005A0709,
005A0913,
005A0B1E,
005A0D28,
005A0F32,
005A113C,
005A1346,
005A1550,
005A175A,
005A1964,
005A1B6E,
005A1D78,
005A1F82,
005A218C,
005A2396,
005A25A0,
005A27AA,
005A29B4,
005A2BBE,
005A2DC8,
005A2FD1,
005A31DB,
005A33E5,
005A35EF,
005A37F8,
005A3A02,
005A3C0C,
005A3E15,
005A401F,
005A4229,
005A4432,
005A463C,
005A4845,
005A4A4F,
005A4C58,
005A4E62,
005A506B,
005A5275,
005A547E,
005A5687,
005A5891,
005A5A9A,
005A5CA3,
005A5EAD,
005A60B6,
005A62BF,
005A64C8,
005A66D1,
005A68DB,
005A6AE4,
005A6CED,
005A6EF6,
005A70FF,
005A7308,
005A7511,
005A771A,
005A7923,
005A7B2C,
005A7D35,
005A7F3E,
005A8147,
005A8350,
005A8558,
005A8761,
005A896A,
005A8B73,
005A8D7B,
005A8F84,
005A918D,
005A9396,
005A959E,
005A97A7,
005A99AF,
005A9BB8,
005A9DC1,
005A9FC9,
005AA1D2,
005AA3DA,
005AA5E3,
005AA7EB,
005AA9F3,
005AABFC,
005AAE04,
005AB00D,
005AB215,
005AB41D,
005AB625,
005AB82E,
005ABA36,
005ABC3E,
005ABE46,
005AC04F,
005AC257,
005AC45F,
005AC667,
005AC86F,
005ACA77,
005ACC7F,
005ACE87,
005AD08F,
005AD297,
005AD49F,
005AD6A7,
005AD8AF,
005ADAB6,
005ADCBE,
005ADEC6,
005AE0CE,
005AE2D6,
005AE4DD,
005AE6E5,
005AE8ED,
005AEAF4,
005AECFC,
005AEF04,
005AF10B,
005AF313,
005AF51A,
005AF722,
005AF929,
005AFB31,
005AFD38,
005AFF40,
005B0147,
005B034E,
005B0556,
005B075D,
005B0964,
005B0B6C,
005B0D73,
005B0F7A,
005B1181,
005B1389,
005B1590,
005B1797,
005B199E,
005B1BA5,
005B1DAC,
005B1FB3,
005B21BA,
005B23C1,
005B25C8,
005B27CF,
005B29D6,
005B2BDD,
005B2DE4,
005B2FEB,
005B31F1,
005B33F8,
005B35FF,
005B3806,
005B3A0D,
005B3C13,
005B3E1A,
005B4021,
005B4227,
005B442E,
005B4634,
005B483B,
005B4A41,
005B4C48,
005B4E4E,
005B5055,
005B525B,
005B5462,
005B5668,
005B586E,
005B5A75,
005B5C7B,
005B5E81,
005B6088,
005B628E,
005B6494,
005B669A,
005B68A0,
005B6AA7,
005B6CAD,
005B6EB3,
005B70B9,
005B72BF,
005B74C5,
005B76CB,
005B78D1,
005B7AD7,
005B7CDD,
005B7EE3,
005B80E8,
005B82EE,
005B84F4,
005B86FA,
005B8900,
005B8B05,
005B8D0B,
005B8F11,
005B9116,
005B931C,
005B9522,
005B9727,
005B992D,
005B9B32,
005B9D38,
005B9F3D,
005BA143,
005BA348,
005BA54E,
005BA753,
005BA959,
005BAB5E,
005BAD63,
005BAF68,
005BB16E,
005BB373,
005BB578,
005BB77D,
005BB983,
005BBB88,
005BBD8D,
005BBF92,
005BC197,
005BC39C,
005BC5A1,
005BC7A6,
005BC9AB,
005BCBB0,
005BCDB5,
005BCFBA,
005BD1BF,
005BD3C3,
005BD5C8,
005BD7CD,
005BD9D2,
005BDBD7,
005BDDDB,
005BDFE0,
005BE1E5,
005BE3E9,
005BE5EE,
005BE7F2,
005BE9F7,
005BEBFC,
005BEE00,
005BF005,
005BF209,
005BF40D,
005BF612,
005BF816,
005BFA1B,
005BFC1F,
005BFE23,
005C0027,
005C022C,
005C0430,
005C0634,
005C0838,
005C0A3C,
005C0C41,
005C0E45,
005C1049,
005C124D,
005C1451,
005C1655,
005C1859,
005C1A5D,
005C1C61,
005C1E65,
005C2068,
005C226C,
005C2470,
005C2674,
005C2878,
005C2A7B,
005C2C7F,
005C2E83,
005C3087,
005C328A,
005C348E,
005C3691,
005C3895,
005C3A98,
005C3C9C,
005C3E9F,
005C40A3,
005C42A6,
005C44AA,
005C46AD,
005C48B0,
005C4AB4,
005C4CB7,
005C4EBA,
005C50BE,
005C52C1,
005C54C4,
005C56C7,
005C58CA,
005C5ACD,
005C5CD1,
005C5ED4,
005C60D7,
005C62DA,
005C64DD,
005C66E0,
005C68E3,
005C6AE5,
005C6CE8,
005C6EEB,
005C70EE,
005C72F1,
005C74F4,
005C76F6,
005C78F9,
005C7AFC,
005C7CFE,
005C7F01,
005C8104,
005C8306,
005C8509,
005C870B,
005C890E,
005C8B10,
005C8D13,
005C8F15,
005C9118,
005C931A,
005C951C,
005C971F,
005C9921,
005C9B23,
005C9D26,
005C9F28,
005CA12A,
005CA32C,
005CA52E,
005CA730,
005CA933,
005CAB35,
005CAD37,
005CAF39,
005CB13B,
005CB33D,
005CB53F,
005CB740,
005CB942,
005CBB44,
005CBD46,
005CBF48,
005CC14A,
005CC34B,
005CC54D,
005CC74F,
005CC950,
005CCB52,
005CCD54,
005CCF55,
005CD157,
005CD358,
005CD55A,
005CD75B,
005CD95D,
005CDB5E,
005CDD60,
005CDF61,
005CE162,
005CE364,
005CE565,
005CE766,
005CE967,
005CEB69,
005CED6A,
005CEF6B,
005CF16C,
005CF36D,
005CF56E,
005CF76F,
005CF970,
005CFB71,
005CFD72,
005CFF73,
005D0174,
005D0375,
005D0576,
005D0777,
005D0977,
005D0B78,
005D0D79,
005D0F7A,
005D117A,
005D137B,
005D157C,
005D177C,
005D197D,
005D1B7D,
005D1D7E,
005D1F7E,
005D217F,
005D237F,
005D2580,
005D2780,
005D2980,
005D2B81,
005D2D81,
005D2F81,
005D3182,
005D3382,
005D3582,
005D3782,
005D3982,
005D3B82,
005D3D82,
005D3F83,
005D4183,
005D4383,
005D4583,
005D4783,
005D4982,
005D4B82,
005D4D82,
005D4F82,
005D5182,
005D5382,
005D5581,
005D5781,
005D5981,
005D5B80,
005D5D80,
005D5F80,
005D617F,
005D637F,
005D657E,
005D677E,
005D697D,
005D6B7D,
005D6D7C,
005D6F7C,
005D717B,
005D737A,
005D757A,
005D7779,
005D7978,
005D7B77,
005D7D77,
005D7F76,
005D8175,
005D8374,
005D8573,
005D8772,
005D8971,
005D8B70,
005D8D6F,
005D8F6E,
005D916D,
005D936C,
005D956B,
005D976A,
005D9968,
005D9B67,
005D9D66,
005D9F65,
005DA163,
005DA362,
005DA561,
005DA75F,
005DA95E,
005DAB5C,
005DAD5B,
005DAF59,
005DB158,
005DB356,
005DB555,
005DB753,
005DB952,
005DBB50,
005DBD4E,
005DBF4C,
005DC14B,
005DC349,
005DC547,
005DC745,
005DC943,
005DCB41,
005DCD40,
005DCF3E,
005DD13C,
005DD33A,
005DD538,
005DD735,
005DD933,
005DDB31,
005DDD2F,
005DDF2D,
005DE12B,
005DE328,
005DE526,
005DE724,
005DE922,
005DEB1F,
005DED1D,
005DEF1A,
005DF118,
005DF315,
005DF513,
005DF710,
005DF90E,
005DFB0B,
005DFD09,
005DFF06,
005E0103,
005E0301,
005E04FE,
005E06FB,
005E08F8,
005E0AF6,
005E0CF3,
005E0EF0,
005E10ED,
005E12EA,
005E14E7,
005E16E4,
005E18E1,
005E1ADE,
005E1CDB,
005E1ED8,
005E20D5,
005E22D1,
005E24CE,
005E26CB,
005E28C8,
005E2AC5,
005E2CC1,
005E2EBE,
005E30BB,
005E32B7,
005E34B4,
005E36B0,
005E38AD,
005E3AA9,
005E3CA6,
005E3EA2,
005E409F,
005E429B,
005E4497,
005E4694,
005E4890,
005E4A8C,
005E4C88,
005E4E85,
005E5081,
005E527D,
005E5479,
005E5675,
005E5871,
005E5A6D,
005E5C69,
005E5E65,
005E6061,
005E625D,
005E6459,
005E6655,
005E6850,
005E6A4C,
005E6C48,
005E6E44,
005E703F,
005E723B,
005E7437,
005E7632,
005E782E,
005E7A29,
005E7C25,
005E7E20,
005E801C,
005E8217,
005E8413,
005E860E,
005E8809,
005E8A05,
005E8C00,
005E8DFB,
005E8FF6,
005E91F2,
005E93ED,
005E95E8,
005E97E3,
005E99DE,
005E9BD9,
005E9DD4,
005E9FCF,
005EA1CA,
005EA3C5,
005EA5C0,
005EA7BB,
005EA9B6,
005EABB0,
005EADAB,
005EAFA6,
005EB1A1,
005EB39B,
005EB596,
005EB791,
005EB98B,
005EBB86,
005EBD80,
005EBF7B,
005EC175,
005EC370,
005EC56A,
005EC765,
005EC95F,
005ECB59,
005ECD54,
005ECF4E,
005ED148,
005ED342,
005ED53C,
005ED737,
005ED931,
005EDB2B,
005EDD25,
005EDF1F,
005EE119,
005EE313,
005EE50D,
005EE707,
005EE901,
005EEAFA,
005EECF4,
005EEEEE,
005EF0E8,
005EF2E1,
005EF4DB,
005EF6D5,
005EF8CE,
005EFAC8,
005EFCC2,
005EFEBB,
005F00B5,
005F02AE,
005F04A8,
005F06A1,
005F089A,
005F0A94,
005F0C8D,
005F0E86,
005F1080,
005F1279,
005F1472,
005F166B,
005F1864,
005F1A5D,
005F1C57,
005F1E50,
005F2049,
005F2242,
005F243B,
005F2634,
005F282C,
005F2A25,
005F2C1E,
005F2E17,
005F3010,
005F3208,
005F3401,
005F35FA,
005F37F3,
005F39EB,
005F3BE4,
005F3DDC,
005F3FD5,
005F41CD,
005F43C6,
005F45BE,
005F47B7,
005F49AF,
005F4BA7,
005F4DA0,
005F4F98,
005F5190,
005F5388,
005F5581,
005F5779,
005F5971,
005F5B69,
005F5D61,
005F5F59,
005F6151,
005F6349,
005F6541,
005F6739,
005F6931,
005F6B29,
005F6D20,
005F6F18,
005F7110,
005F7308,
005F74FF,
005F76F7,
005F78EF,
005F7AE6,
005F7CDE,
005F7ED5,
005F80CD,
005F82C4,
005F84BC,
005F86B3,
005F88AB,
005F8AA2,
005F8C99,
005F8E91,
005F9088,
005F927F,
005F9476,
005F966D,
005F9865,
005F9A5C,
005F9C53,
005F9E4A,
005FA041,
005FA238,
005FA42F,
005FA626,
005FA81D,
005FAA13,
005FAC0A,
005FAE01,
005FAFF8,
005FB1EE,
005FB3E5,
005FB5DC,
005FB7D2,
005FB9C9,
005FBBC0,
005FBDB6,
005FBFAD,
005FC1A3,
005FC39A,
005FC590,
005FC786,
005FC97D,
005FCB73,
005FCD69,
005FCF60,
005FD156,
005FD34C,
005FD542,
005FD738,
005FD92E,
005FDB24,
005FDD1A,
005FDF10,
005FE106,
005FE2FC,
005FE4F2,
005FE6E8,
005FE8DE,
005FEAD4,
005FECC9,
005FEEBF,
005FF0B5,
005FF2AB,
005FF4A0,
005FF696,
005FF88B,
005FFA81,
005FFC76,
005FFE6C,
00600061,
00600257,
0060044C,
00600642,
00600837,
00600A2C,
00600C21,
00600E17,
0060100C,
00601201,
006013F6,
006015EB,
006017E0,
006019D5,
00601BCA,
00601DBF,
00601FB4,
006021A9,
0060239E,
00602593,
00602788,
0060297C,
00602B71,
00602D66,
00602F5B,
0060314F,
00603344,
00603538,
0060372D,
00603921,
00603B16,
00603D0A,
00603EFF,
006040F3,
006042E8,
006044DC,
006046D0,
006048C4,
00604AB9,
00604CAD,
00604EA1,
00605095,
00605289,
0060547D,
00605671,
00605865,
00605A59,
00605C4D,
00605E41,
00606035,
00606229,
0060641D,
00606610,
00606804,
006069F8,
00606BEB,
00606DDF,
00606FD3,
006071C6,
006073BA,
006075AD,
006077A1,
00607994,
00607B88,
00607D7B,
00607F6E,
00608162,
00608355,
00608548,
0060873B,
0060892F,
00608B22,
00608D15,
00608F08,
006090FB,
006092EE,
006094E1,
006096D4,
006098C7,
00609ABA,
00609CAD,
00609E9F,
0060A092,
0060A285,
0060A478,
0060A66A,
0060A85D,
0060AA50,
0060AC42,
0060AE35,
0060B027,
0060B21A,
0060B40C,
0060B5FF,
0060B7F1,
0060B9E3,
0060BBD6,
0060BDC8,
0060BFBA,
0060C1AC,
0060C39F,
0060C591,
0060C783,
0060C975,
0060CB67,
0060CD59,
0060CF4B,
0060D13D,
0060D32F,
0060D521,
0060D713,
0060D904,
0060DAF6,
0060DCE8,
0060DEDA,
0060E0CB,
0060E2BD,
0060E4AF,
0060E6A0,
0060E892,
0060EA83,
0060EC75,
0060EE66,
0060F058,
0060F249,
0060F43A,
0060F62C,
0060F81D,
0060FA0E,
0060FBFF,
0060FDF1,
0060FFE2,
006101D3,
006103C4,
006105B5,
006107A6,
00610997,
00610B88,
00610D79,
00610F6A,
0061115A,
0061134B,
0061153C,
0061172D,
0061191E,
00611B0E,
00611CFF,
00611EEF,
006120E0,
006122D1,
006124C1,
006126B2,
006128A2,
00612A92,
00612C83,
00612E73,
00613063,
00613254,
00613444,
00613634,
00613824,
00613A14,
00613C04,
00613DF5,
00613FE5,
006141D5,
006143C4,
006145B4,
006147A4,
00614994,
00614B84,
00614D74,
00614F64,
00615153,
00615343,
00615533,
00615722,
00615912,
00615B01,
00615CF1,
00615EE0,
006160D0,
006162BF,
006164AF,
0061669E,
0061688D,
00616A7D,
00616C6C,
00616E5B,
0061704A,
00617239,
00617428,
00617617,
00617806,
006179F5,
00617BE4,
00617DD3,
00617FC2,
006181B1,
006183A0,
0061858F,
0061877D,
0061896C,
00618B5B,
00618D4A,
00618F38,
00619127,
00619315,
00619504,
006196F2,
006198E1,
00619ACF,
00619CBE,
00619EAC,
0061A09A,
0061A288,
0061A477,
0061A665,
0061A853,
0061AA41,
0061AC2F,
0061AE1D,
0061B00B,
0061B1F9,
0061B3E7,
0061B5D5,
0061B7C3,
0061B9B1,
0061BB9F,
0061BD8D,
0061BF7A,
0061C168,
0061C356,
0061C543,
0061C731,
0061C91F,
0061CB0C,
0061CCFA,
0061CEE7,
0061D0D5,
0061D2C2,
0061D4AF,
0061D69D,
0061D88A,
0061DA77,
0061DC64,
0061DE52,
0061E03F,
0061E22C,
0061E419,
0061E606,
0061E7F3,
0061E9E0,
0061EBCD,
0061EDBA,
0061EFA7,
0061F194,
0061F380,
0061F56D,
0061F75A,
0061F947,
0061FB33,
0061FD20,
0061FF0C,
006200F9,
006202E6,
006204D2,
006206BE,
006208AB,
00620A97,
00620C84,
00620E70,
0062105C,
00621248,
00621435,
00621621,
0062180D,
006219F9,
00621BE5,
00621DD1,
00621FBD,
006221A9,
00622395,
00622581,
0062276D,
00622959,
00622B44,
00622D30,
00622F1C,
00623107,
006232F3,
006234DF,
006236CA,
006238B6,
00623AA1,
00623C8D,
00623E78,
00624063,
0062424F,
0062443A,
00624625,
00624811,
006249FC,
00624BE7,
00624DD2,
00624FBD,
006251A8,
00625393,
0062557E,
00625769,
00625954,
00625B3F,
00625D2A,
00625F15,
006260FF,
006262EA,
006264D5,
006266C0,
006268AA,
00626A95,
00626C7F,
00626E6A,
00627054,
0062723F,
00627429,
00627614,
006277FE,
006279E8,
00627BD2,
00627DBD,
00627FA7,
00628191,
0062837B,
00628565,
0062874F,
00628939,
00628B23,
00628D0D,
00628EF7,
006290E1,
006292CB,
006294B5,
0062969E,
00629888,
00629A72,
00629C5C,
00629E45,
0062A02F,
0062A218,
0062A402,
0062A5EB,
0062A7D5,
0062A9BE,
0062ABA7,
0062AD91,
0062AF7A,
0062B163,
0062B34C,
0062B536,
0062B71F,
0062B908,
0062BAF1,
0062BCDA,
0062BEC3,
0062C0AC,
0062C295,
0062C47E,
0062C667,
0062C84F,
0062CA38,
0062CC21,
0062CE0A,
0062CFF2,
0062D1DB,
0062D3C4,
0062D5AC,
0062D795,
0062D97D,
0062DB66,
0062DD4E,
0062DF36,
0062E11F,
0062E307,
0062E4EF,
0062E6D7,
0062E8C0,
0062EAA8,
0062EC90,
0062EE78,
0062F060,
0062F248,
0062F430,
0062F618,
0062F800,
0062F9E8,
0062FBCF,
0062FDB7,
0062FF9F,
00630187,
0063036E,
00630556,
0063073E,
00630925,
00630B0D,
00630CF4,
00630EDC,
006310C3,
006312AA,
00631492,
00631679,
00631860,
00631A47,
00631C2F,
00631E16,
00631FFD,
006321E4,
006323CB,
006325B2,
00632799,
00632980,
00632B67,
00632D4E,
00632F34,
0063311B,
00633302,
006334E9,
006336CF,
006338B6,
00633A9D,
00633C83,
00633E6A,
00634050,
00634237,
0063441D,
00634603,
006347EA,
006349D0,
00634BB6,
00634D9C,
00634F83,
00635169,
0063534F,
00635535,
0063571B,
00635901,
00635AE7,
00635CCD,
00635EB3,
00636099,
0063627E,
00636464,
0063664A,
00636830,
00636A15,
00636BFB,
00636DE0,
00636FC6,
006371AB,
00637391,
00637576,
0063775C,
00637941,
00637B26,
00637D0C,
00637EF1,
006380D6,
006382BB,
006384A0,
00638685,
0063886A,
00638A4F,
00638C34,
00638E19,
00638FFE,
006391E3,
006393C8,
006395AD,
00639791,
00639976,
00639B5B,
00639D3F,
00639F24,
0063A109,
0063A2ED,
0063A4D2,
0063A6B6,
0063A89A,
0063AA7F,
0063AC63,
0063AE47,
0063B02C,
0063B210,
0063B3F4,
0063B5D8,
0063B7BC,
0063B9A0,
0063BB84,
0063BD68,
0063BF4C,
0063C130,
0063C314,
0063C4F8,
0063C6DC,
0063C8BF,
0063CAA3,
0063CC87,
0063CE6A,
0063D04E,
0063D232,
0063D415,
0063D5F9,
0063D7DC,
0063D9BF,
0063DBA3,
0063DD86,
0063DF69,
0063E14D,
0063E330,
0063E513,
0063E6F6,
0063E8D9,
0063EABC,
0063EC9F,
0063EE82,
0063F065,
0063F248,
0063F42B,
0063F60E,
0063F7F1,
0063F9D3,
0063FBB6,
0063FD99,
0063FF7B,
0064015E,
00640341,
00640523,
00640706,
006408E8,
00640ACA,
00640CAD,
00640E8F,
00641071,
00641254,
00641436,
00641618,
006417FA,
006419DC,
00641BBE,
00641DA0,
00641F82,
00642164,
00642346,
00642528,
0064270A,
006428EC,
00642ACD,
00642CAF,
00642E91,
00643072,
00643254,
00643435,
00643617,
006437F8,
006439DA,
00643BBB,
00643D9D,
00643F7E,
0064415F,
00644340,
00644522,
00644703,
006448E4,
00644AC5,
00644CA6,
00644E87,
00645068,
00645249,
0064542A,
0064560B,
006457EB,
006459CC,
00645BAD,
00645D8E,
00645F6E,
0064614F,
0064632F,
00646510,
006466F0,
006468D1,
00646AB1,
00646C92,
00646E72,
00647052,
00647232,
00647413,
006475F3,
006477D3,
006479B3,
00647B93,
00647D73,
00647F53,
00648133,
00648313,
006484F3,
006486D3,
006488B2,
00648A92,
00648C72,
00648E52,
00649031,
00649211,
006493F0,
006495D0,
006497AF,
0064998F,
00649B6E,
00649D4D,
00649F2D,
0064A10C,
0064A2EB,
0064A4CA,
0064A6A9,
0064A889,
0064AA68,
0064AC47,
0064AE26,
0064B005,
0064B1E3,
0064B3C2,
0064B5A1,
0064B780,
0064B95F,
0064BB3D,
0064BD1C,
0064BEFB,
0064C0D9,
0064C2B8,
0064C496,
0064C675,
0064C853,
0064CA32,
0064CC10,
0064CDEE,
0064CFCC,
0064D1AB,
0064D389,
0064D567,
0064D745,
0064D923,
0064DB01,
0064DCDF,
0064DEBD,
0064E09B,
0064E279,
0064E457,
0064E635,
0064E812,
0064E9F0,
0064EBCE,
0064EDAB,
0064EF89,
0064F166,
0064F344,
0064F521,
0064F6FF,
0064F8DC,
0064FAB9,
0064FC97,
0064FE74,
00650051,
0065022E,
0065040C,
006505E9,
006507C6,
006509A3,
00650B80,
00650D5D,
00650F3A,
00651116,
006512F3,
006514D0,
006516AD,
00651889,
00651A66,
00651C43,
00651E1F,
00651FFC,
006521D8,
006523B5,
00652591,
0065276D,
0065294A,
00652B26,
00652D02,
00652EDF,
006530BB,
00653297,
00653473,
0065364F,
0065382B,
00653A07,
00653BE3,
00653DBF,
00653F9B,
00654176,
00654352,
0065452E,
00654709,
006548E5,
00654AC1,
00654C9C,
00654E78,
00655053,
0065522F,
0065540A,
006555E5,
006557C1,
0065599C,
00655B77,
00655D52,
00655F2E,
00656109,
006562E4,
006564BF,
0065669A,
00656875,
00656A50,
00656C2A,
00656E05,
00656FE0,
006571BB,
00657395,
00657570,
0065774B,
00657925,
00657B00,
00657CDA,
00657EB5,
0065808F,
00658269,
00658444,
0065861E,
006587F8,
006589D2,
00658BAD,
00658D87,
00658F61,
0065913B,
00659315,
006594EF,
006596C9,
006598A3,
00659A7C,
00659C56,
00659E30,
0065A00A,
0065A1E3,
0065A3BD,
0065A596,
0065A770,
0065A949,
0065AB23,
0065ACFC,
0065AED6,
0065B0AF,
0065B288,
0065B462,
0065B63B,
0065B814,
0065B9ED,
0065BBC6,
0065BD9F,
0065BF78,
0065C151,
0065C32A,
0065C503,
0065C6DC,
0065C8B4,
0065CA8D,
0065CC66,
0065CE3F,
0065D017,
0065D1F0,
0065D3C8,
0065D5A1,
0065D779,
0065D952,
0065DB2A,
0065DD02,
0065DEDB,
0065E0B3,
0065E28B,
0065E463,
0065E63B,
0065E813,
0065E9EB,
0065EBC3,
0065ED9B,
0065EF73,
0065F14B,
0065F323,
0065F4FB,
0065F6D2,
0065F8AA,
0065FA82,
0065FC59,
0065FE31,
00660009,
006601E0,
006603B7,
0066058F,
00660766,
0066093E,
00660B15,
00660CEC,
00660EC3,
0066109A,
00661272,
00661449,
00661620,
006617F7,
006619CE,
00661BA4,
00661D7B,
00661F52,
00662129,
00662300,
006624D6,
006626AD,
00662883,
00662A5A,
00662C31,
00662E07,
00662FDD,
006631B4,
0066338A,
00663561,
00663737,
0066390D,
00663AE3,
00663CB9,
00663E8F,
00664065,
0066423B,
00664411,
006645E7,
006647BD,
00664993,
00664B69,
00664D3F,
00664F14,
006650EA,
006652C0,
00665495,
0066566B,
00665840,
00665A16,
00665BEB,
00665DC0,
00665F96,
0066616B,
00666340,
00666515,
006666EB,
006668C0,
00666A95,
00666C6A,
00666E3F,
00667014,
006671E9,
006673BD,
00667592,
00667767,
0066793C,
00667B10,
00667CE5,
00667EBA,
0066808E,
00668263,
00668437,
0066860C,
006687E0,
006689B4,
00668B89,
00668D5D,
00668F31,
00669105,
006692D9,
006694AD,
00669682,
00669855,
00669A29,
00669BFD,
00669DD1,
00669FA5,
0066A179,
0066A34D,
0066A520,
0066A6F4,
0066A8C7,
0066AA9B,
0066AC6F,
0066AE42,
0066B015,
0066B1E9,
0066B3BC,
0066B590,
0066B763,
0066B936,
0066BB09,
0066BCDC,
0066BEAF,
0066C082,
0066C255,
0066C428,
0066C5FB,
0066C7CE,
0066C9A1,
0066CB74,
0066CD47,
0066CF19,
0066D0EC,
0066D2BE,
0066D491,
0066D664,
0066D836,
0066DA08,
0066DBDB,
0066DDAD,
0066DF80,
0066E152,
0066E324,
0066E4F6,
0066E6C8,
0066E89A,
0066EA6C,
0066EC3E,
0066EE10,
0066EFE2,
0066F1B4,
0066F386,
0066F558,
0066F729,
0066F8FB,
0066FACD,
0066FC9E,
0066FE70,
00670042,
00670213,
006703E4,
006705B6,
00670787,
00670958,
00670B2A,
00670CFB,
00670ECC,
0067109D,
0067126E,
0067143F,
00671610,
006717E1,
006719B2,
00671B83,
00671D54,
00671F25,
006720F5,
006722C6,
00672497,
00672667,
00672838,
00672A08,
00672BD9,
00672DA9,
00672F7A,
0067314A,
0067331A,
006734EA,
006736BB,
0067388B,
00673A5B,
00673C2B,
00673DFB,
00673FCB,
0067419B,
0067436B,
0067453B,
0067470A,
006748DA,
00674AAA,
00674C7A,
00674E49,
00675019,
006751E8,
006753B8,
00675587,
00675757,
00675926,
00675AF5,
00675CC5,
00675E94,
00676063,
00676232,
00676401,
006765D0,
0067679F,
0067696E,
00676B3D,
00676D0C,
00676EDB,
006770AA,
00677278,
00677447,
00677616,
006777E4,
006779B3,
00677B81,
00677D50,
00677F1E,
006780ED,
006782BB,
00678489,
00678657,
00678826,
006789F4,
00678BC2,
00678D90,
00678F5E,
0067912C,
006792FA,
006794C8,
00679696,
00679863,
00679A31,
00679BFF,
00679DCD,
00679F9A,
0067A168,
0067A335,
0067A503,
0067A6D0,
0067A89E,
0067AA6B,
0067AC38,
0067AE05,
0067AFD3,
0067B1A0,
0067B36D,
0067B53A,
0067B707,
0067B8D4,
0067BAA1,
0067BC6E,
0067BE3B,
0067C008,
0067C1D4,
0067C3A1,
0067C56E,
0067C73A,
0067C907,
0067CAD3,
0067CCA0,
0067CE6C,
0067D039,
0067D205,
0067D3D1,
0067D59E,
0067D76A,
0067D936,
0067DB02,
0067DCCE,
0067DE9A,
0067E066,
0067E232,
0067E3FE,
0067E5CA,
0067E796,
0067E962,
0067EB2D,
0067ECF9,
0067EEC5,
0067F090,
0067F25C,
0067F427,
0067F5F3,
0067F7BE,
0067F98A,
0067FB55,
0067FD20,
0067FEEB,
006800B7,
00680282,
0068044D,
00680618,
006807E3,
006809AE,
00680B79,
00680D43,
00680F0E,
006810D9,
006812A4,
0068146E,
00681639,
00681804,
006819CE,
00681B99,
00681D63,
00681F2E,
006820F8,
006822C2,
0068248C,
00682657,
00682821,
006829EB,
00682BB5,
00682D7F,
00682F49,
00683113,
006832DD,
006834A7,
00683671,
0068383A,
00683A04,
00683BCE,
00683D97,
00683F61,
0068412A,
006842F4,
006844BD,
00684687,
00684850,
00684A19,
00684BE3,
00684DAC,
00684F75,
0068513E,
00685307,
006854D0,
00685699,
00685862,
00685A2B,
00685BF4,
00685DBD,
00685F85,
0068614E,
00686317,
006864DF,
006866A8,
00686871,
00686A39,
00686C01,
00686DCA,
00686F92,
0068715A,
00687323,
006874EB,
006876B3,
0068787B,
00687A43,
00687C0B,
00687DD3,
00687F9B,
00688163,
0068832B,
006884F3,
006886BA,
00688882,
00688A4A,
00688C11,
00688DD9,
00688FA0,
00689168,
0068932F,
006894F6,
006896BE,
00689885,
00689A4C,
00689C13,
00689DDA,
00689FA2,
0068A169,
0068A330,
0068A4F7,
0068A6BD,
0068A884,
0068AA4B,
0068AC12,
0068ADD9,
0068AF9F,
0068B166,
0068B32C,
0068B4F3,
0068B6B9,
0068B880,
0068BA46,
0068BC0D,
0068BDD3,
0068BF99,
0068C15F,
0068C325,
0068C4EB,
0068C6B2,
0068C878,
0068CA3D,
0068CC03,
0068CDC9,
0068CF8F,
0068D155,
0068D31B,
0068D4E0,
0068D6A6,
0068D86B,
0068DA31,
0068DBF6,
0068DDBC,
0068DF81,
0068E147,
0068E30C,
0068E4D1,
0068E696,
0068E85C,
0068EA21,
0068EBE6,
0068EDAB,
0068EF70,
0068F135,
0068F2FA,
0068F4BE,
0068F683,
0068F848,
0068FA0D,
0068FBD1,
0068FD96,
0068FF5A,
0069011F,
006902E3,
006904A8,
0069066C,
00690830,
006909F5,
00690BB9,
00690D7D,
00690F41,
00691105,
006912C9,
0069148D,
00691651,
00691815,
006919D9,
00691B9D,
00691D60,
00691F24,
006920E8,
006922AB,
0069246F,
00692632,
006927F6,
006929B9,
00692B7D,
00692D40,
00692F03,
006930C6,
0069328A,
0069344D,
00693610,
006937D3,
00693996,
00693B59,
00693D1C,
00693EDE,
006940A1,
00694264,
00694427,
006945E9,
006947AC,
0069496F,
00694B31,
00694CF3,
00694EB6,
00695078,
0069523B,
006953FD,
006955BF,
00695781,
00695943,
00695B05,
00695CC7,
00695E89,
0069604B,
0069620D,
006963CF,
00696591,
00696753,
00696914,
00696AD6,
00696C98,
00696E59,
0069701B,
006971DC,
0069739D,
0069755F,
00697720,
006978E1,
00697AA3,
00697C64,
00697E25,
00697FE6,
006981A7,
00698368,
00698529,
006986EA,
006988AB,
00698A6B,
00698C2C,
00698DED,
00698FAD,
0069916E,
0069932E,
006994EF,
006996AF,
00699870,
00699A30,
00699BF0,
00699DB1,
00699F71,
0069A131,
0069A2F1,
0069A4B1,
0069A671,
0069A831,
0069A9F1,
0069ABB1,
0069AD71,
0069AF30,
0069B0F0,
0069B2B0,
0069B46F,
0069B62F,
0069B7EF,
0069B9AE,
0069BB6D,
0069BD2D,
0069BEEC,
0069C0AB,
0069C26B,
0069C42A,
0069C5E9,
0069C7A8,
0069C967,
0069CB26,
0069CCE5,
0069CEA4,
0069D063,
0069D222,
0069D3E0,
0069D59F,
0069D75E,
0069D91C,
0069DADB,
0069DC99,
0069DE58,
0069E016,
0069E1D5,
0069E393,
0069E551,
0069E70F,
0069E8CD,
0069EA8C,
0069EC4A,
0069EE08,
0069EFC6,
0069F184,
0069F341,
0069F4FF,
0069F6BD,
0069F87B,
0069FA38,
0069FBF6,
0069FDB4,
0069FF71,
006A012F,
006A02EC,
006A04A9,
006A0667,
006A0824,
006A09E1,
006A0B9E,
006A0D5C,
006A0F19,
006A10D6,
006A1293,
006A1450,
006A160C,
006A17C9,
006A1986,
006A1B43,
006A1D00,
006A1EBC,
006A2079,
006A2235,
006A23F2,
006A25AE,
006A276B,
006A2927,
006A2AE3,
006A2CA0,
006A2E5C,
006A3018,
006A31D4,
006A3390,
006A354C,
006A3708,
006A38C4,
006A3A80,
006A3C3C,
006A3DF7,
006A3FB3,
006A416F,
006A432A,
006A44E6,
006A46A1,
006A485D,
006A4A18,
006A4BD4,
006A4D8F,
006A4F4A,
006A5105,
006A52C0,
006A547C,
006A5637,
006A57F2,
006A59AD,
006A5B68,
006A5D22,
006A5EDD,
006A6098,
006A6253,
006A640D,
006A65C8,
006A6783,
006A693D,
006A6AF8,
006A6CB2,
006A6E6C,
006A7027,
006A71E1,
006A739B,
006A7555,
006A770F,
006A78C9,
006A7A83,
006A7C3D,
006A7DF7,
006A7FB1,
006A816B,
006A8325,
006A84DF,
006A8698,
006A8852,
006A8A0B,
006A8BC5,
006A8D7E,
006A8F38,
006A90F1,
006A92AA,
006A9464,
006A961D,
006A97D6,
006A998F,
006A9B48,
006A9D01,
006A9EBA,
006AA073,
006AA22C,
006AA3E5,
006AA59E,
006AA756,
006AA90F,
006AAAC8,
006AAC80,
006AAE39,
006AAFF1,
006AB1AA,
006AB362,
006AB51A,
006AB6D3,
006AB88B,
006ABA43,
006ABBFB,
006ABDB3,
006ABF6B,
006AC123,
006AC2DB,
006AC493,
006AC64B,
006AC803,
006AC9BA,
006ACB72,
006ACD2A,
006ACEE1,
006AD099,
006AD250,
006AD407,
006AD5BF,
006AD776,
006AD92D,
006ADAE5,
006ADC9C,
006ADE53,
006AE00A,
006AE1C1,
006AE378,
006AE52F,
006AE6E6,
006AE89D,
006AEA53,
006AEC0A,
006AEDC1,
006AEF77,
006AF12E,
006AF2E4,
006AF49B,
006AF651,
006AF807,
006AF9BE,
006AFB74,
006AFD2A,
006AFEE0,
006B0096,
006B024D,
006B0403,
006B05B8,
006B076E,
006B0924,
006B0ADA,
006B0C90,
006B0E45,
006B0FFB,
006B11B1,
006B1366,
006B151C,
006B16D1,
006B1887,
006B1A3C,
006B1BF1,
006B1DA6,
006B1F5C,
006B2111,
006B22C6,
006B247B,
006B2630,
006B27E5,
006B299A,
006B2B4E,
006B2D03,
006B2EB8,
006B306D,
006B3221,
006B33D6,
006B358A,
006B373F,
006B38F3,
006B3AA8,
006B3C5C,
006B3E10,
006B3FC4,
006B4179,
006B432D,
006B44E1,
006B4695,
006B4849,
006B49FD,
006B4BB0,
006B4D64,
006B4F18,
006B50CC,
006B527F,
006B5433,
006B55E6,
006B579A,
006B594D,
006B5B01,
006B5CB4,
006B5E67,
006B601B,
006B61CE,
006B6381,
006B6534,
006B66E7,
006B689A,
006B6A4D,
006B6C00,
006B6DB3,
006B6F66,
006B7118,
006B72CB,
006B747E,
006B7630,
006B77E3,
006B7995,
006B7B48,
006B7CFA,
006B7EAC,
006B805E,
006B8211,
006B83C3,
006B8575,
006B8727,
006B88D9,
006B8A8B,
006B8C3D,
006B8DEF,
006B8FA0,
006B9152,
006B9304,
006B94B6,
006B9667,
006B9819,
006B99CA,
006B9B7C,
006B9D2D,
006B9EDE,
006BA090,
006BA241,
006BA3F2,
006BA5A3,
006BA754,
006BA905,
006BAAB6,
006BAC67,
006BAE18,
006BAFC9,
006BB17A,
006BB32A,
006BB4DB,
006BB68C,
006BB83C,
006BB9ED,
006BBB9D,
006BBD4D,
006BBEFE,
006BC0AE,
006BC25E,
006BC40E,
006BC5BF,
006BC76F,
006BC91F,
006BCACF,
006BCC7F,
006BCE2F,
006BCFDE,
006BD18E,
006BD33E,
006BD4ED,
006BD69D,
006BD84D,
006BD9FC,
006BDBAC,
006BDD5B,
006BDF0A,
006BE0BA,
006BE269,
006BE418,
006BE5C7,
006BE776,
006BE925,
006BEAD4,
006BEC83,
006BEE32,
006BEFE1,
006BF190,
006BF33F,
006BF4ED,
006BF69C,
006BF84A,
006BF9F9,
006BFBA7,
006BFD56,
006BFF04,
006C00B3,
006C0261,
006C040F,
006C05BD,
006C076B,
006C0919,
006C0AC7,
006C0C75,
006C0E23,
006C0FD1,
006C117F,
006C132C,
006C14DA,
006C1688,
006C1835,
006C19E3,
006C1B90,
006C1D3E,
006C1EEB,
006C2098,
006C2246,
006C23F3,
006C25A0,
006C274D,
006C28FA,
006C2AA7,
006C2C54,
006C2E01,
006C2FAE,
006C315B,
006C3307,
006C34B4,
006C3661,
006C380D,
006C39BA,
006C3B66,
006C3D13,
006C3EBF,
006C406B,
006C4217,
006C43C4,
006C4570,
006C471C,
006C48C8,
006C4A74,
006C4C20,
006C4DCC,
006C4F78,
006C5123,
006C52CF,
006C547B,
006C5626,
006C57D2,
006C597D,
006C5B29,
006C5CD4,
006C5E80,
006C602B,
006C61D6,
006C6381,
006C652C,
006C66D8,
006C6883,
006C6A2E,
006C6BD8,
006C6D83,
006C6F2E,
006C70D9,
006C7284,
006C742E,
006C75D9,
006C7783,
006C792E,
006C7AD8,
006C7C83,
006C7E2D,
006C7FD7,
006C8182,
006C832C,
006C84D6,
006C8680,
006C882A,
006C89D4,
006C8B7E,
006C8D28,
006C8ED2,
006C907B,
006C9225,
006C93CF,
006C9578,
006C9722,
006C98CB,
006C9A75,
006C9C1E,
006C9DC7,
006C9F71,
006CA11A,
006CA2C3,
006CA46C,
006CA615,
006CA7BE,
006CA967,
006CAB10,
006CACB9,
006CAE62,
006CB00A,
006CB1B3,
006CB35C,
006CB504,
006CB6AD,
006CB855,
006CB9FE,
006CBBA6,
006CBD4E,
006CBEF7,
006CC09F,
006CC247,
006CC3EF,
006CC597,
006CC73F,
006CC8E7,
006CCA8F,
006CCC37,
006CCDDE,
006CCF86,
006CD12E,
006CD2D5,
006CD47D,
006CD625,
006CD7CC,
006CD973,
006CDB1B,
006CDCC2,
006CDE69,
006CE010,
006CE1B7,
006CE35F,
006CE506,
006CE6AD,
006CE853,
006CE9FA,
006CEBA1,
006CED48,
006CEEEE,
006CF095,
006CF23C,
006CF3E2,
006CF589,
006CF72F,
006CF8D5,
006CFA7C,
006CFC22,
006CFDC8,
006CFF6E,
006D0114,
006D02BA,
006D0460,
006D0606,
006D07AC,
006D0952,
006D0AF8,
006D0C9E,
006D0E43,
006D0FE9,
006D118E,
006D1334,
006D14D9,
006D167F,
006D1824,
006D19C9,
006D1B6E,
006D1D14,
006D1EB9,
006D205E,
006D2203,
006D23A8,
006D254D,
006D26F2,
006D2896,
006D2A3B,
006D2BE0,
006D2D84,
006D2F29,
006D30CD,
006D3272,
006D3416,
006D35BB,
006D375F,
006D3903,
006D3AA7,
006D3C4B,
006D3DF0,
006D3F94,
006D4138,
006D42DB,
006D447F,
006D4623,
006D47C7,
006D496B,
006D4B0E,
006D4CB2,
006D4E55,
006D4FF9,
006D519C,
006D5340,
006D54E3,
006D5686,
006D5829,
006D59CC,
006D5B70,
006D5D13,
006D5EB6,
006D6058,
006D61FB,
006D639E,
006D6541,
006D66E4,
006D6886,
006D6A29,
006D6BCB,
006D6D6E,
006D6F10,
006D70B3,
006D7255,
006D73F7,
006D759A,
006D773C,
006D78DE,
006D7A80,
006D7C22,
006D7DC4,
006D7F66,
006D8107,
006D82A9,
006D844B,
006D85ED,
006D878E,
006D8930,
006D8AD1,
006D8C73,
006D8E14,
006D8FB5,
006D9157,
006D92F8,
006D9499,
006D963A,
006D97DB,
006D997C,
006D9B1D,
006D9CBE,
006D9E5F,
006DA000,
006DA1A0,
006DA341,
006DA4E2,
006DA682,
006DA823,
006DA9C3,
006DAB63,
006DAD04,
006DAEA4,
006DB044,
006DB1E4,
006DB385,
006DB525,
006DB6C5,
006DB865,
006DBA04,
006DBBA4,
006DBD44,
006DBEE4,
006DC083,
006DC223,
006DC3C3,
006DC562,
006DC702,
006DC8A1,
006DCA40,
006DCBE0,
006DCD7F,
006DCF1E,
006DD0BD,
006DD25C,
006DD3FB,
006DD59A,
006DD739,
006DD8D8,
006DDA77,
006DDC15,
006DDDB4,
006DDF53,
006DE0F1,
006DE290,
006DE42E,
006DE5CC,
006DE76B,
006DE909,
006DEAA7,
006DEC45,
006DEDE4,
006DEF82,
006DF120,
006DF2BE,
006DF45B,
006DF5F9,
006DF797,
006DF935,
006DFAD2,
006DFC70,
006DFE0E,
006DFFAB,
006E0148,
006E02E6,
006E0483,
006E0620,
006E07BE,
006E095B,
006E0AF8,
006E0C95,
006E0E32,
006E0FCF,
006E116C,
006E1309,
006E14A5,
006E1642,
006E17DF,
006E197B,
006E1B18,
006E1CB4,
006E1E51,
006E1FED,
006E2189,
006E2326,
006E24C2,
006E265E,
006E27FA,
006E2996,
006E2B32,
006E2CCE,
006E2E6A,
006E3006,
006E31A1,
006E333D,
006E34D9,
006E3674,
006E3810,
006E39AB,
006E3B47,
006E3CE2,
006E3E7D,
006E4019,
006E41B4,
006E434F,
006E44EA,
006E4685,
006E4820,
006E49BB,
006E4B56,
006E4CF1,
006E4E8B,
006E5026,
006E51C1,
006E535B,
006E54F6,
006E5690,
006E582A,
006E59C5,
006E5B5F,
006E5CF9,
006E5E93,
006E602E,
006E61C8,
006E6362,
006E64FC,
006E6695,
006E682F,
006E69C9,
006E6B63,
006E6CFC,
006E6E96,
006E7030,
006E71C9,
006E7362,
006E74FC,
006E7695,
006E782E,
006E79C8,
006E7B61,
006E7CFA,
006E7E93,
006E802C,
006E81C5,
006E835E,
006E84F6,
006E868F,
006E8828,
006E89C1,
006E8B59,
006E8CF2,
006E8E8A,
006E9022,
006E91BB,
006E9353,
006E94EB,
006E9684,
006E981C,
006E99B4,
006E9B4C,
006E9CE4,
006E9E7C,
006EA013,
006EA1AB,
006EA343,
006EA4DB,
006EA672,
006EA80A,
006EA9A1,
006EAB39,
006EACD0,
006EAE67,
006EAFFF,
006EB196,
006EB32D,
006EB4C4,
006EB65B,
006EB7F2,
006EB989,
006EBB20,
006EBCB7,
006EBE4D,
006EBFE4,
006EC17B,
006EC311,
006EC4A8,
006EC63E,
006EC7D5,
006EC96B,
006ECB01,
006ECC98,
006ECE2E,
006ECFC4,
006ED15A,
006ED2F0,
006ED486,
006ED61C,
006ED7B2,
006ED947,
006EDADD,
006EDC73,
006EDE08,
006EDF9E,
006EE133,
006EE2C9,
006EE45E,
006EE5F3,
006EE789,
006EE91E,
006EEAB3,
006EEC48,
006EEDDD,
006EEF72,
006EF107,
006EF29C,
006EF431,
006EF5C5,
006EF75A,
006EF8EF,
006EFA83,
006EFC18,
006EFDAC,
006EFF41,
006F00D5,
006F0269,
006F03FD,
006F0592,
006F0726,
006F08BA,
006F0A4E,
006F0BE2,
006F0D75,
006F0F09,
006F109D,
006F1231,
006F13C4,
006F1558,
006F16EB,
006F187F,
006F1A12,
006F1BA6,
006F1D39,
006F1ECC,
006F205F,
006F21F2,
006F2386,
006F2519,
006F26AB,
006F283E,
006F29D1,
006F2B64,
006F2CF7,
006F2E89,
006F301C,
006F31AE,
006F3341,
006F34D3,
006F3666,
006F37F8,
006F398A,
006F3B1C,
006F3CAF,
006F3E41,
006F3FD3,
006F4165,
006F42F6,
006F4488,
006F461A,
006F47AC,
006F493D,
006F4ACF,
006F4C61,
006F4DF2,
006F4F83,
006F5115,
006F52A6,
006F5437,
006F55C9,
006F575A,
006F58EB,
006F5A7C,
006F5C0D,
006F5D9E,
006F5F2F,
006F60BF,
006F6250,
006F63E1,
006F6571,
006F6702,
006F6892,
006F6A23,
006F6BB3,
006F6D44,
006F6ED4,
006F7064,
006F71F4,
006F7384,
006F7514,
006F76A4,
006F7834,
006F79C4,
006F7B54,
006F7CE3,
006F7E73,
006F8003,
006F8192,
006F8322,
006F84B1,
006F8641,
006F87D0,
006F895F,
006F8AEE,
006F8C7E,
006F8E0D,
006F8F9C,
006F912B,
006F92BA,
006F9448,
006F95D7,
006F9766,
006F98F5,
006F9A83,
006F9C12,
006F9DA0,
006F9F2F,
006FA0BD,
006FA24B,
006FA3DA,
006FA568,
006FA6F6,
006FA884,
006FAA12,
006FABA0,
006FAD2E,
006FAEBC,
006FB04A,
006FB1D7,
006FB365,
006FB4F3,
006FB680,
006FB80E,
006FB99B,
006FBB28,
006FBCB6,
006FBE43,
006FBFD0,
006FC15D,
006FC2EA,
006FC477,
006FC604,
006FC791,
006FC91E,
006FCAAB,
006FCC38,
006FCDC4,
006FCF51,
006FD0DD,
006FD26A,
006FD3F6,
006FD583,
006FD70F,
006FD89B,
006FDA28,
006FDBB4,
006FDD40,
006FDECC,
006FE058,
006FE1E4,
006FE36F,
006FE4FB,
006FE687,
006FE813,
006FE99E,
006FEB2A,
006FECB5,
006FEE41,
006FEFCC,
006FF157,
006FF2E3,
006FF46E,
006FF5F9,
006FF784,
006FF90F,
006FFA9A,
006FFC25,
006FFDB0,
006FFF3A,
007000C5,
00700250,
007003DA,
00700565,
007006EF,
0070087A,
00700A04,
00700B8E,
00700D19,
00700EA3,
0070102D,
007011B7,
00701341,
007014CB,
00701655,
007017DE,
00701968,
00701AF2,
00701C7C,
00701E05,
00701F8F,
00702118,
007022A1,
0070242B,
007025B4,
0070273D,
007028C6,
00702A4F,
00702BD9,
00702D62,
00702EEA,
00703073,
007031FC,
00703385,
0070350D,
00703696,
0070381F,
007039A7,
00703B30,
00703CB8,
00703E40,
00703FC9,
00704151,
007042D9,
00704461,
007045E9,
00704771,
007048F9,
00704A81,
00704C08,
00704D90,
00704F18,
0070509F,
00705227,
007053AE,
00705536,
007056BD,
00705844,
007059CC,
00705B53,
00705CDA,
00705E61,
00705FE8,
0070616F,
007062F6,
0070647D,
00706603,
0070678A,
00706911,
00706A97,
00706C1E,
00706DA4,
00706F2B,
007070B1,
00707237,
007073BD,
00707543,
007076CA,
00707850,
007079D6,
00707B5B,
00707CE1,
00707E67,
00707FED,
00708172,
007082F8,
0070847E,
00708603,
00708789,
0070890E,
00708A93,
00708C18,
00708D9E,
00708F23,
007090A8,
0070922D,
007093B2,
00709537,
007096BB,
00709840,
007099C5,
00709B49,
00709CCE,
00709E53,
00709FD7,
0070A15B,
0070A2E0,
0070A464,
0070A5E8,
0070A76C,
0070A8F0,
0070AA74,
0070ABF8,
0070AD7C,
0070AF00,
0070B084,
0070B208,
0070B38B,
0070B50F,
0070B692,
0070B816,
0070B999,
0070BB1D,
0070BCA0,
0070BE23,
0070BFA6,
0070C12A,
0070C2AD,
0070C430,
0070C5B3,
0070C735,
0070C8B8,
0070CA3B,
0070CBBE,
0070CD40,
0070CEC3,
0070D045,
0070D1C8,
0070D34A,
0070D4CC,
0070D64F,
0070D7D1,
0070D953,
0070DAD5,
0070DC57,
0070DDD9,
0070DF5B,
0070E0DD,
0070E25F,
0070E3E0,
0070E562,
0070E6E4,
0070E865,
0070E9E7,
0070EB68,
0070ECE9,
0070EE6B,
0070EFEC,
0070F16D,
0070F2EE,
0070F46F,
0070F5F0,
0070F771,
0070F8F2,
0070FA73,
0070FBF3,
0070FD74,
0070FEF5,
00710075,
007101F6,
00710376,
007104F6,
00710677,
007107F7,
00710977,
00710AF7,
00710C77,
00710DF7,
00710F77,
007110F7,
00711277,
007113F7,
00711576,
007116F6,
00711875,
007119F5,
00711B74,
00711CF4,
00711E73,
00711FF2,
00712172,
007122F1,
00712470,
007125EF,
0071276E,
007128ED,
00712A6B,
00712BEA,
00712D69,
00712EE8,
00713066,
007131E5,
00713363,
007134E1,
00713660,
007137DE,
0071395C,
00713ADA,
00713C58,
00713DD6,
00713F54,
007140D2,
00714250,
007143CE,
0071454C,
007146C9,
00714847,
007149C4,
00714B42,
00714CBF,
00714E3D,
00714FBA,
00715137,
007152B4,
00715431,
007155AE,
0071572B,
007158A8,
00715A25,
00715BA2,
00715D1F,
00715E9B,
00716018,
00716194,
00716311,
0071648D,
0071660A,
00716786,
00716902,
00716A7E,
00716BFA,
00716D76,
00716EF2,
0071706E,
007171EA,
00717366,
007174E2,
0071765D,
007177D9,
00717954,
00717AD0,
00717C4B,
00717DC7,
00717F42,
007180BD,
00718238,
007183B3,
0071852E,
007186A9,
00718824,
0071899F,
00718B1A,
00718C95,
00718E0F,
00718F8A,
00719105,
0071927F,
007193F9,
00719574,
007196EE,
00719868,
007199E3,
00719B5D,
00719CD7,
00719E51,
00719FCB,
0071A144,
0071A2BE,
0071A438,
0071A5B2,
0071A72B,
0071A8A5,
0071AA1E,
0071AB98,
0071AD11,
0071AE8A,
0071B004,
0071B17D,
0071B2F6,
0071B46F,
0071B5E8,
0071B761,
0071B8DA,
0071BA52,
0071BBCB,
0071BD44,
0071BEBC,
0071C035,
0071C1AD,
0071C326,
0071C49E,
0071C616,
0071C78F,
0071C907,
0071CA7F,
0071CBF7,
0071CD6F,
0071CEE7,
0071D05F,
0071D1D6,
0071D34E,
0071D4C6,
0071D63D,
0071D7B5,
0071D92C,
0071DAA4,
0071DC1B,
0071DD92,
0071DF0A,
0071E081,
0071E1F8,
0071E36F,
0071E4E6,
0071E65D,
0071E7D4,
0071E94A,
0071EAC1,
0071EC38,
0071EDAE,
0071EF25,
0071F09B,
0071F212,
0071F388,
0071F4FE,
0071F675,
0071F7EB,
0071F961,
0071FAD7,
0071FC4D,
0071FDC3,
0071FF39,
007200AE,
00720224,
0072039A,
0072050F,
00720685,
007207FA,
00720970,
00720AE5,
00720C5A,
00720DCF,
00720F45,
007210BA,
0072122F,
007213A4,
00721518,
0072168D,
00721802,
00721977,
00721AEB,
00721C60,
00721DD4,
00721F49,
007220BD,
00722232,
007223A6,
0072251A,
0072268E,
00722802,
00722976,
00722AEA,
00722C5E,
00722DD2,
00722F46,
007230B9,
0072322D,
007233A0,
00723514,
00723687,
007237FB,
0072396E,
00723AE1,
00723C54,
00723DC7,
00723F3B,
007240AD,
00724220,
00724393,
00724506,
00724679,
007247EB,
0072495E,
00724AD1,
00724C43,
00724DB5,
00724F28,
0072509A,
0072520C,
0072537E,
007254F0,
00725663,
007257D4,
00725946,
00725AB8,
00725C2A,
00725D9C,
00725F0D,
0072607F,
007261F0,
00726362,
007264D3,
00726645,
007267B6,
00726927,
00726A98,
00726C09,
00726D7A,
00726EEB,
0072705C,
007271CD,
0072733E,
007274AE,
0072761F,
0072778F,
00727900,
00727A70,
00727BE1,
00727D51,
00727EC1,
00728031,
007281A2,
00728312,
00728482,
007285F1,
00728761,
007288D1,
00728A41,
00728BB0,
00728D20,
00728E90,
00728FFF,
0072916E,
007292DE,
0072944D,
007295BC,
0072972B,
0072989A,
00729A09,
00729B78,
00729CE7,
00729E56,
00729FC5,
0072A134,
0072A2A2,
0072A411,
0072A57F,
0072A6EE,
0072A85C,
0072A9CA,
0072AB39,
0072ACA7,
0072AE15,
0072AF83,
0072B0F1,
0072B25F,
0072B3CD,
0072B53A,
0072B6A8,
0072B816,
0072B983,
0072BAF1,
0072BC5E,
0072BDCC,
0072BF39,
0072C0A6,
0072C214,
0072C381,
0072C4EE,
0072C65B,
0072C7C8,
0072C935,
0072CAA2,
0072CC0E,
0072CD7B,
0072CEE8,
0072D054,
0072D1C1,
0072D32D,
0072D49A,
0072D606,
0072D772,
0072D8DE,
0072DA4A,
0072DBB6,
0072DD22,
0072DE8E,
0072DFFA,
0072E166,
0072E2D2,
0072E43D,
0072E5A9,
0072E714,
0072E880,
0072E9EB,
0072EB57,
0072ECC2,
0072EE2D,
0072EF98,
0072F103,
0072F26E,
0072F3D9,
0072F544,
0072F6AF,
0072F81A,
0072F984,
0072FAEF,
0072FC5A,
0072FDC4,
0072FF2F,
00730099,
00730203,
0073036D,
007304D8,
00730642,
007307AC,
00730916,
00730A80,
00730BE9,
00730D53,
00730EBD,
00731027,
00731190,
007312FA,
00731463,
007315CC,
00731736,
0073189F,
00731A08,
00731B71,
00731CDA,
00731E43,
00731FAC,
00732115,
0073227E,
007323E7,
0073254F,
007326B8,
00732821,
00732989,
00732AF1,
00732C5A,
00732DC2,
00732F2A,
00733092,
007331FA,
00733362,
007334CA,
00733632,
0073379A,
00733902,
00733A6A,
00733BD1,
00733D39,
00733EA0,
00734008,
0073416F,
007342D6,
0073443E,
007345A5,
0073470C,
00734873,
007349DA,
00734B41,
00734CA8,
00734E0E,
00734F75,
007350DC,
00735242,
007353A9,
0073550F,
00735676,
007357DC,
00735942,
00735AA8,
00735C0E,
00735D74,
00735EDA,
00736040,
007361A6,
0073630C,
00736472,
007365D7,
0073673D,
007368A2,
00736A08,
00736B6D,
00736CD3,
00736E38,
00736F9D,
00737102,
00737267,
007373CC,
00737531,
00737696,
007377FB,
00737960,
00737AC4,
00737C29,
00737D8D,
00737EF2,
00738056,
007381BB,
0073831F,
00738483,
007385E7,
0073874B,
007388AF,
00738A13,
00738B77,
00738CDB,
00738E3F,
00738FA2,
00739106,
00739269,
007393CD,
00739530,
00739694,
007397F7,
0073995A,
00739ABD,
00739C20,
00739D83,
00739EE6,
0073A049,
0073A1AC,
0073A30F,
0073A472,
0073A5D4,
0073A737,
0073A899,
0073A9FC,
0073AB5E,
0073ACC0,
0073AE23,
0073AF85,
0073B0E7,
0073B249,
0073B3AB,
0073B50D,
0073B66E,
0073B7D0,
0073B932,
0073BA94,
0073BBF5,
0073BD57,
0073BEB8,
0073C019,
0073C17B,
0073C2DC,
0073C43D,
0073C59E,
0073C6FF,
0073C860,
0073C9C1,
0073CB22,
0073CC83,
0073CDE3,
0073CF44,
0073D0A5,
0073D205,
0073D365,
0073D4C6,
0073D626,
0073D786,
0073D8E7,
0073DA47,
0073DBA7,
0073DD07,
0073DE66,
0073DFC6,
0073E126,
0073E286,
0073E3E5,
0073E545,
0073E6A4,
0073E804,
0073E963,
0073EAC3,
0073EC22,
0073ED81,
0073EEE0,
0073F03F,
0073F19E,
0073F2FD,
0073F45C,
0073F5BB,
0073F719,
0073F878,
0073F9D6,
0073FB35,
0073FC93,
0073FDF2,
0073FF50,
007400AE,
0074020C,
0074036B,
007404C9,
00740627,
00740784,
007408E2,
00740A40,
00740B9E,
00740CFB,
00740E59,
00740FB6,
00741114,
00741271,
007413CE,
0074152C,
00741689,
007417E6,
00741943,
00741AA0,
00741BFD,
00741D5A,
00741EB6,
00742013,
00742170,
007422CC,
00742429,
00742585,
007426E2,
0074283E,
0074299A,
00742AF6,
00742C52,
00742DAE,
00742F0A,
00743066,
007431C2,
0074331E,
00743479,
007435D5,
00743731,
0074388C,
007439E8,
00743B43,
00743C9E,
00743DF9,
00743F54,
007440B0,
0074420B,
00744366,
007444C0,
0074461B,
00744776,
007448D1,
00744A2B,
00744B86,
00744CE0,
00744E3B,
00744F95,
007450EF,
00745249,
007453A4,
007454FE,
00745658,
007457B2,
0074590B,
00745A65,
00745BBF,
00745D19,
00745E72,
00745FCC,
00746125,
0074627F,
007463D8,
00746531,
0074668A,
007467E4,
0074693D,
00746A96,
00746BEF,
00746D47,
00746EA0,
00746FF9,
00747152,
007472AA,
00747403,
0074755B,
007476B3,
0074780C,
00747964,
00747ABC,
00747C14,
00747D6C,
00747EC4,
0074801C,
00748174,
007482CC,
00748424,
0074857B,
007486D3,
0074882A,
00748982,
00748AD9,
00748C30,
00748D88,
00748EDF,
00749036,
0074918D,
007492E4,
0074943B,
00749592,
007496E8,
0074983F,
00749996,
00749AEC,
00749C43,
00749D99,
00749EEF,
0074A046,
0074A19C,
0074A2F2,
0074A448,
0074A59E,
0074A6F4,
0074A84A,
0074A9A0,
0074AAF5,
0074AC4B,
0074ADA1,
0074AEF6,
0074B04C,
0074B1A1,
0074B2F6,
0074B44C,
0074B5A1,
0074B6F6,
0074B84B,
0074B9A0,
0074BAF5,
0074BC4A,
0074BD9F,
0074BEF3,
0074C048,
0074C19C,
0074C2F1,
0074C445,
0074C59A,
0074C6EE,
0074C842,
0074C996,
0074CAEB,
0074CC3F,
0074CD93,
0074CEE6,
0074D03A,
0074D18E,
0074D2E2,
0074D435,
0074D589,
0074D6DC,
0074D830,
0074D983,
0074DAD6,
0074DC2A,
0074DD7D,
0074DED0,
0074E023,
0074E176,
0074E2C9,
0074E41B,
0074E56E,
0074E6C1,
0074E813,
0074E966,
0074EAB8,
0074EC0B,
0074ED5D,
0074EEAF,
0074F002,
0074F154,
0074F2A6,
0074F3F8,
0074F54A,
0074F69B,
0074F7ED,
0074F93F,
0074FA91,
0074FBE2,
0074FD34,
0074FE85,
0074FFD6,
00750128,
00750279,
007503CA,
0075051B,
0075066C,
007507BD,
0075090E,
00750A5F,
00750BB0,
00750D00,
00750E51,
00750FA1,
007510F2,
00751242,
00751393,
007514E3,
00751633,
00751783,
007518D3,
00751A23,
00751B73,
00751CC3,
00751E13,
00751F62,
007520B2,
00752202,
00752351,
007524A1,
007525F0,
0075273F,
0075288E,
007529DE,
00752B2D,
00752C7C,
00752DCB,
00752F1A,
00753068,
007531B7,
00753306,
00753454,
007535A3,
007536F1,
00753840,
0075398E,
00753ADC,
00753C2B,
00753D79,
00753EC7,
00754015,
00754163,
007542B0,
007543FE,
0075454C,
0075469A,
007547E7,
00754935,
00754A82,
00754BCF,
00754D1D,
00754E6A,
00754FB7,
00755104,
00755251,
0075539E,
007554EB,
00755638,
00755785,
007558D1,
00755A1E,
00755B6A,
00755CB7,
00755E03,
00755F50,
0075609C,
007561E8,
00756334,
00756480,
007565CC,
00756718,
00756864,
007569B0,
00756AFB,
00756C47,
00756D93,
00756EDE,
00757029,
00757175,
007572C0,
0075740B,
00757556,
007576A2,
007577ED,
00757937,
00757A82,
00757BCD,
00757D18,
00757E63,
00757FAD,
007580F8,
00758242,
0075838C,
007584D7,
00758621,
0075876B,
007588B5,
007589FF,
00758B49,
00758C93,
00758DDD,
00758F27,
00759070,
007591BA,
00759304,
0075944D,
00759596,
007596E0,
00759829,
00759972,
00759ABB,
00759C04,
00759D4D,
00759E96,
00759FDF,
0075A128,
0075A271,
0075A3B9,
0075A502,
0075A64A,
0075A793,
0075A8DB,
0075AA23,
0075AB6C,
0075ACB4,
0075ADFC,
0075AF44,
0075B08C,
0075B1D4,
0075B31B,
0075B463,
0075B5AB,
0075B6F2,
0075B83A,
0075B981,
0075BAC9,
0075BC10,
0075BD57,
0075BE9E,
0075BFE6,
0075C12D,
0075C274,
0075C3BA,
0075C501,
0075C648,
0075C78F,
0075C8D5,
0075CA1C,
0075CB62,
0075CCA9,
0075CDEF,
0075CF35,
0075D07B,
0075D1C2,
0075D308,
0075D44E,
0075D593,
0075D6D9,
0075D81F,
0075D965,
0075DAAA,
0075DBF0,
0075DD35,
0075DE7B,
0075DFC0,
0075E105,
0075E24B,
0075E390,
0075E4D5,
0075E61A,
0075E75F,
0075E8A4,
0075E9E8,
0075EB2D,
0075EC72,
0075EDB6,
0075EEFB,
0075F03F,
0075F184,
0075F2C8,
0075F40C,
0075F550,
0075F694,
0075F7D8,
0075F91C,
0075FA60,
0075FBA4,
0075FCE8,
0075FE2B,
0075FF6F,
007600B2,
007601F6,
00760339,
0076047C,
007605C0,
00760703,
00760846,
00760989,
00760ACC,
00760C0F,
00760D52,
00760E94,
00760FD7,
0076111A,
0076125C,
0076139F,
007614E1,
00761623,
00761766,
007618A8,
007619EA,
00761B2C,
00761C6E,
00761DB0,
00761EF1,
00762033,
00762175,
007622B7,
007623F8,
0076253A,
0076267B,
007627BC,
007628FD,
00762A3F,
00762B80,
00762CC1,
00762E02,
00762F43,
00763084,
007631C4,
00763305,
00763446,
00763586,
007636C7,
00763807,
00763947,
00763A88,
00763BC8,
00763D08,
00763E48,
00763F88,
007640C8,
00764208,
00764347,
00764487,
007645C7,
00764706,
00764846,
00764985,
00764AC5,
00764C04,
00764D43,
00764E82,
00764FC1,
00765100,
0076523F,
0076537E,
007654BD,
007655FB,
0076573A,
00765879,
007659B7,
00765AF5,
00765C34,
00765D72,
00765EB0,
00765FEE,
0076612C,
0076626A,
007663A8,
007664E6,
00766624,
00766762,
0076689F,
007669DD,
00766B1A,
00766C58,
00766D95,
00766ED2,
00767010,
0076714D,
0076728A,
007673C7,
00767504,
00767641,
0076777D,
007678BA,
007679F7,
00767B33,
00767C70,
00767DAC,
00767EE8,
00768025,
00768161,
0076829D,
007683D9,
00768515,
00768651,
0076878D,
007688C9,
00768A04,
00768B40,
00768C7C,
00768DB7,
00768EF2,
0076902E,
00769169,
007692A4,
007693DF,
0076951A,
00769655,
00769790,
007698CB,
00769A06,
00769B41,
00769C7B,
00769DB6,
00769EF0,
0076A02B,
0076A165,
0076A29F,
0076A3DA,
0076A514,
0076A64E,
0076A788,
0076A8C2,
0076A9FB,
0076AB35,
0076AC6F,
0076ADA9,
0076AEE2,
0076B01C,
0076B155,
0076B28E,
0076B3C8,
0076B501,
0076B63A,
0076B773,
0076B8AC,
0076B9E5,
0076BB1E,
0076BC57,
0076BD8F,
0076BEC8,
0076C000,
0076C139,
0076C271,
0076C3AA,
0076C4E2,
0076C61A,
0076C752,
0076C88A,
0076C9C2,
0076CAFA,
0076CC32,
0076CD6A,
0076CEA1,
0076CFD9,
0076D111,
0076D248,
0076D37F,
0076D4B7,
0076D5EE,
0076D725,
0076D85C,
0076D993,
0076DACA,
0076DC01,
0076DD38,
0076DE6F,
0076DFA5,
0076E0DC,
0076E213,
0076E349,
0076E47F,
0076E5B6,
0076E6EC,
0076E822,
0076E958,
0076EA8E,
0076EBC4,
0076ECFA,
0076EE30,
0076EF66,
0076F09B,
0076F1D1,
0076F306,
0076F43C,
0076F571,
0076F6A7,
0076F7DC,
0076F911,
0076FA46,
0076FB7B,
0076FCB0,
0076FDE5,
0076FF1A,
0077004E,
00770183,
007702B8,
007703EC,
00770521,
00770655,
00770789,
007708BD,
007709F2,
00770B26,
00770C5A,
00770D8E,
00770EC1,
00770FF5,
00771129,
0077125D,
00771390,
007714C4,
007715F7,
0077172A,
0077185E,
00771991,
00771AC4,
00771BF7,
00771D2A,
00771E5D,
00771F90,
007720C3,
007721F5,
00772328,
0077245B,
0077258D,
007726BF,
007727F2,
00772924,
00772A56,
00772B88,
00772CBA,
00772DEC,
00772F1E,
00773050,
00773182,
007732B3,
007733E5,
00773517,
00773648,
00773779,
007738AB,
007739DC,
00773B0D,
00773C3E,
00773D6F,
00773EA0,
00773FD1,
00774102,
00774233,
00774363,
00774494,
007745C4,
007746F5,
00774825,
00774956,
00774A86,
00774BB6,
00774CE6,
00774E16,
00774F46,
00775076,
007751A6,
007752D5,
00775405,
00775535,
00775664,
00775793,
007758C3,
007759F2,
00775B21,
00775C50,
00775D80,
00775EAE,
00775FDD,
0077610C,
0077623B,
0077636A,
00776498,
007765C7,
007766F5,
00776824,
00776952,
00776A80,
00776BAF,
00776CDD,
00776E0B,
00776F39,
00777067,
00777194,
007772C2,
007773F0,
0077751D,
0077764B,
00777778,
007778A6,
007779D3,
00777B00,
00777C2D,
00777D5A,
00777E87,
00777FB4,
007780E1,
0077820E,
0077833B,
00778467,
00778594,
007786C0,
007787ED,
00778919,
00778A46,
00778B72,
00778C9E,
00778DCA,
00778EF6,
00779022,
0077914E,
00779279,
007793A5,
007794D1,
007795FC,
00779728,
00779853,
0077997E,
00779AAA,
00779BD5,
00779D00,
00779E2B,
00779F56,
0077A081,
0077A1AC,
0077A2D6,
0077A401,
0077A52C,
0077A656,
0077A781,
0077A8AB,
0077A9D5,
0077AAFF,
0077AC2A,
0077AD54,
0077AE7E,
0077AFA8,
0077B0D1,
0077B1FB,
0077B325,
0077B44F,
0077B578,
0077B6A2,
0077B7CB,
0077B8F4,
0077BA1E,
0077BB47,
0077BC70,
0077BD99,
0077BEC2,
0077BFEB,
0077C114,
0077C23C,
0077C365,
0077C48E,
0077C5B6,
0077C6DF,
0077C807,
0077C92F,
0077CA58,
0077CB80,
0077CCA8,
0077CDD0,
0077CEF8,
0077D020,
0077D147,
0077D26F,
0077D397,
0077D4BE,
0077D5E6,
0077D70D,
0077D835,
0077D95C,
0077DA83,
0077DBAA,
0077DCD1,
0077DDF8,
0077DF1F,
0077E046,
0077E16D,
0077E293,
0077E3BA,
0077E4E0,
0077E607,
0077E72D,
0077E854,
0077E97A,
0077EAA0,
0077EBC6,
0077ECEC,
0077EE12,
0077EF38,
0077F05E,
0077F183,
0077F2A9,
0077F3CF,
0077F4F4,
0077F61A,
0077F73F,
0077F864,
0077F989,
0077FAAE,
0077FBD4,
0077FCF9,
0077FE1D,
0077FF42,
00780067,
0078018C,
007802B0,
007803D5,
007804F9,
0078061E,
00780742,
00780866,
0078098A,
00780AAE,
00780BD2,
00780CF6,
00780E1A,
00780F3E,
00781062,
00781185,
007812A9,
007813CC,
007814F0,
00781613,
00781736,
0078185A,
0078197D,
00781AA0,
00781BC3,
00781CE6,
00781E08,
00781F2B,
0078204E,
00782170,
00782293,
007823B5,
007824D8,
007825FA,
0078271C,
0078283E,
00782961,
00782A83,
00782BA4,
00782CC6,
00782DE8,
00782F0A,
0078302B,
0078314D,
0078326E,
00783390,
007834B1,
007835D2,
007836F4,
00783815,
00783936,
00783A57,
00783B78,
00783C98,
00783DB9,
00783EDA,
00783FFA,
0078411B,
0078423B,
0078435C,
0078447C,
0078459C,
007846BC,
007847DC,
007848FC,
00784A1C,
00784B3C,
00784C5C,
00784D7C,
00784E9B,
00784FBB,
007850DA,
007851FA,
00785319,
00785438,
00785557,
00785676,
00785795,
007858B4,
007859D3,
00785AF2,
00785C11,
00785D2F,
00785E4E,
00785F6C,
0078608B,
007861A9,
007862C7,
007863E6,
00786504,
00786622,
00786740,
0078685E,
0078697B,
00786A99,
00786BB7,
00786CD4,
00786DF2,
00786F0F,
0078702D,
0078714A,
00787267,
00787384,
007874A1,
007875BE,
007876DB,
007877F8,
00787915,
00787A32,
00787B4E,
00787C6B,
00787D87,
00787EA4,
00787FC0,
007880DC,
007881F8,
00788314,
00788431,
0078854C,
00788668,
00788784,
007888A0,
007889BB,
00788AD7,
00788BF3,
00788D0E,
00788E29,
00788F45,
00789060,
0078917B,
00789296,
007893B1,
007894CC,
007895E7,
00789701,
0078981C,
00789936,
00789A51,
00789B6B,
00789C86,
00789DA0,
00789EBA,
00789FD4,
0078A0EE,
0078A208,
0078A322,
0078A43C,
0078A556,
0078A670,
0078A789,
0078A8A3,
0078A9BC,
0078AAD6,
0078ABEF,
0078AD08,
0078AE21,
0078AF3A,
0078B053,
0078B16C,
0078B285,
0078B39E,
0078B4B7,
0078B5CF,
0078B6E8,
0078B800,
0078B919,
0078BA31,
0078BB49,
0078BC61,
0078BD79,
0078BE91,
0078BFA9,
0078C0C1,
0078C1D9,
0078C2F1,
0078C408,
0078C520,
0078C638,
0078C74F,
0078C866,
0078C97E,
0078CA95,
0078CBAC,
0078CCC3,
0078CDDA,
0078CEF1,
0078D008,
0078D11E,
0078D235,
0078D34B,
0078D462,
0078D578,
0078D68F,
0078D7A5,
0078D8BB,
0078D9D1,
0078DAE7,
0078DBFD,
0078DD13,
0078DE29,
0078DF3F,
0078E055,
0078E16A,
0078E280,
0078E395,
0078E4AA,
0078E5C0,
0078E6D5,
0078E7EA,
0078E8FF,
0078EA14,
0078EB29,
0078EC3E,
0078ED53,
0078EE67,
0078EF7C,
0078F091,
0078F1A5,
0078F2B9,
0078F3CE,
0078F4E2,
0078F5F6,
0078F70A,
0078F81E,
0078F932,
0078FA46,
0078FB5A,
0078FC6D,
0078FD81,
0078FE95,
0078FFA8,
007900BB,
007901CF,
007902E2,
007903F5,
00790508,
0079061B,
0079072E,
00790841,
00790954,
00790A67,
00790B79,
00790C8C,
00790D9E,
00790EB1,
00790FC3,
007910D5,
007911E7,
007912F9,
0079140B,
0079151D,
0079162F,
00791741,
00791853,
00791964,
00791A76,
00791B88,
00791C99,
00791DAA,
00791EBC,
00791FCD,
007920DE,
007921EF,
00792300,
00792411,
00792521,
00792632,
00792743,
00792853,
00792964,
00792A74,
00792B85,
00792C95,
00792DA5,
00792EB5,
00792FC5,
007930D5,
007931E5,
007932F5,
00793405,
00793514,
00793624,
00793733,
00793843,
00793952,
00793A62,
00793B71,
00793C80,
00793D8F,
00793E9E,
00793FAD,
007940BC,
007941CA,
007942D9,
007943E8,
007944F6,
00794604,
00794713,
00794821,
0079492F,
00794A3D,
00794B4B,
00794C59,
00794D67,
00794E75,
00794F83,
00795091,
0079519E,
007952AC,
007953B9,
007954C6,
007955D4,
007956E1,
007957EE,
007958FB,
00795A08,
00795B15,
00795C22,
00795D2F,
00795E3B,
00795F48,
00796054,
00796161,
0079626D,
00796379,
00796486,
00796592,
0079669E,
007967AA,
007968B6,
007969C2,
00796ACD,
00796BD9,
00796CE5,
00796DF0,
00796EFC,
00797007,
00797112,
0079721D,
00797329,
00797434,
0079753F,
00797649,
00797754,
0079785F,
0079796A,
00797A74,
00797B7F,
00797C89,
00797D94,
00797E9E,
00797FA8,
007980B2,
007981BC,
007982C6,
007983D0,
007984DA,
007985E4,
007986ED,
007987F7,
00798901,
00798A0A,
00798B13,
00798C1D,
00798D26,
00798E2F,
00798F38,
00799041,
0079914A,
00799253,
0079935B,
00799464,
0079956D,
00799675,
0079977E,
00799886,
0079998E,
00799A97,
00799B9F,
00799CA7,
00799DAF,
00799EB7,
00799FBE,
0079A0C6,
0079A1CE,
0079A2D5,
0079A3DD,
0079A4E4,
0079A5EC,
0079A6F3,
0079A7FA,
0079A901,
0079AA08,
0079AB0F,
0079AC16,
0079AD1D,
0079AE24,
0079AF2A,
0079B031,
0079B137,
0079B23E,
0079B344,
0079B44B,
0079B551,
0079B657,
0079B75D,
0079B863,
0079B969,
0079BA6F,
0079BB74,
0079BC7A,
0079BD80,
0079BE85,
0079BF8A,
0079C090,
0079C195,
0079C29A,
0079C39F,
0079C4A4,
0079C5A9,
0079C6AE,
0079C7B3,
0079C8B8,
0079C9BC,
0079CAC1,
0079CBC5,
0079CCCA,
0079CDCE,
0079CED2,
0079CFD7,
0079D0DB,
0079D1DF,
0079D2E3,
0079D3E7,
0079D4EA,
0079D5EE,
0079D6F2,
0079D7F5,
0079D8F9,
0079D9FC,
0079DAFF,
0079DC03,
0079DD06,
0079DE09,
0079DF0C,
0079E00F,
0079E112,
0079E215,
0079E317,
0079E41A,
0079E51C,
0079E61F,
0079E721,
0079E824,
0079E926,
0079EA28,
0079EB2A,
0079EC2C,
0079ED2E,
0079EE30,
0079EF32,
0079F033,
0079F135,
0079F237,
0079F338,
0079F439,
0079F53B,
0079F63C,
0079F73D,
0079F83E,
0079F93F,
0079FA40,
0079FB41,
0079FC42,
0079FD42,
0079FE43,
0079FF43,
007A0044,
007A0144,
007A0245,
007A0345,
007A0445,
007A0545,
007A0645,
007A0745,
007A0845,
007A0944,
007A0A44,
007A0B44,
007A0C43,
007A0D43,
007A0E42,
007A0F41,
007A1040,
007A1140,
007A123F,
007A133E,
007A143D,
007A153B,
007A163A,
007A1739,
007A1837,
007A1936,
007A1A34,
007A1B33,
007A1C31,
007A1D2F,
007A1E2D,
007A1F2B,
007A2029,
007A2127,
007A2225,
007A2322,
007A2420,
007A251E,
007A261B,
007A2719,
007A2816,
007A2913,
007A2A10,
007A2B0D,
007A2C0A,
007A2D07,
007A2E04,
007A2F01,
007A2FFE,
007A30FA,
007A31F7,
007A32F3,
007A33F0,
007A34EC,
007A35E8,
007A36E4,
007A37E0,
007A38DC,
007A39D8,
007A3AD4,
007A3BD0,
007A3CCC,
007A3DC7,
007A3EC3,
007A3FBE,
007A40BA,
007A41B5,
007A42B0,
007A43AB,
007A44A6,
007A45A1,
007A469C,
007A4797,
007A4892,
007A498C,
007A4A87,
007A4B81,
007A4C7C,
007A4D76,
007A4E70,
007A4F6B,
007A5065,
007A515F,
007A5259,
007A5353,
007A544C,
007A5546,
007A5640,
007A5739,
007A5833,
007A592C,
007A5A26,
007A5B1F,
007A5C18,
007A5D11,
007A5E0A,
007A5F03,
007A5FFC,
007A60F5,
007A61ED,
007A62E6,
007A63DE,
007A64D7,
007A65CF,
007A66C8,
007A67C0,
007A68B8,
007A69B0,
007A6AA8,
007A6BA0,
007A6C98,
007A6D90,
007A6E87,
007A6F7F,
007A7076,
007A716E,
007A7265,
007A735C,
007A7454,
007A754B,
007A7642,
007A7739,
007A7830,
007A7926,
007A7A1D,
007A7B14,
007A7C0A,
007A7D01,
007A7DF7,
007A7EEE,
007A7FE4,
007A80DA,
007A81D0,
007A82C6,
007A83BC,
007A84B2,
007A85A8,
007A869D,
007A8793,
007A8889,
007A897E,
007A8A73,
007A8B69,
007A8C5E,
007A8D53,
007A8E48,
007A8F3D,
007A9032,
007A9127,
007A921C,
007A9310,
007A9405,
007A94FA,
007A95EE,
007A96E2,
007A97D7,
007A98CB,
007A99BF,
007A9AB3,
007A9BA7,
007A9C9B,
007A9D8F,
007A9E82,
007A9F76,
007AA06A,
007AA15D,
007AA250,
007AA344,
007AA437,
007AA52A,
007AA61D,
007AA710,
007AA803,
007AA8F6,
007AA9E9,
007AAADC,
007AABCE,
007AACC1,
007AADB3,
007AAEA6,
007AAF98,
007AB08A,
007AB17C,
007AB26E,
007AB360,
007AB452,
007AB544,
007AB636,
007AB727,
007AB819,
007AB90B,
007AB9FC,
007ABAED,
007ABBDF,
007ABCD0,
007ABDC1,
007ABEB2,
007ABFA3,
007AC094,
007AC185,
007AC275,
007AC366,
007AC457,
007AC547,
007AC637,
007AC728,
007AC818,
007AC908,
007AC9F8,
007ACAE8,
007ACBD8,
007ACCC8,
007ACDB8,
007ACEA7,
007ACF97,
007AD087,
007AD176,
007AD265,
007AD355,
007AD444,
007AD533,
007AD622,
007AD711,
007AD800,
007AD8EF,
007AD9DD,
007ADACC,
007ADBBB,
007ADCA9,
007ADD98,
007ADE86,
007ADF74,
007AE062,
007AE150,
007AE23E,
007AE32C,
007AE41A,
007AE508,
007AE5F6,
007AE6E3,
007AE7D1,
007AE8BE,
007AE9AC,
007AEA99,
007AEB86,
007AEC73,
007AED60,
007AEE4D,
007AEF3A,
007AF027,
007AF114,
007AF200,
007AF2ED,
007AF3DA,
007AF4C6,
007AF5B2,
007AF69F,
007AF78B,
007AF877,
007AF963,
007AFA4F,
007AFB3B,
007AFC26,
007AFD12,
007AFDFE,
007AFEE9,
007AFFD5,
007B00C0,
007B01AB,
007B0297,
007B0382,
007B046D,
007B0558,
007B0643,
007B072E,
007B0818,
007B0903,
007B09EE,
007B0AD8,
007B0BC3,
007B0CAD,
007B0D97,
007B0E81,
007B0F6B,
007B1056,
007B113F,
007B1229,
007B1313,
007B13FD,
007B14E6,
007B15D0,
007B16B9,
007B17A3,
007B188C,
007B1975,
007B1A5F,
007B1B48,
007B1C31,
007B1D19,
007B1E02,
007B1EEB,
007B1FD4,
007B20BC,
007B21A5,
007B228D,
007B2376,
007B245E,
007B2546,
007B262E,
007B2716,
007B27FE,
007B28E6,
007B29CE,
007B2AB5,
007B2B9D,
007B2C85,
007B2D6C,
007B2E53,
007B2F3B,
007B3022,
007B3109,
007B31F0,
007B32D7,
007B33BE,
007B34A5,
007B358C,
007B3672,
007B3759,
007B383F,
007B3926,
007B3A0C,
007B3AF2,
007B3BD9,
007B3CBF,
007B3DA5,
007B3E8B,
007B3F71,
007B4056,
007B413C,
007B4222,
007B4307,
007B43ED,
007B44D2,
007B45B7,
007B469D,
007B4782,
007B4867,
007B494C,
007B4A31,
007B4B15,
007B4BFA,
007B4CDF,
007B4DC3,
007B4EA8,
007B4F8C,
007B5071,
007B5155,
007B5239,
007B531D,
007B5401,
007B54E5,
007B55C9,
007B56AD,
007B5790,
007B5874,
007B5958,
007B5A3B,
007B5B1E,
007B5C02,
007B5CE5,
007B5DC8,
007B5EAB,
007B5F8E,
007B6071,
007B6154,
007B6236,
007B6319,
007B63FC,
007B64DE,
007B65C0,
007B66A3,
007B6785,
007B6867,
007B6949,
007B6A2B,
007B6B0D,
007B6BEF,
007B6CD1,
007B6DB2,
007B6E94,
007B6F76,
007B7057,
007B7138,
007B721A,
007B72FB,
007B73DC,
007B74BD,
007B759E,
007B767F,
007B7760,
007B7840,
007B7921,
007B7A01,
007B7AE2,
007B7BC2,
007B7CA3,
007B7D83,
007B7E63,
007B7F43,
007B8023,
007B8103,
007B81E3,
007B82C3,
007B83A2,
007B8482,
007B8561,
007B8641,
007B8720,
007B87FF,
007B88DE,
007B89BE,
007B8A9D,
007B8B7B,
007B8C5A,
007B8D39,
007B8E18,
007B8EF6,
007B8FD5,
007B90B3,
007B9192,
007B9270,
007B934E,
007B942C,
007B950A,
007B95E8,
007B96C6,
007B97A4,
007B9882,
007B995F,
007B9A3D,
007B9B1A,
007B9BF8,
007B9CD5,
007B9DB2,
007B9E90,
007B9F6D,
007BA04A,
007BA126,
007BA203,
007BA2E0,
007BA3BD,
007BA499,
007BA576,
007BA652,
007BA72F,
007BA80B,
007BA8E7,
007BA9C3,
007BAA9F,
007BAB7B,
007BAC57,
007BAD33,
007BAE0E,
007BAEEA,
007BAFC6,
007BB0A1,
007BB17C,
007BB258,
007BB333,
007BB40E,
007BB4E9,
007BB5C4,
007BB69F,
007BB77A,
007BB854,
007BB92F,
007BBA0A,
007BBAE4,
007BBBBE,
007BBC99,
007BBD73,
007BBE4D,
007BBF27,
007BC001,
007BC0DB,
007BC1B5,
007BC28F,
007BC368,
007BC442,
007BC51B,
007BC5F5,
007BC6CE,
007BC7A7,
007BC881,
007BC95A,
007BCA33,
007BCB0C,
007BCBE5,
007BCCBD,
007BCD96,
007BCE6F,
007BCF47,
007BD020,
007BD0F8,
007BD1D0,
007BD2A8,
007BD380,
007BD459,
007BD530,
007BD608,
007BD6E0,
007BD7B8,
007BD88F,
007BD967,
007BDA3F,
007BDB16,
007BDBED,
007BDCC4,
007BDD9C,
007BDE73,
007BDF4A,
007BE021,
007BE0F7,
007BE1CE,
007BE2A5,
007BE37B,
007BE452,
007BE528,
007BE5FF,
007BE6D5,
007BE7AB,
007BE881,
007BE957,
007BEA2D,
007BEB03,
007BEBD9,
007BECAE,
007BED84,
007BEE59,
007BEF2F,
007BF004,
007BF0D9,
007BF1AF,
007BF284,
007BF359,
007BF42E,
007BF502,
007BF5D7,
007BF6AC,
007BF781,
007BF855,
007BF92A,
007BF9FE,
007BFAD2,
007BFBA6,
007BFC7A,
007BFD4F,
007BFE22,
007BFEF6,
007BFFCA,
007C009E,
007C0172,
007C0245,
007C0319,
007C03EC,
007C04BF,
007C0592,
007C0666,
007C0739,
007C080C,
007C08DF,
007C09B1,
007C0A84,
007C0B57,
007C0C29,
007C0CFC,
007C0DCE,
007C0EA1,
007C0F73,
007C1045,
007C1117,
007C11E9,
007C12BB,
007C138D,
007C145F,
007C1530,
007C1602,
007C16D3,
007C17A5,
007C1876,
007C1947,
007C1A18,
007C1AEA,
007C1BBB,
007C1C8C,
007C1D5C,
007C1E2D,
007C1EFE,
007C1FCE,
007C209F,
007C216F,
007C2240,
007C2310,
007C23E0,
007C24B0,
007C2580,
007C2650,
007C2720,
007C27F0,
007C28C0,
007C298F,
007C2A5F,
007C2B2E,
007C2BFE,
007C2CCD,
007C2D9C,
007C2E6B,
007C2F3A,
007C3009,
007C30D8,
007C31A7,
007C3276,
007C3344,
007C3413,
007C34E1,
007C35B0,
007C367E,
007C374C,
007C381A,
007C38E9,
007C39B7,
007C3A84,
007C3B52,
007C3C20,
007C3CEE,
007C3DBB,
007C3E89,
007C3F56,
007C4023,
007C40F1,
007C41BE,
007C428B,
007C4358,
007C4425,
007C44F2,
007C45BE,
007C468B,
007C4758,
007C4824,
007C48F1,
007C49BD,
007C4A89,
007C4B55,
007C4C21,
007C4CED,
007C4DB9,
007C4E85,
007C4F51,
007C501D,
007C50E8,
007C51B4,
007C527F,
007C534B,
007C5416,
007C54E1,
007C55AC,
007C5677,
007C5742,
007C580D,
007C58D8,
007C59A2,
007C5A6D,
007C5B37,
007C5C02,
007C5CCC,
007C5D97,
007C5E61,
007C5F2B,
007C5FF5,
007C60BF,
007C6189,
007C6253,
007C631C,
007C63E6,
007C64AF,
007C6579,
007C6642,
007C670B,
007C67D5,
007C689E,
007C6967,
007C6A30,
007C6AF9,
007C6BC1,
007C6C8A,
007C6D53,
007C6E1B,
007C6EE4,
007C6FAC,
007C7075,
007C713D,
007C7205,
007C72CD,
007C7395,
007C745D,
007C7525,
007C75EC,
007C76B4,
007C777C,
007C7843,
007C790A,
007C79D2,
007C7A99,
007C7B60,
007C7C27,
007C7CEE,
007C7DB5,
007C7E7C,
007C7F43,
007C8009,
007C80D0,
007C8196,
007C825D,
007C8323,
007C83E9,
007C84AF,
007C8575,
007C863B,
007C8701,
007C87C7,
007C888D,
007C8953,
007C8A18,
007C8ADE,
007C8BA3,
007C8C68,
007C8D2E,
007C8DF3,
007C8EB8,
007C8F7D,
007C9042,
007C9107,
007C91CB,
007C9290,
007C9355,
007C9419,
007C94DD,
007C95A2,
007C9666,
007C972A,
007C97EE,
007C98B2,
007C9976,
007C9A3A,
007C9AFE,
007C9BC1,
007C9C85,
007C9D49,
007C9E0C,
007C9ECF,
007C9F93,
007CA056,
007CA119,
007CA1DC,
007CA29F,
007CA362,
007CA424,
007CA4E7,
007CA5AA,
007CA66C,
007CA72E,
007CA7F1,
007CA8B3,
007CA975,
007CAA37,
007CAAF9,
007CABBB,
007CAC7D,
007CAD3F,
007CAE01,
007CAEC2,
007CAF84,
007CB045,
007CB106,
007CB1C8,
007CB289,
007CB34A,
007CB40B,
007CB4CC,
007CB58D,
007CB64E,
007CB70E,
007CB7CF,
007CB88F,
007CB950,
007CBA10,
007CBAD0,
007CBB91,
007CBC51,
007CBD11,
007CBDD1,
007CBE91,
007CBF50,
007CC010,
007CC0D0,
007CC18F,
007CC24F,
007CC30E,
007CC3CD,
007CC48C,
007CC54B,
007CC60A,
007CC6C9,
007CC788,
007CC847,
007CC906,
007CC9C4,
007CCA83,
007CCB41,
007CCC00,
007CCCBE,
007CCD7C,
007CCE3A,
007CCEF8,
007CCFB6,
007CD074,
007CD132,
007CD1EF,
007CD2AD,
007CD36B,
007CD428,
007CD4E5,
007CD5A3,
007CD660,
007CD71D,
007CD7DA,
007CD897,
007CD954,
007CDA11,
007CDACD,
007CDB8A,
007CDC46,
007CDD03,
007CDDBF,
007CDE7B,
007CDF38,
007CDFF4,
007CE0B0,
007CE16C,
007CE228,
007CE2E3,
007CE39F,
007CE45B,
007CE516,
007CE5D2,
007CE68D,
007CE748,
007CE803,
007CE8BE,
007CE979,
007CEA34,
007CEAEF,
007CEBAA,
007CEC65,
007CED1F,
007CEDDA,
007CEE94,
007CEF4F,
007CF009,
007CF0C3,
007CF17D,
007CF237,
007CF2F1,
007CF3AB,
007CF465,
007CF51E,
007CF5D8,
007CF692,
007CF74B,
007CF804,
007CF8BE,
007CF977,
007CFA30,
007CFAE9,
007CFBA2,
007CFC5B,
007CFD14,
007CFDCC,
007CFE85,
007CFF3D,
007CFFF6,
007D00AE,
007D0166,
007D021F,
007D02D7,
007D038F,
007D0447,
007D04FE,
007D05B6,
007D066E,
007D0725,
007D07DD,
007D0894,
007D094C,
007D0A03,
007D0ABA,
007D0B71,
007D0C28,
007D0CDF,
007D0D96,
007D0E4D,
007D0F04,
007D0FBA,
007D1071,
007D1127,
007D11DD,
007D1294,
007D134A,
007D1400,
007D14B6,
007D156C,
007D1622,
007D16D7,
007D178D,
007D1843,
007D18F8,
007D19AE,
007D1A63,
007D1B18,
007D1BCD,
007D1C82,
007D1D37,
007D1DEC,
007D1EA1,
007D1F56,
007D200B,
007D20BF,
007D2174,
007D2228,
007D22DC,
007D2391,
007D2445,
007D24F9,
007D25AD,
007D2661,
007D2715,
007D27C8,
007D287C,
007D2930,
007D29E3,
007D2A97,
007D2B4A,
007D2BFD,
007D2CB0,
007D2D63,
007D2E16,
007D2EC9,
007D2F7C,
007D302F,
007D30E1,
007D3194,
007D3246,
007D32F9,
007D33AB,
007D345D,
007D3510,
007D35C2,
007D3674,
007D3725,
007D37D7,
007D3889,
007D393B,
007D39EC,
007D3A9E,
007D3B4F,
007D3C00,
007D3CB2,
007D3D63,
007D3E14,
007D3EC5,
007D3F76,
007D4026,
007D40D7,
007D4188,
007D4238,
007D42E9,
007D4399,
007D444A,
007D44FA,
007D45AA,
007D465A,
007D470A,
007D47BA,
007D486A,
007D4919,
007D49C9,
007D4A78,
007D4B28,
007D4BD7,
007D4C87,
007D4D36,
007D4DE5,
007D4E94,
007D4F43,
007D4FF2,
007D50A1,
007D514F,
007D51FE,
007D52AC,
007D535B,
007D5409,
007D54B7,
007D5566,
007D5614,
007D56C2,
007D5770,
007D581E,
007D58CB,
007D5979,
007D5A27,
007D5AD4,
007D5B82,
007D5C2F,
007D5CDC,
007D5D89,
007D5E37,
007D5EE4,
007D5F90,
007D603D,
007D60EA,
007D6197,
007D6243,
007D62F0,
007D639C,
007D6449,
007D64F5,
007D65A1,
007D664D,
007D66F9,
007D67A5,
007D6851,
007D68FD,
007D69A8,
007D6A54,
007D6AFF,
007D6BAB,
007D6C56,
007D6D01,
007D6DAC,
007D6E58,
007D6F03,
007D6FAD,
007D7058,
007D7103,
007D71AE,
007D7258,
007D7303,
007D73AD,
007D7457,
007D7502,
007D75AC,
007D7656,
007D7700,
007D77AA,
007D7854,
007D78FD,
007D79A7,
007D7A50,
007D7AFA,
007D7BA3,
007D7C4D,
007D7CF6,
007D7D9F,
007D7E48,
007D7EF1,
007D7F9A,
007D8043,
007D80EB,
007D8194,
007D823D,
007D82E5,
007D838D,
007D8436,
007D84DE,
007D8586,
007D862E,
007D86D6,
007D877E,
007D8826,
007D88CD,
007D8975,
007D8A1C,
007D8AC4,
007D8B6B,
007D8C12,
007D8CBA,
007D8D61,
007D8E08,
007D8EAF,
007D8F56,
007D8FFC,
007D90A3,
007D914A,
007D91F0,
007D9297,
007D933D,
007D93E3,
007D9489,
007D952F,
007D95D5,
007D967B,
007D9721,
007D97C7,
007D986D,
007D9912,
007D99B8,
007D9A5D,
007D9B02,
007D9BA8,
007D9C4D,
007D9CF2,
007D9D97,
007D9E3C,
007D9EE0,
007D9F85,
007DA02A,
007DA0CE,
007DA173,
007DA217,
007DA2BC,
007DA360,
007DA404,
007DA4A8,
007DA54C,
007DA5F0,
007DA694,
007DA737,
007DA7DB,
007DA87E,
007DA922,
007DA9C5,
007DAA69,
007DAB0C,
007DABAF,
007DAC52,
007DACF5,
007DAD98,
007DAE3B,
007DAEDD,
007DAF80,
007DB022,
007DB0C5,
007DB167,
007DB209,
007DB2AC,
007DB34E,
007DB3F0,
007DB492,
007DB533,
007DB5D5,
007DB677,
007DB719,
007DB7BA,
007DB85B,
007DB8FD,
007DB99E,
007DBA3F,
007DBAE0,
007DBB81,
007DBC22,
007DBCC3,
007DBD64,
007DBE04,
007DBEA5,
007DBF45,
007DBFE6,
007DC086,
007DC126,
007DC1C7,
007DC267,
007DC307,
007DC3A6,
007DC446,
007DC4E6,
007DC586,
007DC625,
007DC6C5,
007DC764,
007DC803,
007DC8A2,
007DC942,
007DC9E1,
007DCA80,
007DCB1E,
007DCBBD,
007DCC5C,
007DCCFB,
007DCD99,
007DCE38,
007DCED6,
007DCF74,
007DD012,
007DD0B0,
007DD14E,
007DD1EC,
007DD28A,
007DD328,
007DD3C6,
007DD463,
007DD501,
007DD59E,
007DD63C,
007DD6D9,
007DD776,
007DD813,
007DD8B0,
007DD94D,
007DD9EA,
007DDA86,
007DDB23,
007DDBC0,
007DDC5C,
007DDCF9,
007DDD95,
007DDE31,
007DDECD,
007DDF69,
007DE005,
007DE0A1,
007DE13D,
007DE1D9,
007DE274,
007DE310,
007DE3AB,
007DE447,
007DE4E2,
007DE57D,
007DE618,
007DE6B3,
007DE74E,
007DE7E9,
007DE884,
007DE91F,
007DE9B9,
007DEA54,
007DEAEE,
007DEB89,
007DEC23,
007DECBD,
007DED57,
007DEDF1,
007DEE8B,
007DEF25,
007DEFBF,
007DF058,
007DF0F2,
007DF18B,
007DF225,
007DF2BE,
007DF357,
007DF3F0,
007DF48A,
007DF523,
007DF5BB,
007DF654,
007DF6ED,
007DF786,
007DF81E,
007DF8B7,
007DF94F,
007DF9E7,
007DFA80,
007DFB18,
007DFBB0,
007DFC48,
007DFCE0,
007DFD77,
007DFE0F,
007DFEA7,
007DFF3E,
007DFFD6,
007E006D,
007E0104,
007E019B,
007E0233,
007E02CA,
007E0361,
007E03F7,
007E048E,
007E0525,
007E05BB,
007E0652,
007E06E8,
007E077F,
007E0815,
007E08AB,
007E0941,
007E09D7,
007E0A6D,
007E0B03,
007E0B99,
007E0C2E,
007E0CC4,
007E0D59,
007E0DEF,
007E0E84,
007E0F19,
007E0FAE,
007E1043,
007E10D8,
007E116D,
007E1202,
007E1297,
007E132B,
007E13C0,
007E1454,
007E14E9,
007E157D,
007E1611,
007E16A5,
007E1739,
007E17CD,
007E1861,
007E18F5,
007E1989,
007E1A1C,
007E1AB0,
007E1B43,
007E1BD6,
007E1C6A,
007E1CFD,
007E1D90,
007E1E23,
007E1EB6,
007E1F49,
007E1FDB,
007E206E,
007E2101,
007E2193,
007E2225,
007E22B8,
007E234A,
007E23DC,
007E246E,
007E2500,
007E2592,
007E2624,
007E26B6,
007E2747,
007E27D9,
007E286A,
007E28FB,
007E298D,
007E2A1E,
007E2AAF,
007E2B40,
007E2BD1,
007E2C62,
007E2CF3,
007E2D83,
007E2E14,
007E2EA4,
007E2F35,
007E2FC5,
007E3055,
007E30E6,
007E3176,
007E3206,
007E3296,
007E3325,
007E33B5,
007E3445,
007E34D4,
007E3564,
007E35F3,
007E3682,
007E3712,
007E37A1,
007E3830,
007E38BF,
007E394E,
007E39DC,
007E3A6B,
007E3AFA,
007E3B88,
007E3C17,
007E3CA5,
007E3D33,
007E3DC2,
007E3E50,
007E3EDE,
007E3F6C,
007E3FF9,
007E4087,
007E4115,
007E41A3,
007E4230,
007E42BD,
007E434B,
007E43D8,
007E4465,
007E44F2,
007E457F,
007E460C,
007E4699,
007E4726,
007E47B2,
007E483F,
007E48CB,
007E4958,
007E49E4,
007E4A70,
007E4AFC,
007E4B88,
007E4C14,
007E4CA0,
007E4D2C,
007E4DB8,
007E4E43,
007E4ECF,
007E4F5A,
007E4FE6,
007E5071,
007E50FC,
007E5187,
007E5212,
007E529D,
007E5328,
007E53B3,
007E543D,
007E54C8,
007E5552,
007E55DD,
007E5667,
007E56F1,
007E577B,
007E5805,
007E588F,
007E5919,
007E59A3,
007E5A2D,
007E5AB6,
007E5B40,
007E5BC9,
007E5C53,
007E5CDC,
007E5D65,
007E5DEE,
007E5E77,
007E5F00,
007E5F89,
007E6012,
007E609B,
007E6123,
007E61AC,
007E6234,
007E62BC,
007E6345,
007E63CD,
007E6455,
007E64DD,
007E6565,
007E65ED,
007E6674,
007E66FC,
007E6784,
007E680B,
007E6892,
007E691A,
007E69A1,
007E6A28,
007E6AAF,
007E6B36,
007E6BBD,
007E6C44,
007E6CCA,
007E6D51,
007E6DD7,
007E6E5E,
007E6EE4,
007E6F6A,
007E6FF1,
007E7077,
007E70FD,
007E7183,
007E7208,
007E728E,
007E7314,
007E7399,
007E741F,
007E74A4,
007E752A,
007E75AF,
007E7634,
007E76B9,
007E773E,
007E77C3,
007E7848,
007E78CC,
007E7951,
007E79D6,
007E7A5A,
007E7ADE,
007E7B63,
007E7BE7,
007E7C6B,
007E7CEF,
007E7D73,
007E7DF7,
007E7E7A,
007E7EFE,
007E7F82,
007E8005,
007E8089,
007E810C,
007E818F,
007E8212,
007E8295,
007E8318,
007E839B,
007E841E,
007E84A1,
007E8523,
007E85A6,
007E8628,
007E86AB,
007E872D,
007E87AF,
007E8831,
007E88B3,
007E8935,
007E89B7,
007E8A39,
007E8ABB,
007E8B3C,
007E8BBE,
007E8C3F,
007E8CC1,
007E8D42,
007E8DC3,
007E8E44,
007E8EC5,
007E8F46,
007E8FC7,
007E9047,
007E90C8,
007E9149,
007E91C9,
007E9249,
007E92CA,
007E934A,
007E93CA,
007E944A,
007E94CA,
007E954A,
007E95CA,
007E9649,
007E96C9,
007E9749,
007E97C8,
007E9847,
007E98C7,
007E9946,
007E99C5,
007E9A44,
007E9AC3,
007E9B42,
007E9BC0,
007E9C3F,
007E9CBD,
007E9D3C,
007E9DBA,
007E9E39,
007E9EB7,
007E9F35,
007E9FB3,
007EA031,
007EA0AF,
007EA12D,
007EA1AA,
007EA228,
007EA2A5,
007EA323,
007EA3A0,
007EA41D,
007EA49B,
007EA518,
007EA595,
007EA612,
007EA68E,
007EA70B,
007EA788,
007EA804,
007EA881,
007EA8FD,
007EA97A,
007EA9F6,
007EAA72,
007EAAEE,
007EAB6A,
007EABE6,
007EAC62,
007EACDD,
007EAD59,
007EADD5,
007EAE50,
007EAECB,
007EAF47,
007EAFC2,
007EB03D,
007EB0B8,
007EB133,
007EB1AE,
007EB228,
007EB2A3,
007EB31E,
007EB398,
007EB412,
007EB48D,
007EB507,
007EB581,
007EB5FB,
007EB675,
007EB6EF,
007EB769,
007EB7E2,
007EB85C,
007EB8D6,
007EB94F,
007EB9C8,
007EBA42,
007EBABB,
007EBB34,
007EBBAD,
007EBC26,
007EBC9F,
007EBD17,
007EBD90,
007EBE09,
007EBE81,
007EBEFA,
007EBF72,
007EBFEA,
007EC062,
007EC0DA,
007EC152,
007EC1CA,
007EC242,
007EC2BA,
007EC331,
007EC3A9,
007EC420,
007EC498,
007EC50F,
007EC586,
007EC5FD,
007EC674,
007EC6EB,
007EC762,
007EC7D9,
007EC84F,
007EC8C6,
007EC93C,
007EC9B3,
007ECA29,
007ECA9F,
007ECB15,
007ECB8C,
007ECC01,
007ECC77,
007ECCED,
007ECD63,
007ECDD8,
007ECE4E,
007ECEC3,
007ECF39,
007ECFAE,
007ED023,
007ED098,
007ED10D,
007ED182,
007ED1F7,
007ED26C,
007ED2E0,
007ED355,
007ED3CA,
007ED43E,
007ED4B2,
007ED526,
007ED59B,
007ED60F,
007ED683,
007ED6F6,
007ED76A,
007ED7DE,
007ED852,
007ED8C5,
007ED939,
007ED9AC,
007EDA1F,
007EDA92,
007EDB05,
007EDB78,
007EDBEB,
007EDC5E,
007EDCD1,
007EDD44,
007EDDB6,
007EDE29,
007EDE9B,
007EDF0D,
007EDF80,
007EDFF2,
007EE064,
007EE0D6,
007EE148,
007EE1B9,
007EE22B,
007EE29D,
007EE30E,
007EE380,
007EE3F1,
007EE462,
007EE4D3,
007EE544,
007EE5B5,
007EE626,
007EE697,
007EE708,
007EE779,
007EE7E9,
007EE85A,
007EE8CA,
007EE93A,
007EE9AA,
007EEA1B,
007EEA8B,
007EEAFB,
007EEB6A,
007EEBDA,
007EEC4A,
007EECBA,
007EED29,
007EED98,
007EEE08,
007EEE77,
007EEEE6,
007EEF55,
007EEFC4,
007EF033,
007EF0A2,
007EF111,
007EF17F,
007EF1EE,
007EF25C,
007EF2CB,
007EF339,
007EF3A7,
007EF415,
007EF483,
007EF4F1,
007EF55F,
007EF5CD,
007EF63B,
007EF6A8,
007EF716,
007EF783,
007EF7F1,
007EF85E,
007EF8CB,
007EF938,
007EF9A5,
007EFA12,
007EFA7F,
007EFAEB,
007EFB58,
007EFBC5,
007EFC31,
007EFC9D,
007EFD0A,
007EFD76,
007EFDE2,
007EFE4E,
007EFEBA,
007EFF26,
007EFF92,
007EFFFD,
007F0069,
007F00D4,
007F0140,
007F01AB,
007F0216,
007F0281,
007F02ED,
007F0357,
007F03C2,
007F042D,
007F0498,
007F0502,
007F056D,
007F05D7,
007F0642,
007F06AC,
007F0716,
007F0780,
007F07EA,
007F0854,
007F08BE,
007F0928,
007F0992,
007F09FB,
007F0A65,
007F0ACE,
007F0B37,
007F0BA1,
007F0C0A,
007F0C73,
007F0CDC,
007F0D45,
007F0DAD,
007F0E16,
007F0E7F,
007F0EE7,
007F0F50,
007F0FB8,
007F1020,
007F1088,
007F10F0,
007F1158,
007F11C0,
007F1228,
007F1290,
007F12F8,
007F135F,
007F13C7,
007F142E,
007F1495,
007F14FD,
007F1564,
007F15CB,
007F1632,
007F1698,
007F16FF,
007F1766,
007F17CD,
007F1833,
007F1899,
007F1900,
007F1966,
007F19CC,
007F1A32,
007F1A98,
007F1AFE,
007F1B64,
007F1BCA,
007F1C2F,
007F1C95,
007F1CFA,
007F1D60,
007F1DC5,
007F1E2A,
007F1E8F,
007F1EF4,
007F1F59,
007F1FBE,
007F2023,
007F2087,
007F20EC,
007F2151,
007F21B5,
007F2219,
007F227E,
007F22E2,
007F2346,
007F23AA,
007F240E,
007F2471,
007F24D5,
007F2539,
007F259C,
007F2600,
007F2663,
007F26C6,
007F2729,
007F278D,
007F27F0,
007F2852,
007F28B5,
007F2918,
007F297B,
007F29DD,
007F2A40,
007F2AA2,
007F2B04,
007F2B67,
007F2BC9,
007F2C2B,
007F2C8D,
007F2CEF,
007F2D50,
007F2DB2,
007F2E14,
007F2E75,
007F2ED7,
007F2F38,
007F2F99,
007F2FFA,
007F305B,
007F30BC,
007F311D,
007F317E,
007F31DF,
007F323F,
007F32A0,
007F3300,
007F3361,
007F33C1,
007F3421,
007F3481,
007F34E1,
007F3541,
007F35A1,
007F3601,
007F3661,
007F36C0,
007F3720,
007F377F,
007F37DE,
007F383E,
007F389D,
007F38FC,
007F395B,
007F39BA,
007F3A18,
007F3A77,
007F3AD6,
007F3B34,
007F3B93,
007F3BF1,
007F3C4F,
007F3CAE,
007F3D0C,
007F3D6A,
007F3DC8,
007F3E25,
007F3E83,
007F3EE1,
007F3F3E,
007F3F9C,
007F3FF9,
007F4056,
007F40B4,
007F4111,
007F416E,
007F41CB,
007F4228,
007F4284,
007F42E1,
007F433E,
007F439A,
007F43F7,
007F4453,
007F44AF,
007F450B,
007F4567,
007F45C3,
007F461F,
007F467B,
007F46D7,
007F4732,
007F478E,
007F47E9,
007F4845,
007F48A0,
007F48FB,
007F4956,
007F49B1,
007F4A0C,
007F4A67,
007F4AC2,
007F4B1C,
007F4B77,
007F4BD1,
007F4C2C,
007F4C86,
007F4CE0,
007F4D3A,
007F4D95,
007F4DEE,
007F4E48,
007F4EA2,
007F4EFC,
007F4F55,
007F4FAF,
007F5008,
007F5062,
007F50BB,
007F5114,
007F516D,
007F51C6,
007F521F,
007F5278,
007F52D1,
007F5329,
007F5382,
007F53DA,
007F5433,
007F548B,
007F54E3,
007F553B,
007F5593,
007F55EB,
007F5643,
007F569B,
007F56F2,
007F574A,
007F57A1,
007F57F9,
007F5850,
007F58A7,
007F58FF,
007F5956,
007F59AD,
007F5A03,
007F5A5A,
007F5AB1,
007F5B07,
007F5B5E,
007F5BB4,
007F5C0B,
007F5C61,
007F5CB7,
007F5D0D,
007F5D63,
007F5DB9,
007F5E0F,
007F5E65,
007F5EBA,
007F5F10,
007F5F65,
007F5FBB,
007F6010,
007F6065,
007F60BA,
007F610F,
007F6164,
007F61B9,
007F620E,
007F6263,
007F62B7,
007F630C,
007F6360,
007F63B4,
007F6409,
007F645D,
007F64B1,
007F6505,
007F6559,
007F65AC,
007F6600,
007F6654,
007F66A7,
007F66FB,
007F674E,
007F67A1,
007F67F4,
007F6848,
007F689B,
007F68ED,
007F6940,
007F6993,
007F69E6,
007F6A38,
007F6A8B,
007F6ADD,
007F6B2F,
007F6B81,
007F6BD4,
007F6C26,
007F6C78,
007F6CC9,
007F6D1B,
007F6D6D,
007F6DBE,
007F6E10,
007F6E61,
007F6EB3,
007F6F04,
007F6F55,
007F6FA6,
007F6FF7,
007F7048,
007F7099,
007F70E9,
007F713A,
007F718B,
007F71DB,
007F722B,
007F727C,
007F72CC,
007F731C,
007F736C,
007F73BC,
007F740C,
007F745B,
007F74AB,
007F74FA,
007F754A,
007F7599,
007F75E9,
007F7638,
007F7687,
007F76D6,
007F7725,
007F7774,
007F77C2,
007F7811,
007F7860,
007F78AE,
007F78FD,
007F794B,
007F7999,
007F79E7,
007F7A35,
007F7A83,
007F7AD1,
007F7B1F,
007F7B6D,
007F7BBA,
007F7C08,
007F7C55,
007F7CA3,
007F7CF0,
007F7D3D,
007F7D8A,
007F7DD7,
007F7E24,
007F7E71,
007F7EBD,
007F7F0A,
007F7F57,
007F7FA3,
007F7FEF,
007F803C,
007F8088,
007F80D4,
007F8120,
007F816C,
007F81B8,
007F8204,
007F824F,
007F829B,
007F82E6,
007F8332,
007F837D,
007F83C8,
007F8413,
007F845E,
007F84A9,
007F84F4,
007F853F,
007F858A,
007F85D4,
007F861F,
007F8669,
007F86B4,
007F86FE,
007F8748,
007F8792,
007F87DC,
007F8826,
007F8870,
007F88BA,
007F8903,
007F894D,
007F8996,
007F89E0,
007F8A29,
007F8A72,
007F8ABB,
007F8B04,
007F8B4D,
007F8B96,
007F8BDF,
007F8C27,
007F8C70,
007F8CB8,
007F8D01,
007F8D49,
007F8D91,
007F8DD9,
007F8E21,
007F8E69,
007F8EB1,
007F8EF9,
007F8F41,
007F8F88,
007F8FD0,
007F9017,
007F905F,
007F90A6,
007F90ED,
007F9134,
007F917B,
007F91C2,
007F9209,
007F924F,
007F9296,
007F92DD,
007F9323,
007F9369,
007F93B0,
007F93F6,
007F943C,
007F9482,
007F94C8,
007F950E,
007F9553,
007F9599,
007F95DF,
007F9624,
007F9669,
007F96AF,
007F96F4,
007F9739,
007F977E,
007F97C3,
007F9808,
007F984D,
007F9891,
007F98D6,
007F991A,
007F995F,
007F99A3,
007F99E7,
007F9A2C,
007F9A70,
007F9AB4,
007F9AF7,
007F9B3B,
007F9B7F,
007F9BC3,
007F9C06,
007F9C4A,
007F9C8D,
007F9CD0,
007F9D13,
007F9D56,
007F9D99,
007F9DDC,
007F9E1F,
007F9E62,
007F9EA4,
007F9EE7,
007F9F29,
007F9F6C,
007F9FAE,
007F9FF0,
007FA032,
007FA074,
007FA0B6,
007FA0F8,
007FA13A,
007FA17C,
007FA1BD,
007FA1FF,
007FA240,
007FA281,
007FA2C3,
007FA304,
007FA345,
007FA386,
007FA3C7,
007FA407,
007FA448,
007FA489,
007FA4C9,
007FA50A,
007FA54A,
007FA58A,
007FA5CA,
007FA60A,
007FA64A,
007FA68A,
007FA6CA,
007FA70A,
007FA749,
007FA789,
007FA7C8,
007FA808,
007FA847,
007FA886,
007FA8C5,
007FA904,
007FA943,
007FA982,
007FA9C1,
007FA9FF,
007FAA3E,
007FAA7C,
007FAABB,
007FAAF9,
007FAB37,
007FAB75,
007FABB4,
007FABF1,
007FAC2F,
007FAC6D,
007FACAB,
007FACE8,
007FAD26,
007FAD63,
007FADA1,
007FADDE,
007FAE1B,
007FAE58,
007FAE95,
007FAED2,
007FAF0F,
007FAF4B,
007FAF88,
007FAFC4,
007FB001,
007FB03D,
007FB079,
007FB0B6,
007FB0F2,
007FB12E,
007FB16A,
007FB1A5,
007FB1E1,
007FB21D,
007FB258,
007FB294,
007FB2CF,
007FB30A,
007FB346,
007FB381,
007FB3BC,
007FB3F7,
007FB431,
007FB46C,
007FB4A7,
007FB4E1,
007FB51C,
007FB556,
007FB591,
007FB5CB,
007FB605,
007FB63F,
007FB679,
007FB6B3,
007FB6ED,
007FB726,
007FB760,
007FB799,
007FB7D3,
007FB80C,
007FB845,
007FB87E,
007FB8B7,
007FB8F0,
007FB929,
007FB962,
007FB99B,
007FB9D3,
007FBA0C,
007FBA44,
007FBA7D,
007FBAB5,
007FBAED,
007FBB25,
007FBB5D,
007FBB95,
007FBBCD,
007FBC05,
007FBC3C,
007FBC74,
007FBCAB,
007FBCE3,
007FBD1A,
007FBD51,
007FBD88,
007FBDBF,
007FBDF6,
007FBE2D,
007FBE64,
007FBE9A,
007FBED1,
007FBF08,
007FBF3E,
007FBF74,
007FBFAA,
007FBFE1,
007FC017,
007FC04D,
007FC082,
007FC0B8,
007FC0EE,
007FC123,
007FC159,
007FC18E,
007FC1C4,
007FC1F9,
007FC22E,
007FC263,
007FC298,
007FC2CD,
007FC302,
007FC337,
007FC36B,
007FC3A0,
007FC3D4,
007FC408,
007FC43D,
007FC471,
007FC4A5,
007FC4D9,
007FC50D,
007FC541,
007FC574,
007FC5A8,
007FC5DC,
007FC60F,
007FC642,
007FC676,
007FC6A9,
007FC6DC,
007FC70F,
007FC742,
007FC775,
007FC7A8,
007FC7DA,
007FC80D,
007FC83F,
007FC872,
007FC8A4,
007FC8D6,
007FC908,
007FC93A,
007FC96C,
007FC99E,
007FC9D0,
007FCA02,
007FCA33,
007FCA65,
007FCA96,
007FCAC7,
007FCAF9,
007FCB2A,
007FCB5B,
007FCB8C,
007FCBBD,
007FCBEE,
007FCC1E,
007FCC4F,
007FCC7F,
007FCCB0,
007FCCE0,
007FCD10,
007FCD41,
007FCD71,
007FCDA1,
007FCDD1,
007FCE00,
007FCE30,
007FCE60,
007FCE8F,
007FCEBF,
007FCEEE,
007FCF1D,
007FCF4D,
007FCF7C,
007FCFAB,
007FCFDA,
007FD009,
007FD037,
007FD066,
007FD095,
007FD0C3,
007FD0F1,
007FD120,
007FD14E,
007FD17C,
007FD1AA,
007FD1D8,
007FD206,
007FD234,
007FD261,
007FD28F,
007FD2BC,
007FD2EA,
007FD317,
007FD344,
007FD372,
007FD39F,
007FD3CC,
007FD3F8,
007FD425,
007FD452,
007FD47F,
007FD4AB,
007FD4D7,
007FD504,
007FD530,
007FD55C,
007FD588,
007FD5B4,
007FD5E0,
007FD60C,
007FD638,
007FD663,
007FD68F,
007FD6BA,
007FD6E6,
007FD711,
007FD73C,
007FD767,
007FD792,
007FD7BD,
007FD7E8,
007FD813,
007FD83D,
007FD868,
007FD893,
007FD8BD,
007FD8E7,
007FD911,
007FD93C,
007FD966,
007FD98F,
007FD9B9,
007FD9E3,
007FDA0D,
007FDA36,
007FDA60,
007FDA89,
007FDAB3,
007FDADC,
007FDB05,
007FDB2E,
007FDB57,
007FDB80,
007FDBA9,
007FDBD1,
007FDBFA,
007FDC22,
007FDC4B,
007FDC73,
007FDC9B,
007FDCC4,
007FDCEC,
007FDD14,
007FDD3C,
007FDD63,
007FDD8B,
007FDDB3,
007FDDDA,
007FDE02,
007FDE29,
007FDE50,
007FDE77,
007FDE9F,
007FDEC6,
007FDEEC,
007FDF13,
007FDF3A,
007FDF61,
007FDF87,
007FDFAE,
007FDFD4,
007FDFFA,
007FE021,
007FE047,
007FE06D,
007FE093,
007FE0B9,
007FE0DE,
007FE104,
007FE129,
007FE14F,
007FE174,
007FE19A,
007FE1BF,
007FE1E4,
007FE209,
007FE22E,
007FE253,
007FE278,
007FE29C,
007FE2C1,
007FE2E5,
007FE30A,
007FE32E,
007FE352,
007FE377,
007FE39B,
007FE3BF,
007FE3E3,
007FE406,
007FE42A,
007FE44E,
007FE471,
007FE495,
007FE4B8,
007FE4DB,
007FE4FE,
007FE521,
007FE544,
007FE567,
007FE58A,
007FE5AD,
007FE5D0,
007FE5F2,
007FE615,
007FE637,
007FE659,
007FE67B,
007FE69D,
007FE6BF,
007FE6E1,
007FE703,
007FE725,
007FE747,
007FE768,
007FE78A,
007FE7AB,
007FE7CC,
007FE7EE,
007FE80F,
007FE830,
007FE851,
007FE872,
007FE892,
007FE8B3,
007FE8D4,
007FE8F4,
007FE914,
007FE935,
007FE955,
007FE975,
007FE995,
007FE9B5,
007FE9D5,
007FE9F5,
007FEA14,
007FEA34,
007FEA54,
007FEA73,
007FEA92,
007FEAB2,
007FEAD1,
007FEAF0,
007FEB0F,
007FEB2E,
007FEB4D,
007FEB6B,
007FEB8A,
007FEBA8,
007FEBC7,
007FEBE5,
007FEC03,
007FEC22,
007FEC40,
007FEC5E,
007FEC7C,
007FEC99,
007FECB7,
007FECD5,
007FECF2,
007FED10,
007FED2D,
007FED4B,
007FED68,
007FED85,
007FEDA2,
007FEDBF,
007FEDDC,
007FEDF8,
007FEE15,
007FEE32,
007FEE4E,
007FEE6A,
007FEE87,
007FEEA3,
007FEEBF,
007FEEDB,
007FEEF7,
007FEF13,
007FEF2F,
007FEF4A,
007FEF66,
007FEF81,
007FEF9D,
007FEFB8,
007FEFD3,
007FEFEF,
007FF00A,
007FF025,
007FF040,
007FF05A,
007FF075,
007FF090,
007FF0AA,
007FF0C5,
007FF0DF,
007FF0F9,
007FF113,
007FF12D,
007FF147,
007FF161,
007FF17B,
007FF195,
007FF1AE,
007FF1C8,
007FF1E1,
007FF1FB,
007FF214,
007FF22D,
007FF246,
007FF25F,
007FF278,
007FF291,
007FF2AA,
007FF2C2,
007FF2DB,
007FF2F3,
007FF30C,
007FF324,
007FF33C,
007FF354,
007FF36C,
007FF384,
007FF39C,
007FF3B4,
007FF3CC,
007FF3E3,
007FF3FB,
007FF412,
007FF429,
007FF441,
007FF458,
007FF46F,
007FF486,
007FF49D,
007FF4B3,
007FF4CA,
007FF4E1,
007FF4F7,
007FF50E,
007FF524,
007FF53A,
007FF550,
007FF566,
007FF57C,
007FF592,
007FF5A8,
007FF5BE,
007FF5D3,
007FF5E9,
007FF5FE,
007FF614,
007FF629,
007FF63E,
007FF653,
007FF668,
007FF67D,
007FF692,
007FF6A7,
007FF6BB,
007FF6D0,
007FF6E4,
007FF6F9,
007FF70D,
007FF721,
007FF735,
007FF749,
007FF75D,
007FF771,
007FF785,
007FF798,
007FF7AC,
007FF7BF,
007FF7D3,
007FF7E6,
007FF7F9,
007FF80C,
007FF81F,
007FF832,
007FF845,
007FF858,
007FF86A,
007FF87D,
007FF890,
007FF8A2,
007FF8B4,
007FF8C6,
007FF8D9,
007FF8EB,
007FF8FD,
007FF90E,
007FF920,
007FF932,
007FF943,
007FF955,
007FF966,
007FF978,
007FF989,
007FF99A,
007FF9AB,
007FF9BC,
007FF9CD,
007FF9DE,
007FF9EF,
007FF9FF,
007FFA10,
007FFA20,
007FFA30,
007FFA41,
007FFA51,
007FFA61,
007FFA71,
007FFA81,
007FFA91,
007FFAA0,
007FFAB0,
007FFAC0,
007FFACF,
007FFADE,
007FFAEE,
007FFAFD,
007FFB0C,
007FFB1B,
007FFB2A,
007FFB39,
007FFB47,
007FFB56,
007FFB65,
007FFB73,
007FFB81,
007FFB90,
007FFB9E,
007FFBAC,
007FFBBA,
007FFBC8,
007FFBD6,
007FFBE4,
007FFBF1,
007FFBFF,
007FFC0C,
007FFC1A,
007FFC27,
007FFC34,
007FFC41,
007FFC4E,
007FFC5B,
007FFC68,
007FFC75,
007FFC82,
007FFC8E,
007FFC9B,
007FFCA7,
007FFCB4,
007FFCC0,
007FFCCC,
007FFCD8,
007FFCE4,
007FFCF0,
007FFCFC,
007FFD07,
007FFD13,
007FFD1E,
007FFD2A,
007FFD35,
007FFD41,
007FFD4C,
007FFD57,
007FFD62,
007FFD6D,
007FFD77,
007FFD82,
007FFD8D,
007FFD97,
007FFDA2,
007FFDAC,
007FFDB6,
007FFDC1,
007FFDCB,
007FFDD5,
007FFDDF,
007FFDE8,
007FFDF2,
007FFDFC,
007FFE05,
007FFE0F,
007FFE18,
007FFE22,
007FFE2B,
007FFE34,
007FFE3D,
007FFE46,
007FFE4F,
007FFE57,
007FFE60,
007FFE69,
007FFE71,
007FFE7A,
007FFE82,
007FFE8A,
007FFE92,
007FFE9A,
007FFEA2,
007FFEAA,
007FFEB2,
007FFEB9,
007FFEC1,
007FFEC9,
007FFED0,
007FFED7,
007FFEDF,
007FFEE6,
007FFEED,
007FFEF4,
007FFEFB,
007FFF01,
007FFF08,
007FFF0F,
007FFF15,
007FFF1C,
007FFF22,
007FFF28,
007FFF2E,
007FFF34,
007FFF3A,
007FFF40,
007FFF46,
007FFF4C,
007FFF52,
007FFF57,
007FFF5D,
007FFF62,
007FFF67,
007FFF6C,
007FFF71,
007FFF76,
007FFF7B,
007FFF80,
007FFF85,
007FFF8A,
007FFF8E,
007FFF93,
007FFF97,
007FFF9B,
007FFF9F,
007FFFA4,
007FFFA8,
007FFFAB,
007FFFAF,
007FFFB3,
007FFFB7,
007FFFBA,
007FFFBE,
007FFFC1,
007FFFC4,
007FFFC8,
007FFFCB,
007FFFCE,
007FFFD1,
007FFFD4,
007FFFD6,
007FFFD9,
007FFFDC,
007FFFDE,
007FFFE1,
007FFFE3,
007FFFE5,
007FFFE7,
007FFFE9,
007FFFEB,
007FFFED,
007FFFEF,
007FFFF1,
007FFFF2,
007FFFF4,
007FFFF5,
007FFFF7,
007FFFF8,
007FFFF9,
007FFFFA,
007FFFFB,
007FFFFC,
007FFFFD,
007FFFFD,
007FFFFE,
007FFFFF,
007FFFFF,
007FFFFF,
007FFFFF,
007FFFFF,
007FFFFF;
