0001F7
0001F7
0001F7
0001F7
0001F7
0001F7
0001F7
0001F7
0001F7
0001F7
0001F7
0001F7
0001F7
0001F8
0001F8
0001F8
0001F8
0001F8
0001F8
0001F8
0001F8
0001F8
0001F8
0001F8
0001F8
0001F8
0001F8
0001F8
0001F8
0001F8
0001F8
0001F8
0001F8
0001F9
0001F9
0001F9
0001F9
0001F9
0001F9
0001F9
0001F9
0001F9
0001F9
0001F9
0001F9
0001FA
0001FA
0001FA
0001FA
0001FA
0001FA
0001FA
0001FA
0001FA
0001FA
0001FB
0001FB
0001FB
0001FB
0001FB
0001FB
0001FB
0001FC
0001FC
0001FC
0001FC
0001FC
0001FC
0001FC
0001FD
0001FD
0001FD
0001FD
0001FD
0001FD
0001FD
0001FE
0001FE
0001FE
0001FE
0001FE
0001FE
0001FF
0001FF
0001FF
0001FF
0001FF
000200
000200
000200
000200
000200
000201
000201
000201
000201
000201
000202
000202
000202
000202
000202
000203
000203
000203
000203
000204
000204
000204
000204
000205
000205
000205
000205
000205
000206
000206
000206
000207
000207
000207
000207
000208
000208
000208
000208
000209
000209
000209
000209
00020A
00020A
00020A
00020B
00020B
00020B
00020B
00020C
00020C
00020C
00020D
00020D
00020D
00020E
00020E
00020E
00020F
00020F
00020F
000210
000210
000210
000211
000211
000211
000212
000212
000212
000213
000213
000213
000214
000214
000214
000215
000215
000215
000216
000216
000216
000217
000217
000218
000218
000218
000219
000219
00021A
00021A
00021A
00021B
00021B
00021B
00021C
00021C
00021D
00021D
00021D
00021E
00021E
00021F
00021F
000220
000220
000220
000221
000221
000222
000222
000223
000223
000223
000224
000224
000225
000225
000226
000226
000227
000227
000227
000228
000228
000229
000229
00022A
00022A
00022B
00022B
00022C
00022C
00022D
00022D
00022E
00022E
00022F
00022F
000230
000230
000231
000231
000232
000232
000233
000233
000234
000234
000235
000235
000236
000236
000237
000237
000238
000238
000239
000239
00023A
00023A
00023B
00023C
00023C
00023D
00023D
00023E
00023E
00023F
00023F
000240
000241
000241
000242
000242
000243
000243
000244
000245
000245
000246
000246
000247
000248
000248
000249
000249
00024A
00024B
00024B
00024C
00024C
00024D
00024E
00024E
00024F
00024F
000250
000251
000251
000252
000253
000253
000254
000254
000255
000256
000256
000257
000258
000258
000259
00025A
00025A
00025B
00025C
00025C
00025D
00025E
00025E
00025F
000260
000260
000261
000262
000262
000263
000264
000264
000265
000266
000267
000267
000268
000269
000269
00026A
00026B
00026C
00026C
00026D
00026E
00026E
00026F
000270
000271
000271
000272
000273
000274
000274
000275
000276
000276
000277
000278
000279
000279
00027A
00027B
00027C
00027D
00027D
00027E
00027F
000280
000280
000281
000282
000283
000284
000284
000285
000286
000287
000287
000288
000289
00028A
00028B
00028B
00028C
00028D
00028E
00028F
000290
000290
000291
000292
000293
000294
000294
000295
000296
000297
000298
000299
00029A
00029A
00029B
00029C
00029D
00029E
00029F
00029F
0002A0
0002A1
0002A2
0002A3
0002A4
0002A5
0002A6
0002A6
0002A7
0002A8
0002A9
0002AA
0002AB
0002AC
0002AD
0002AE
0002AE
0002AF
0002B0
0002B1
0002B2
0002B3
0002B4
0002B5
0002B6
0002B7
0002B8
0002B8
0002B9
0002BA
0002BB
0002BC
0002BD
0002BE
0002BF
0002C0
0002C1
0002C2
0002C3
0002C4
0002C5
0002C6
0002C7
0002C8
0002C8
0002C9
0002CA
0002CB
0002CC
0002CD
0002CE
0002CF
0002D0
0002D1
0002D2
0002D3
0002D4
0002D5
0002D6
0002D7
0002D8
0002D9
0002DA
0002DB
0002DC
0002DD
0002DE
0002DF
0002E0
0002E1
0002E2
0002E3
0002E4
0002E5
0002E6
0002E7
0002E8
0002E9
0002EA
0002EC
0002ED
0002EE
0002EF
0002F0
0002F1
0002F2
0002F3
0002F4
0002F5
0002F6
0002F7
0002F8
0002F9
0002FA
0002FB
0002FC
0002FE
0002FF
000300
000301
000302
000303
000304
000305
000306
000307
000308
00030A
00030B
00030C
00030D
00030E
00030F
000310
000311
000312
000314
000315
000316
000317
000318
000319
00031A
00031B
00031D
00031E
00031F
000320
000321
000322
000323
000325
000326
000327
000328
000329
00032A
00032C
00032D
00032E
00032F
000330
000332
000333
000334
000335
000336
000337
000339
00033A
00033B
00033C
00033D
00033F
000340
000341
000342
000343
000345
000346
000347
000348
00034A
00034B
00034C
00034D
00034F
000350
000351
000352
000353
000355
000356
000357
000358
00035A
00035B
00035C
00035E
00035F
000360
000361
000363
000364
000365
000366
000368
000369
00036A
00036C
00036D
00036E
00036F
000371
000372
000373
000375
000376
000377
000379
00037A
00037B
00037D
00037E
00037F
000380
000382
000383
000384
000386
000387
000388
00038A
00038B
00038C
00038E
00038F
000391
000392
000393
000395
000396
000397
000399
00039A
00039B
00039D
00039E
0003A0
0003A1
0003A2
0003A4
0003A5
0003A6
0003A8
0003A9
0003AB
0003AC
0003AD
0003AF
0003B0
0003B2
0003B3
0003B4
0003B6
0003B7
0003B9
0003BA
0003BC
0003BD
0003BE
0003C0
0003C1
0003C3
0003C4
0003C6
0003C7
0003C8
0003CA
0003CB
0003CD
0003CE
0003D0
0003D1
0003D3
0003D4
0003D6
0003D7
0003D9
0003DA
0003DB
0003DD
0003DE
0003E0
0003E1
0003E3
0003E4
0003E6
0003E7
0003E9
0003EA
0003EC
0003ED
0003EF
0003F0
0003F2
0003F3
0003F5
0003F6
0003F8
0003F9
0003FB
0003FC
0003FE
000400
000401
000403
000404
000406
000407
000409
00040A
00040C
00040D
00040F
000411
000412
000414
000415
000417
000418
00041A
00041B
00041D
00041F
000420
000422
000423
000425
000427
000428
00042A
00042B
00042D
00042E
000430
000432
000433
000435
000437
000438
00043A
00043B
00043D
00043F
000440
000442
000443
000445
000447
000448
00044A
00044C
00044D
00044F
000451
000452
000454
000456
000457
000459
00045B
00045C
00045E
000460
000461
000463
000465
000466
000468
00046A
00046B
00046D
00046F
000470
000472
000474
000475
000477
000479
00047B
00047C
00047E
000480
000481
000483
000485
000487
000488
00048A
00048C
00048D
00048F
000491
000493
000494
000496
000498
00049A
00049B
00049D
00049F
0004A1
0004A2
0004A4
0004A6
0004A8
0004AA
0004AB
0004AD
0004AF
0004B1
0004B2
0004B4
0004B6
0004B8
0004BA
0004BB
0004BD
0004BF
0004C1
0004C3
0004C4
0004C6
0004C8
0004CA
0004CC
0004CD
0004CF
0004D1
0004D3
0004D5
0004D7
0004D8
0004DA
0004DC
0004DE
0004E0
0004E2
0004E3
0004E5
0004E7
0004E9
0004EB
0004ED
0004EF
0004F0
0004F2
0004F4
0004F6
0004F8
0004FA
0004FC
0004FE
0004FF
000501
000503
000505
000507
000509
00050B
00050D
00050F
000510
000512
000514
000516
000518
00051A
00051C
00051E
000520
000522
000524
000526
000527
000529
00052B
00052D
00052F
000531
000533
000535
000537
000539
00053B
00053D
00053F
000541
000543
000545
000547
000549
00054B
00054D
00054F
000551
000553
000555
000557
000559
00055B
00055D
00055F
000561
000563
000565
000567
000569
00056B
00056D
00056F
000571
000573
000575
000577
000579
00057B
00057D
00057F
000581
000583
000585
000587
000589
00058B
00058D
00058F
000591
000593
000595
000598
00059A
00059C
00059E
0005A0
0005A2
0005A4
0005A6
0005A8
0005AA
0005AC
0005AE
0005B1
0005B3
0005B5
0005B7
0005B9
0005BB
0005BD
0005BF
0005C1
0005C3
0005C6
0005C8
0005CA
0005CC
0005CE
0005D0
0005D2
0005D5
0005D7
0005D9
0005DB
0005DD
0005DF
0005E1
0005E4
0005E6
0005E8
0005EA
0005EC
0005EE
0005F1
0005F3
0005F5
0005F7
0005F9
0005FB
0005FE
000600
000602
000604
000606
000609
00060B
00060D
00060F
000611
000614
000616
000618
00061A
00061C
00061F
000621
000623
000625
000628
00062A
00062C
00062E
000631
000633
000635
000637
000639
00063C
00063E
000640
000643
000645
000647
000649
00064C
00064E
000650
000652
000655
000657
000659
00065C
00065E
000660
000662
000665
000667
000669
00066C
00066E
000670
000673
000675
000677
00067A
00067C
00067E
000680
000683
000685
000687
00068A
00068C
00068F
000691
000693
000696
000698
00069A
00069D
00069F
0006A1
0006A4
0006A6
0006A8
0006AB
0006AD
0006B0
0006B2
0006B4
0006B7
0006B9
0006BB
0006BE
0006C0
0006C3
0006C5
0006C7
0006CA
0006CC
0006CF
0006D1
0006D4
0006D6
0006D8
0006DB
0006DD
0006E0
0006E2
0006E4
0006E7
0006E9
0006EC
0006EE
0006F1
0006F3
0006F6
0006F8
0006FA
0006FD
0006FF
000702
000704
000707
000709
00070C
00070E
000711
000713
000716
000718
00071B
00071D
000720
000722
000725
000727
00072A
00072C
00072F
000731
000734
000736
000739
00073B
00073E
000740
000743
000745
000748
00074A
00074D
00074F
000752
000755
000757
00075A
00075C
00075F
000761
000764
000766
000769
00076C
00076E
000771
000773
000776
000778
00077B
00077E
000780
000783
000785
000788
00078B
00078D
000790
000792
000795
000798
00079A
00079D
00079F
0007A2
0007A5
0007A7
0007AA
0007AD
0007AF
0007B2
0007B5
0007B7
0007BA
0007BC
0007BF
0007C2
0007C4
0007C7
0007CA
0007CC
0007CF
0007D2
0007D4
0007D7
0007DA
0007DC
0007DF
0007E2
0007E5
0007E7
0007EA
0007ED
0007EF
0007F2
0007F5
0007F7
0007FA
0007FD
000800
000802
000805
000808
00080A
00080D
000810
000813
000815
000818
00081B
00081E
000820
000823
000826
000829
00082B
00082E
000831
000834
000836
000839
00083C
00083F
000841
000844
000847
00084A
00084D
00084F
000852
000855
000858
00085A
00085D
000860
000863
000866
000869
00086B
00086E
000871
000874
000877
000879
00087C
00087F
000882
000885
000888
00088A
00088D
000890
000893
000896
000899
00089C
00089E
0008A1
0008A4
0008A7
0008AA
0008AD
0008B0
0008B3
0008B5
0008B8
0008BB
0008BE
0008C1
0008C4
0008C7
0008CA
0008CD
0008CF
0008D2
0008D5
0008D8
0008DB
0008DE
0008E1
0008E4
0008E7
0008EA
0008ED
0008F0
0008F3
0008F5
0008F8
0008FB
0008FE
000901
000904
000907
00090A
00090D
000910
000913
000916
000919
00091C
00091F
000922
000925
000928
00092B
00092E
000931
000934
000937
00093A
00093D
000940
000943
000946
000949
00094C
00094F
000952
000955
000958
00095B
00095E
000961
000964
000967
00096A
00096D
000970
000973
000976
000979
00097D
000980
000983
000986
000989
00098C
00098F
000992
000995
000998
00099B
00099E
0009A1
0009A5
0009A8
0009AB
0009AE
0009B1
0009B4
0009B7
0009BA
0009BD
0009C0
0009C4
0009C7
0009CA
0009CD
0009D0
0009D3
0009D6
0009DA
0009DD
0009E0
0009E3
0009E6
0009E9
0009EC
0009F0
0009F3
0009F6
0009F9
0009FC
0009FF
000A03
000A06
000A09
000A0C
000A0F
000A13
000A16
000A19
000A1C
000A1F
000A23
000A26
000A29
000A2C
000A2F
000A33
000A36
000A39
000A3C
000A3F
000A43
000A46
000A49
000A4C
000A50
000A53
000A56
000A59
000A5D
000A60
000A63
000A66
000A6A
000A6D
000A70
000A73
000A77
000A7A
000A7D
000A81
000A84
000A87
000A8A
000A8E
000A91
000A94
000A98
000A9B
000A9E
000AA2
000AA5
000AA8
000AAB
000AAF
000AB2
000AB5
000AB9
000ABC
000ABF
000AC3
000AC6
000AC9
000ACD
000AD0
000AD4
000AD7
000ADA
000ADE
000AE1
000AE4
000AE8
000AEB
000AEE
000AF2
000AF5
000AF9
000AFC
000AFF
000B03
000B06
000B0A
000B0D
000B10
000B14
000B17
000B1B
000B1E
000B21
000B25
000B28
000B2C
000B2F
000B32
000B36
000B39
000B3D
000B40
000B44
000B47
000B4B
000B4E
000B51
000B55
000B58
000B5C
000B5F
000B63
000B66
000B6A
000B6D
000B71
000B74
000B78
000B7B
000B7F
000B82
000B86
000B89
000B8D
000B90
000B94
000B97
000B9B
000B9E
000BA2
000BA5
000BA9
000BAC
000BB0
000BB3
000BB7
000BBA
000BBE
000BC1
000BC5
000BC9
000BCC
000BD0
000BD3
000BD7
000BDA
000BDE
000BE1
000BE5
000BE9
000BEC
000BF0
000BF3
000BF7
000BFB
000BFE
000C02
000C05
000C09
000C0D
000C10
000C14
000C17
000C1B
000C1F
000C22
000C26
000C29
000C2D
000C31
000C34
000C38
000C3C
000C3F
000C43
000C47
000C4A
000C4E
000C51
000C55
000C59
000C5C
000C60
000C64
000C68
000C6B
000C6F
000C73
000C76
000C7A
000C7E
000C81
000C85
000C89
000C8C
000C90
000C94
000C98
000C9B
000C9F
000CA3
000CA6
000CAA
000CAE
000CB2
000CB5
000CB9
000CBD
000CC1
000CC4
000CC8
000CCC
000CD0
000CD3
000CD7
000CDB
000CDF
000CE2
000CE6
000CEA
000CEE
000CF1
000CF5
000CF9
000CFD
000D01
000D04
000D08
000D0C
000D10
000D14
000D17
000D1B
000D1F
000D23
000D27
000D2B
000D2E
000D32
000D36
000D3A
000D3E
000D42
000D45
000D49
000D4D
000D51
000D55
000D59
000D5D
000D60
000D64
000D68
000D6C
000D70
000D74
000D78
000D7C
000D7F
000D83
000D87
000D8B
000D8F
000D93
000D97
000D9B
000D9F
000DA3
000DA6
000DAA
000DAE
000DB2
000DB6
000DBA
000DBE
000DC2
000DC6
000DCA
000DCE
000DD2
000DD6
000DDA
000DDE
000DE2
000DE6
000DE9
000DED
000DF1
000DF5
000DF9
000DFD
000E01
000E05
000E09
000E0D
000E11
000E15
000E19
000E1D
000E21
000E25
000E29
000E2D
000E31
000E35
000E39
000E3E
000E42
000E46
000E4A
000E4E
000E52
000E56
000E5A
000E5E
000E62
000E66
000E6A
000E6E
000E72
000E76
000E7A
000E7E
000E82
000E87
000E8B
000E8F
000E93
000E97
000E9B
000E9F
000EA3
000EA7
000EAB
000EB0
000EB4
000EB8
000EBC
000EC0
000EC4
000EC8
000ECC
000ED1
000ED5
000ED9
000EDD
000EE1
000EE5
000EE9
000EEE
000EF2
000EF6
000EFA
000EFE
000F02
000F07
000F0B
000F0F
000F13
000F17
000F1C
000F20
000F24
000F28
000F2C
000F31
000F35
000F39
000F3D
000F41
000F46
000F4A
000F4E
000F52
000F57
000F5B
000F5F
000F63
000F68
000F6C
000F70
000F74
000F79
000F7D
000F81
000F85
000F8A
000F8E
000F92
000F96
000F9B
000F9F
000FA3
000FA8
000FAC
000FB0
000FB5
000FB9
000FBD
000FC1
000FC6
000FCA
000FCE
000FD3
000FD7
000FDB
000FE0
000FE4
000FE8
000FED
000FF1
000FF5
000FFA
000FFE
001002
001007
00100B
001010
001014
001018
00101D
001021
001025
00102A
00102E
001033
001037
00103B
001040
001044
001049
00104D
001051
001056
00105A
00105F
001063
001068
00106C
001070
001075
001079
00107E
001082
001087
00108B
001090
001094
001098
00109D
0010A1
0010A6
0010AA
0010AF
0010B3
0010B8
0010BC
0010C1
0010C5
0010CA
0010CE
0010D3
0010D7
0010DC
0010E0
0010E5
0010E9
0010EE
0010F2
0010F7
0010FB
001100
001105
001109
00110E
001112
001117
00111B
001120
001124
001129
00112E
001132
001137
00113B
001140
001144
001149
00114E
001152
001157
00115B
001160
001165
001169
00116E
001172
001177
00117C
001180
001185
00118A
00118E
001193
001197
00119C
0011A1
0011A5
0011AA
0011AF
0011B3
0011B8
0011BD
0011C1
0011C6
0011CB
0011CF
0011D4
0011D9
0011DD
0011E2
0011E7
0011EB
0011F0
0011F5
0011FA
0011FE
001203
001208
00120C
001211
001216
00121B
00121F
001224
001229
00122E
001232
001237
00123C
001241
001245
00124A
00124F
001254
001258
00125D
001262
001267
00126B
001270
001275
00127A
00127F
001283
001288
00128D
001292
001297
00129B
0012A0
0012A5
0012AA
0012AF
0012B4
0012B8
0012BD
0012C2
0012C7
0012CC
0012D1
0012D6
0012DA
0012DF
0012E4
0012E9
0012EE
0012F3
0012F8
0012FC
001301
001306
00130B
001310
001315
00131A
00131F
001324
001329
00132D
001332
001337
00133C
001341
001346
00134B
001350
001355
00135A
00135F
001364
001369
00136E
001373
001378
00137D
001381
001386
00138B
001390
001395
00139A
00139F
0013A4
0013A9
0013AE
0013B3
0013B8
0013BD
0013C2
0013C7
0013CC
0013D1
0013D6
0013DB
0013E1
0013E6
0013EB
0013F0
0013F5
0013FA
0013FF
001404
001409
00140E
001413
001418
00141D
001422
001427
00142C
001431
001437
00143C
001441
001446
00144B
001450
001455
00145A
00145F
001465
00146A
00146F
001474
001479
00147E
001483
001488
00148E
001493
001498
00149D
0014A2
0014A7
0014AD
0014B2
0014B7
0014BC
0014C1
0014C6
0014CC
0014D1
0014D6
0014DB
0014E0
0014E6
0014EB
0014F0
0014F5
0014FA
001500
001505
00150A
00150F
001515
00151A
00151F
001524
00152A
00152F
001534
001539
00153F
001544
001549
00154E
001554
001559
00155E
001563
001569
00156E
001573
001579
00157E
001583
001589
00158E
001593
001598
00159E
0015A3
0015A8
0015AE
0015B3
0015B8
0015BE
0015C3
0015C8
0015CE
0015D3
0015D9
0015DE
0015E3
0015E9
0015EE
0015F3
0015F9
0015FE
001604
001609
00160E
001614
001619
00161F
001624
001629
00162F
001634
00163A
00163F
001644
00164A
00164F
001655
00165A
001660
001665
00166B
001670
001675
00167B
001680
001686
00168B
001691
001696
00169C
0016A1
0016A7
0016AC
0016B2
0016B7
0016BD
0016C2
0016C8
0016CD
0016D3
0016D8
0016DE
0016E3
0016E9
0016EE
0016F4
0016F9
0016FF
001705
00170A
001710
001715
00171B
001720
001726
00172C
001731
001737
00173C
001742
001747
00174D
001753
001758
00175E
001763
001769
00176F
001774
00177A
001780
001785
00178B
001790
001796
00179C
0017A1
0017A7
0017AD
0017B2
0017B8
0017BE
0017C3
0017C9
0017CF
0017D4
0017DA
0017E0
0017E5
0017EB
0017F1
0017F7
0017FC
001802
001808
00180D
001813
001819
00181F
001824
00182A
001830
001835
00183B
001841
001847
00184C
001852
001858
00185E
001863
001869
00186F
001875
00187B
001880
001886
00188C
001892
001898
00189D
0018A3
0018A9
0018AF
0018B5
0018BA
0018C0
0018C6
0018CC
0018D2
0018D8
0018DD
0018E3
0018E9
0018EF
0018F5
0018FB
001901
001906
00190C
001912
001918
00191E
001924
00192A
001930
001936
00193B
001941
001947
00194D
001953
001959
00195F
001965
00196B
001971
001977
00197D
001983
001988
00198E
001994
00199A
0019A0
0019A6
0019AC
0019B2
0019B8
0019BE
0019C4
0019CA
0019D0
0019D6
0019DC
0019E2
0019E8
0019EE
0019F4
0019FA
001A00
001A06
001A0C
001A12
001A18
001A1E
001A24
001A2A
001A31
001A37
001A3D
001A43
001A49
001A4F
001A55
001A5B
001A61
001A67
001A6D
001A73
001A79
001A80
001A86
001A8C
001A92
001A98
001A9E
001AA4
001AAA
001AB0
001AB7
001ABD
001AC3
001AC9
001ACF
001AD5
001ADB
001AE2
001AE8
001AEE
001AF4
001AFA
001B00
001B07
001B0D
001B13
001B19
001B1F
001B26
001B2C
001B32
001B38
001B3E
001B45
001B4B
001B51
001B57
001B5E
001B64
001B6A
001B70
001B76
001B7D
001B83
001B89
001B90
001B96
001B9C
001BA2
001BA9
001BAF
001BB5
001BBB
001BC2
001BC8
001BCE
001BD5
001BDB
001BE1
001BE8
001BEE
001BF4
001BFB
001C01
001C07
001C0E
001C14
001C1A
001C21
001C27
001C2D
001C34
001C3A
001C40
001C47
001C4D
001C54
001C5A
001C60
001C67
001C6D
001C73
001C7A
001C80
001C87
001C8D
001C94
001C9A
001CA0
001CA7
001CAD
001CB4
001CBA
001CC1
001CC7
001CCD
001CD4
001CDA
001CE1
001CE7
001CEE
001CF4
001CFB
001D01
001D08
001D0E
001D15
001D1B
001D22
001D28
001D2F
001D35
001D3C
001D42
001D49
001D4F
001D56
001D5C
001D63
001D69
001D70
001D77
001D7D
001D84
001D8A
001D91
001D97
001D9E
001DA4
001DAB
001DB2
001DB8
001DBF
001DC5
001DCC
001DD3
001DD9
001DE0
001DE6
001DED
001DF4
001DFA
001E01
001E08
001E0E
001E15
001E1C
001E22
001E29
001E30
001E36
001E3D
001E44
001E4A
001E51
001E58
001E5E
001E65
001E6C
001E72
001E79
001E80
001E86
001E8D
001E94
001E9B
001EA1
001EA8
001EAF
001EB6
001EBC
001EC3
001ECA
001ED1
001ED7
001EDE
001EE5
001EEC
001EF2
001EF9
001F00
001F07
001F0D
001F14
001F1B
001F22
001F29
001F2F
001F36
001F3D
001F44
001F4B
001F52
001F58
001F5F
001F66
001F6D
001F74
001F7B
001F82
001F88
001F8F
001F96
001F9D
001FA4
001FAB
001FB2
001FB9
001FBF
001FC6
001FCD
001FD4
001FDB
001FE2
001FE9
001FF0
001FF7
001FFE
002005
00200B
002012
002019
002020
002027
00202E
002035
00203C
002043
00204A
002051
002058
00205F
002066
00206D
002074
00207B
002082
002089
002090
002097
00209E
0020A5
0020AC
0020B3
0020BA
0020C1
0020C8
0020CF
0020D6
0020DD
0020E4
0020EC
0020F3
0020FA
002101
002108
00210F
002116
00211D
002124
00212B
002132
00213A
002141
002148
00214F
002156
00215D
002164
00216B
002173
00217A
002181
002188
00218F
002196
00219D
0021A5
0021AC
0021B3
0021BA
0021C1
0021C9
0021D0
0021D7
0021DE
0021E5
0021ED
0021F4
0021FB
002202
002209
002211
002218
00221F
002226
00222E
002235
00223C
002243
00224B
002252
002259
002260
002268
00226F
002276
00227E
002285
00228C
002294
00229B
0022A2
0022A9
0022B1
0022B8
0022BF
0022C7
0022CE
0022D5
0022DD
0022E4
0022EC
0022F3
0022FA
002302
002309
002310
002318
00231F
002327
00232E
002335
00233D
002344
00234C
002353
00235A
002362
002369
002371
002378
00237F
002387
00238E
002396
00239D
0023A5
0023AC
0023B4
0023BB
0023C3
0023CA
0023D2
0023D9
0023E1
0023E8
0023F0
0023F7
0023FF
002406
00240E
002415
00241D
002424
00242C
002433
00243B
002442
00244A
002451
002459
002461
002468
002470
002477
00247F
002486
00248E
002496
00249D
0024A5
0024AC
0024B4
0024BC
0024C3
0024CB
0024D3
0024DA
0024E2
0024E9
0024F1
0024F9
002500
002508
002510
002517
00251F
002527
00252E
002536
00253E
002546
00254D
002555
00255D
002564
00256C
002574
00257B
002583
00258B
002593
00259A
0025A2
0025AA
0025B2
0025B9
0025C1
0025C9
0025D1
0025D8
0025E0
0025E8
0025F0
0025F8
0025FF
002607
00260F
002617
00261F
002626
00262E
002636
00263E
002646
00264E
002655
00265D
002665
00266D
002675
00267D
002685
00268C
002694
00269C
0026A4
0026AC
0026B4
0026BC
0026C4
0026CC
0026D3
0026DB
0026E3
0026EB
0026F3
0026FB
002703
00270B
002713
00271B
002723
00272B
002733
00273B
002743
00274B
002753
00275B
002763
00276B
002773
00277B
002783
00278B
002793
00279B
0027A3
0027AB
0027B3
0027BB
0027C3
0027CB
0027D3
0027DB
0027E3
0027EB
0027F3
0027FB
002803
00280B
002814
00281C
002824
00282C
002834
00283C
002844
00284C
002854
00285D
002865
00286D
002875
00287D
002885
00288D
002896
00289E
0028A6
0028AE
0028B6
0028BE
0028C7
0028CF
0028D7
0028DF
0028E7
0028F0
0028F8
002900
002908
002910
002919
002921
002929
002931
00293A
002942
00294A
002952
00295B
002963
00296B
002973
00297C
002984
00298C
002995
00299D
0029A5
0029AE
0029B6
0029BE
0029C7
0029CF
0029D7
0029DF
0029E8
0029F0
0029F9
002A01
002A09
002A12
002A1A
002A22
002A2B
002A33
002A3C
002A44
002A4C
002A55
002A5D
002A66
002A6E
002A76
002A7F
002A87
002A90
002A98
002AA0
002AA9
002AB1
002ABA
002AC2
002ACB
002AD3
002ADC
002AE4
002AED
002AF5
002AFE
002B06
002B0F
002B17
002B20
002B28
002B31
002B39
002B42
002B4A
002B53
002B5B
002B64
002B6C
002B75
002B7E
002B86
002B8F
002B97
002BA0
002BA8
002BB1
002BBA
002BC2
002BCB
002BD3
002BDC
002BE5
002BED
002BF6
002BFF
002C07
002C10
002C18
002C21
002C2A
002C32
002C3B
002C44
002C4C
002C55
002C5E
002C66
002C6F
002C78
002C80
002C89
002C92
002C9B
002CA3
002CAC
002CB5
002CBD
002CC6
002CCF
002CD8
002CE0
002CE9
002CF2
002CFB
002D04
002D0C
002D15
002D1E
002D27
002D2F
002D38
002D41
002D4A
002D53
002D5B
002D64
002D6D
002D76
002D7F
002D88
002D90
002D99
002DA2
002DAB
002DB4
002DBD
002DC6
002DCE
002DD7
002DE0
002DE9
002DF2
002DFB
002E04
002E0D
002E16
002E1F
002E27
002E30
002E39
002E42
002E4B
002E54
002E5D
002E66
002E6F
002E78
002E81
002E8A
002E93
002E9C
002EA5
002EAE
002EB7
002EC0
002EC9
002ED2
002EDB
002EE4
002EED
002EF6
002EFF
002F08
002F11
002F1A
002F23
002F2C
002F35
002F3E
002F47
002F51
002F5A
002F63
002F6C
002F75
002F7E
002F87
002F90
002F99
002FA3
002FAC
002FB5
002FBE
002FC7
002FD0
002FD9
002FE2
002FEC
002FF5
002FFE
003007
003010
00301A
003023
00302C
003035
00303E
003048
003051
00305A
003063
00306C
003076
00307F
003088
003091
00309B
0030A4
0030AD
0030B6
0030C0
0030C9
0030D2
0030DC
0030E5
0030EE
0030F7
003101
00310A
003113
00311D
003126
00312F
003139
003142
00314B
003155
00315E
003167
003171
00317A
003184
00318D
003196
0031A0
0031A9
0031B2
0031BC
0031C5
0031CF
0031D8
0031E2
0031EB
0031F4
0031FE
003207
003211
00321A
003224
00322D
003237
003240
003249
003253
00325C
003266
00326F
003279
003282
00328C
003295
00329F
0032A9
0032B2
0032BC
0032C5
0032CF
0032D8
0032E2
0032EB
0032F5
0032FE
003308
003312
00331B
003325
00332E
003338
003342
00334B
003355
00335E
003368
003372
00337B
003385
00338F
003398
0033A2
0033AC
0033B5
0033BF
0033C9
0033D2
0033DC
0033E6
0033EF
0033F9
003403
00340C
003416
003420
00342A
003433
00343D
003447
003451
00345A
003464
00346E
003478
003481
00348B
003495
00349F
0034A9
0034B2
0034BC
0034C6
0034D0
0034DA
0034E3
0034ED
0034F7
003501
00350B
003515
00351E
003528
003532
00353C
003546
003550
00355A
003564
00356D
003577
003581
00358B
003595
00359F
0035A9
0035B3
0035BD
0035C7
0035D1
0035DB
0035E5
0035EE
0035F8
003602
00360C
003616
003620
00362A
003634
00363E
003648
003652
00365C
003666
003670
00367A
003684
00368E
003699
0036A3
0036AD
0036B7
0036C1
0036CB
0036D5
0036DF
0036E9
0036F3
0036FD
003707
003711
00371C
003726
003730
00373A
003744
00374E
003758
003762
00376D
003777
003781
00378B
003795
00379F
0037AA
0037B4
0037BE
0037C8
0037D2
0037DD
0037E7
0037F1
0037FB
003806
003810
00381A
003824
00382F
003839
003843
00384D
003858
003862
00386C
003876
003881
00388B
003895
0038A0
0038AA
0038B4
0038BF
0038C9
0038D3
0038DE
0038E8
0038F2
0038FD
003907
003911
00391C
003926
003931
00393B
003945
003950
00395A
003964
00396F
003979
003984
00398E
003999
0039A3
0039AE
0039B8
0039C2
0039CD
0039D7
0039E2
0039EC
0039F7
003A01
003A0C
003A16
003A21
003A2B
003A36
003A40
003A4B
003A55
003A60
003A6A
003A75
003A80
003A8A
003A95
003A9F
003AAA
003AB4
003ABF
003ACA
003AD4
003ADF
003AE9
003AF4
003AFF
003B09
003B14
003B1E
003B29
003B34
003B3E
003B49
003B54
003B5E
003B69
003B74
003B7E
003B89
003B94
003B9E
003BA9
003BB4
003BBF
003BC9
003BD4
003BDF
003BE9
003BF4
003BFF
003C0A
003C14
003C1F
003C2A
003C35
003C3F
003C4A
003C55
003C60
003C6B
003C75
003C80
003C8B
003C96
003CA1
003CAC
003CB6
003CC1
003CCC
003CD7
003CE2
003CED
003CF7
003D02
003D0D
003D18
003D23
003D2E
003D39
003D44
003D4F
003D5A
003D64
003D6F
003D7A
003D85
003D90
003D9B
003DA6
003DB1
003DBC
003DC7
003DD2
003DDD
003DE8
003DF3
003DFE
003E09
003E14
003E1F
003E2A
003E35
003E40
003E4B
003E56
003E61
003E6C
003E77
003E82
003E8D
003E98
003EA4
003EAF
003EBA
003EC5
003ED0
003EDB
003EE6
003EF1
003EFC
003F08
003F13
003F1E
003F29
003F34
003F3F
003F4A
003F56
003F61
003F6C
003F77
003F82
003F8E
003F99
003FA4
003FAF
003FBA
003FC6
003FD1
003FDC
003FE7
003FF3
003FFE
004009
004014
004020
00402B
004036
004041
00404D
004058
004063
00406F
00407A
004085
004091
00409C
0040A7
0040B3
0040BE
0040C9
0040D5
0040E0
0040EB
0040F7
004102
00410D
004119
004124
004130
00413B
004147
004152
00415D
004169
004174
004180
00418B
004197
0041A2
0041AD
0041B9
0041C4
0041D0
0041DB
0041E7
0041F2
0041FE
004209
004215
004220
00422C
004237
004243
00424F
00425A
004266
004271
00427D
004288
004294
0042A0
0042AB
0042B7
0042C2
0042CE
0042DA
0042E5
0042F1
0042FC
004308
004314
00431F
00432B
004337
004342
00434E
00435A
004365
004371
00437D
004388
004394
0043A0
0043AC
0043B7
0043C3
0043CF
0043DA
0043E6
0043F2
0043FE
004409
004415
004421
00442D
004439
004444
004450
00445C
004468
004474
00447F
00448B
004497
0044A3
0044AF
0044BB
0044C6
0044D2
0044DE
0044EA
0044F6
004502
00450E
00451A
004525
004531
00453D
004549
004555
004561
00456D
004579
004585
004591
00459D
0045A9
0045B5
0045C1
0045CD
0045D9
0045E5
0045F1
0045FD
004609
004615
004621
00462D
004639
004645
004651
00465D
004669
004675
004681
00468D
004699
0046A5
0046B1
0046BD
0046CA
0046D6
0046E2
0046EE
0046FA
004706
004712
00471E
00472B
004737
004743
00474F
00475B
004767
004774
004780
00478C
004798
0047A4
0047B1
0047BD
0047C9
0047D5
0047E2
0047EE
0047FA
004806
004813
00481F
00482B
004837
004844
004850
00485C
004869
004875
004881
00488D
00489A
0048A6
0048B2
0048BF
0048CB
0048D8
0048E4
0048F0
0048FD
004909
004915
004922
00492E
00493B
004947
004953
004960
00496C
004979
004985
004992
00499E
0049AA
0049B7
0049C3
0049D0
0049DC
0049E9
0049F5
004A02
004A0E
004A1B
004A27
004A34
004A40
004A4D
004A5A
004A66
004A73
004A7F
004A8C
004A98
004AA5
004AB1
004ABE
004ACB
004AD7
004AE4
004AF1
004AFD
004B0A
004B16
004B23
004B30
004B3C
004B49
004B56
004B62
004B6F
004B7C
004B88
004B95
004BA2
004BAE
004BBB
004BC8
004BD5
004BE1
004BEE
004BFB
004C08
004C14
004C21
004C2E
004C3B
004C47
004C54
004C61
004C6E
004C7B
004C87
004C94
004CA1
004CAE
004CBB
004CC7
004CD4
004CE1
004CEE
004CFB
004D08
004D15
004D22
004D2E
004D3B
004D48
004D55
004D62
004D6F
004D7C
004D89
004D96
004DA3
004DB0
004DBD
004DCA
004DD7
004DE4
004DF0
004DFD
004E0A
004E17
004E24
004E31
004E3F
004E4C
004E59
004E66
004E73
004E80
004E8D
004E9A
004EA7
004EB4
004EC1
004ECE
004EDB
004EE8
004EF5
004F03
004F10
004F1D
004F2A
004F37
004F44
004F51
004F5E
004F6C
004F79
004F86
004F93
004FA0
004FAE
004FBB
004FC8
004FD5
004FE2
004FF0
004FFD
00500A
005017
005025
005032
00503F
00504C
00505A
005067
005074
005081
00508F
00509C
0050A9
0050B7
0050C4
0050D1
0050DF
0050EC
0050F9
005107
005114
005121
00512F
00513C
00514A
005157
005164
005172
00517F
00518D
00519A
0051A7
0051B5
0051C2
0051D0
0051DD
0051EB
0051F8
005206
005213
005221
00522E
00523C
005249
005257
005264
005272
00527F
00528D
00529A
0052A8
0052B5
0052C3
0052D1
0052DE
0052EC
0052F9
005307
005314
005322
005330
00533D
00534B
005359
005366
005374
005382
00538F
00539D
0053AB
0053B8
0053C6
0053D4
0053E1
0053EF
0053FD
00540A
005418
005426
005434
005441
00544F
00545D
00546B
005478
005486
005494
0054A2
0054B0
0054BD
0054CB
0054D9
0054E7
0054F5
005502
005510
00551E
00552C
00553A
005548
005556
005563
005571
00557F
00558D
00559B
0055A9
0055B7
0055C5
0055D3
0055E1
0055EF
0055FD
00560A
005618
005626
005634
005642
005650
00565E
00566C
00567A
005688
005696
0056A4
0056B2
0056C1
0056CF
0056DD
0056EB
0056F9
005707
005715
005723
005731
00573F
00574D
00575B
00576A
005778
005786
005794
0057A2
0057B0
0057BE
0057CD
0057DB
0057E9
0057F7
005805
005813
005822
005830
00583E
00584C
00585B
005869
005877
005885
005894
0058A2
0058B0
0058BE
0058CD
0058DB
0058E9
0058F8
005906
005914
005922
005931
00593F
00594E
00595C
00596A
005979
005987
005995
0059A4
0059B2
0059C0
0059CF
0059DD
0059EC
0059FA
005A09
005A17
005A25
005A34
005A42
005A51
005A5F
005A6E
005A7C
005A8B
005A99
005AA8
005AB6
005AC5
005AD3
005AE2
005AF0
005AFF
005B0D
005B1C
005B2B
005B39
005B48
005B56
005B65
005B74
005B82
005B91
005B9F
005BAE
005BBD
005BCB
005BDA
005BE9
005BF7
005C06
005C15
005C23
005C32
005C41
005C4F
005C5E
005C6D
005C7B
005C8A
005C99
005CA8
005CB6
005CC5
005CD4
005CE3
005CF1
005D00
005D0F
005D1E
005D2D
005D3B
005D4A
005D59
005D68
005D77
005D86
005D94
005DA3
005DB2
005DC1
005DD0
005DDF
005DEE
005DFD
005E0B
005E1A
005E29
005E38
005E47
005E56
005E65
005E74
005E83
005E92
005EA1
005EB0
005EBF
005ECE
005EDD
005EEC
005EFB
005F0A
005F19
005F28
005F37
005F46
005F55
005F64
005F73
005F82
005F91
005FA0
005FB0
005FBF
005FCE
005FDD
005FEC
005FFB
00600A
006019
006029
006038
006047
006056
006065
006074
006084
006093
0060A2
0060B1
0060C0
0060D0
0060DF
0060EE
0060FD
00610D
00611C
00612B
00613A
00614A
006159
006168
006178
006187
006196
0061A6
0061B5
0061C4
0061D4
0061E3
0061F2
006202
006211
006220
006230
00623F
00624F
00625E
00626D
00627D
00628C
00629C
0062AB
0062BB
0062CA
0062DA
0062E9
0062F8
006308
006317
006327
006336
006346
006355
006365
006375
006384
006394
0063A3
0063B3
0063C2
0063D2
0063E1
0063F1
006401
006410
006420
006430
00643F
00644F
00645E
00646E
00647E
00648D
00649D
0064AD
0064BC
0064CC
0064DC
0064EB
0064FB
00650B
00651B
00652A
00653A
00654A
00655A
006569
006579
006589
006599
0065A8
0065B8
0065C8
0065D8
0065E8
0065F8
006607
006617
006627
006637
006647
006657
006667
006676
006686
006696
0066A6
0066B6
0066C6
0066D6
0066E6
0066F6
006706
006716
006726
006736
006746
006756
006765
006775
006785
006796
0067A6
0067B6
0067C6
0067D6
0067E6
0067F6
006806
006816
006826
006836
006846
006856
006866
006876
006887
006897
0068A7
0068B7
0068C7
0068D7
0068E7
0068F8
006908
006918
006928
006938
006949
006959
006969
006979
006989
00699A
0069AA
0069BA
0069CA
0069DB
0069EB
0069FB
006A0C
006A1C
006A2C
006A3D
006A4D
006A5D
006A6E
006A7E
006A8E
006A9F
006AAF
006ABF
006AD0
006AE0
006AF0
006B01
006B11
006B22
006B32
006B43
006B53
006B63
006B74
006B84
006B95
006BA5
006BB6
006BC6
006BD7
006BE7
006BF8
006C08
006C19
006C29
006C3A
006C4B
006C5B
006C6C
006C7C
006C8D
006C9D
006CAE
006CBF
006CCF
006CE0
006CF0
006D01
006D12
006D22
006D33
006D44
006D54
006D65
006D76
006D86
006D97
006DA8
006DB9
006DC9
006DDA
006DEB
006DFB
006E0C
006E1D
006E2E
006E3F
006E4F
006E60
006E71
006E82
006E92
006EA3
006EB4
006EC5
006ED6
006EE7
006EF8
006F08
006F19
006F2A
006F3B
006F4C
006F5D
006F6E
006F7F
006F90
006FA0
006FB1
006FC2
006FD3
006FE4
006FF5
007006
007017
007028
007039
00704A
00705B
00706C
00707D
00708E
00709F
0070B0
0070C1
0070D3
0070E4
0070F5
007106
007117
007128
007139
00714A
00715B
00716C
00717E
00718F
0071A0
0071B1
0071C2
0071D3
0071E5
0071F6
007207
007218
007229
00723B
00724C
00725D
00726E
007280
007291
0072A2
0072B3
0072C5
0072D6
0072E7
0072F9
00730A
00731B
00732D
00733E
00734F
007361
007372
007383
007395
0073A6
0073B8
0073C9
0073DA
0073EC
0073FD
00740F
007420
007432
007443
007454
007466
007477
007489
00749A
0074AC
0074BD
0074CF
0074E0
0074F2
007503
007515
007527
007538
00754A
00755B
00756D
00757E
007590
0075A2
0075B3
0075C5
0075D7
0075E8
0075FA
00760C
00761D
00762F
007641
007652
007664
007676
007687
007699
0076AB
0076BC
0076CE
0076E0
0076F2
007704
007715
007727
007739
00774B
00775C
00776E
007780
007792
0077A4
0077B6
0077C7
0077D9
0077EB
0077FD
00780F
007821
007833
007845
007856
007868
00787A
00788C
00789E
0078B0
0078C2
0078D4
0078E6
0078F8
00790A
00791C
00792E
007940
007952
007964
007976
007988
00799A
0079AC
0079BE
0079D0
0079E3
0079F5
007A07
007A19
007A2B
007A3D
007A4F
007A61
007A74
007A86
007A98
007AAA
007ABC
007ACE
007AE1
007AF3
007B05
007B17
007B29
007B3C
007B4E
007B60
007B72
007B85
007B97
007BA9
007BBC
007BCE
007BE0
007BF2
007C05
007C17
007C29
007C3C
007C4E
007C61
007C73
007C85
007C98
007CAA
007CBC
007CCF
007CE1
007CF4
007D06
007D19
007D2B
007D3D
007D50
007D62
007D75
007D87
007D9A
007DAC
007DBF
007DD1
007DE4
007DF7
007E09
007E1C
007E2E
007E41
007E53
007E66
007E79
007E8B
007E9E
007EB0
007EC3
007ED6
007EE8
007EFB
007F0E
007F20
007F33
007F46
007F58
007F6B
007F7E
007F90
007FA3
007FB6
007FC9
007FDB
007FEE
008001
008014
008026
008039
00804C
00805F
008072
008084
008097
0080AA
0080BD
0080D0
0080E3
0080F6
008108
00811B
00812E
008141
008154
008167
00817A
00818D
0081A0
0081B3
0081C6
0081D9
0081EC
0081FF
008212
008225
008238
00824B
00825E
008271
008284
008297
0082AA
0082BD
0082D0
0082E3
0082F6
008309
00831C
00832F
008343
008356
008369
00837C
00838F
0083A2
0083B5
0083C9
0083DC
0083EF
008402
008415
008429
00843C
00844F
008462
008476
008489
00849C
0084AF
0084C3
0084D6
0084E9
0084FD
008510
008523
008537
00854A
00855D
008571
008584
008597
0085AB
0085BE
0085D2
0085E5
0085F9
00860C
00861F
008633
008646
00865A
00866D
008681
008694
0086A8
0086BB
0086CF
0086E2
0086F6
008709
00871D
008730
008744
008758
00876B
00877F
008792
0087A6
0087BA
0087CD
0087E1
0087F4
008808
00881C
00882F
008843
008857
00886A
00887E
008892
0088A6
0088B9
0088CD
0088E1
0088F4
008908
00891C
008930
008944
008957
00896B
00897F
008993
0089A7
0089BA
0089CE
0089E2
0089F6
008A0A
008A1E
008A32
008A45
008A59
008A6D
008A81
008A95
008AA9
008ABD
008AD1
008AE5
008AF9
008B0D
008B21
008B35
008B49
008B5D
008B71
008B85
008B99
008BAD
008BC1
008BD5
008BE9
008BFD
008C11
008C25
008C39
008C4E
008C62
008C76
008C8A
008C9E
008CB2
008CC6
008CDB
008CEF
008D03
008D17
008D2B
008D40
008D54
008D68
008D7C
008D91
008DA5
008DB9
008DCD
008DE2
008DF6
008E0A
008E1F
008E33
008E47
008E5C
008E70
008E84
008E99
008EAD
008EC1
008ED6
008EEA
008EFE
008F13
008F27
008F3C
008F50
008F65
008F79
008F8E
008FA2
008FB7
008FCB
008FDF
008FF4
009009
00901D
009032
009046
00905B
00906F
009084
009098
0090AD
0090C2
0090D6
0090EB
0090FF
009114
009129
00913D
009152
009167
00917B
009190
0091A5
0091B9
0091CE
0091E3
0091F8
00920C
009221
009236
00924A
00925F
009274
009289
00929E
0092B2
0092C7
0092DC
0092F1
009306
00931B
00932F
009344
009359
00936E
009383
009398
0093AD
0093C2
0093D7
0093EC
009400
009415
00942A
00943F
009454
009469
00947E
009493
0094A8
0094BD
0094D2
0094E7
0094FC
009512
009527
00953C
009551
009566
00957B
009590
0095A5
0095BA
0095CF
0095E5
0095FA
00960F
009624
009639
00964E
009664
009679
00968E
0096A3
0096B9
0096CE
0096E3
0096F8
00970E
009723
009738
00974D
009763
009778
00978D
0097A3
0097B8
0097CD
0097E3
0097F8
00980E
009823
009838
00984E
009863
009879
00988E
0098A3
0098B9
0098CE
0098E4
0098F9
00990F
009924
00993A
00994F
009965
00997A
009990
0099A5
0099BB
0099D0
0099E6
0099FC
009A11
009A27
009A3C
009A52
009A68
009A7D
009A93
009AA9
009ABE
009AD4
009AEA
009AFF
009B15
009B2B
009B40
009B56
009B6C
009B82
009B97
009BAD
009BC3
009BD9
009BEF
009C04
009C1A
009C30
009C46
009C5C
009C71
009C87
009C9D
009CB3
009CC9
009CDF
009CF5
009D0B
009D21
009D37
009D4C
009D62
009D78
009D8E
009DA4
009DBA
009DD0
009DE6
009DFC
009E12
009E28
009E3E
009E54
009E6A
009E81
009E97
009EAD
009EC3
009ED9
009EEF
009F05
009F1B
009F31
009F47
009F5E
009F74
009F8A
009FA0
009FB6
009FCD
009FE3
009FF9
00A00F
00A025
00A03C
00A052
00A068
00A07F
00A095
00A0AB
00A0C1
00A0D8
00A0EE
00A104
00A11B
00A131
00A147
00A15E
00A174
00A18B
00A1A1
00A1B7
00A1CE
00A1E4
00A1FB
00A211
00A227
00A23E
00A254
00A26B
00A281
00A298
00A2AE
00A2C5
00A2DB
00A2F2
00A308
00A31F
00A336
00A34C
00A363
00A379
00A390
00A3A7
00A3BD
00A3D4
00A3EA
00A401
00A418
00A42E
00A445
00A45C
00A472
00A489
00A4A0
00A4B7
00A4CD
00A4E4
00A4FB
00A512
00A528
00A53F
00A556
00A56D
00A583
00A59A
00A5B1
00A5C8
00A5DF
00A5F6
00A60D
00A623
00A63A
00A651
00A668
00A67F
00A696
00A6AD
00A6C4
00A6DB
00A6F2
00A709
00A720
00A737
00A74E
00A765
00A77C
00A793
00A7AA
00A7C1
00A7D8
00A7EF
00A806
00A81D
00A834
00A84B
00A862
00A879
00A890
00A8A8
00A8BF
00A8D6
00A8ED
00A904
00A91B
00A933
00A94A
00A961
00A978
00A98F
00A9A7
00A9BE
00A9D5
00A9EC
00AA04
00AA1B
00AA32
00AA4A
00AA61
00AA78
00AA90
00AAA7
00AABE
00AAD6
00AAED
00AB04
00AB1C
00AB33
00AB4B
00AB62
00AB79
00AB91
00ABA8
00ABC0
00ABD7
00ABEF
00AC06
00AC1E
00AC35
00AC4D
00AC64
00AC7C
00AC93
00ACAB
00ACC2
00ACDA
00ACF2
00AD09
00AD21
00AD38
00AD50
00AD68
00AD7F
00AD97
00ADAF
00ADC6
00ADDE
00ADF6
00AE0D
00AE25
00AE3D
00AE54
00AE6C
00AE84
00AE9C
00AEB3
00AECB
00AEE3
00AEFB
00AF13
00AF2A
00AF42
00AF5A
00AF72
00AF8A
00AFA2
00AFB9
00AFD1
00AFE9
00B001
00B019
00B031
00B049
00B061
00B079
00B091
00B0A9
00B0C1
00B0D9
00B0F1
00B109
00B121
00B139
00B151
00B169
00B181
00B199
00B1B1
00B1C9
00B1E1
00B1F9
00B211
00B22A
00B242
00B25A
00B272
00B28A
00B2A2
00B2BA
00B2D3
00B2EB
00B303
00B31B
00B334
00B34C
00B364
00B37C
00B395
00B3AD
00B3C5
00B3DD
00B3F6
00B40E
00B426
00B43F
00B457
00B46F
00B488
00B4A0
00B4B9
00B4D1
00B4E9
00B502
00B51A
00B533
00B54B
00B564
00B57C
00B595
00B5AD
00B5C5
00B5DE
00B5F7
00B60F
00B628
00B640
00B659
00B671
00B68A
00B6A2
00B6BB
00B6D4
00B6EC
00B705
00B71D
00B736
00B74F
00B767
00B780
00B799
00B7B2
00B7CA
00B7E3
00B7FC
00B814
00B82D
00B846
00B85F
00B877
00B890
00B8A9
00B8C2
00B8DB
00B8F3
00B90C
00B925
00B93E
00B957
00B970
00B989
00B9A1
00B9BA
00B9D3
00B9EC
00BA05
00BA1E
00BA37
00BA50
00BA69
00BA82
00BA9B
00BAB4
00BACD
00BAE6
00BAFF
00BB18
00BB31
00BB4A
00BB63
00BB7C
00BB95
00BBAF
00BBC8
00BBE1
00BBFA
00BC13
00BC2C
00BC45
00BC5F
00BC78
00BC91
00BCAA
00BCC3
00BCDD
00BCF6
00BD0F
00BD28
00BD42
00BD5B
00BD74
00BD8D
00BDA7
00BDC0
00BDD9
00BDF3
00BE0C
00BE25
00BE3F
00BE58
00BE72
00BE8B
00BEA4
00BEBE
00BED7
00BEF1
00BF0A
00BF24
00BF3D
00BF57
00BF70
00BF8A
00BFA3
00BFBD
00BFD6
00BFF0
00C009
00C023
00C03C
00C056
00C06F
00C089
00C0A3
00C0BC
00C0D6
00C0F0
00C109
00C123
00C13D
00C156
00C170
00C18A
00C1A3
00C1BD
00C1D7
00C1F1
00C20A
00C224
00C23E
00C258
00C271
00C28B
00C2A5
00C2BF
00C2D9
00C2F3
00C30C
00C326
00C340
00C35A
00C374
00C38E
00C3A8
00C3C2
00C3DC
00C3F6
00C410
00C42A
00C444
00C45E
00C478
00C492
00C4AC
00C4C6
00C4E0
00C4FA
00C514
00C52E
00C548
00C562
00C57C
00C596
00C5B0
00C5CA
00C5E5
00C5FF
00C619
00C633
00C64D
00C668
00C682
00C69C
00C6B6
00C6D0
00C6EB
00C705
00C71F
00C739
00C754
00C76E
00C788
00C7A3
00C7BD
00C7D7
00C7F2
00C80C
00C826
00C841
00C85B
00C876
00C890
00C8AA
00C8C5
00C8DF
00C8FA
00C914
00C92F
00C949
00C964
00C97E
00C999
00C9B3
00C9CE
00C9E8
00CA03
00CA1E
00CA38
00CA53
00CA6D
00CA88
00CAA3
00CABD
00CAD8
00CAF3
00CB0D
00CB28
00CB43
00CB5D
00CB78
00CB93
00CBAD
00CBC8
00CBE3
00CBFE
00CC18
00CC33
00CC4E
00CC69
00CC84
00CC9E
00CCB9
00CCD4
00CCEF
00CD0A
00CD25
00CD40
00CD5B
00CD75
00CD90
00CDAB
00CDC6
00CDE1
00CDFC
00CE17
00CE32
00CE4D
00CE68
00CE83
00CE9E
00CEB9
00CED4
00CEEF
00CF0A
00CF25
00CF41
00CF5C
00CF77
00CF92
00CFAD
00CFC8
00CFE3
00CFFE
00D01A
00D035
00D050
00D06B
00D086
00D0A2
00D0BD
00D0D8
00D0F3
00D10F
00D12A
00D145
00D161
00D17C
00D197
00D1B3
00D1CE
00D1E9
00D205
00D220
00D23B
00D257
00D272
00D28E
00D2A9
00D2C5
00D2E0
00D2FB
00D317
00D332
00D34E
00D369
00D385
00D3A0
00D3BC
00D3D8
00D3F3
00D40F
00D42A
00D446
00D461
00D47D
00D499
00D4B4
00D4D0
00D4EC
00D507
00D523
00D53F
00D55A
00D576
00D592
00D5AE
00D5C9
00D5E5
00D601
00D61D
00D638
00D654
00D670
00D68C
00D6A8
00D6C4
00D6DF
00D6FB
00D717
00D733
00D74F
00D76B
00D787
00D7A3
00D7BF
00D7DB
00D7F6
00D812
00D82E
00D84A
00D866
00D882
00D89E
00D8BB
00D8D7
00D8F3
00D90F
00D92B
00D947
00D963
00D97F
00D99B
00D9B7
00D9D4
00D9F0
00DA0C
00DA28
00DA44
00DA60
00DA7D
00DA99
00DAB5
00DAD1
00DAEE
00DB0A
00DB26
00DB42
00DB5F
00DB7B
00DB97
00DBB4
00DBD0
00DBEC
00DC09
00DC25
00DC42
00DC5E
00DC7A
00DC97
00DCB3
00DCD0
00DCEC
00DD09
00DD25
00DD42
00DD5E
00DD7B
00DD97
00DDB4
00DDD0
00DDED
00DE09
00DE26
00DE42
00DE5F
00DE7C
00DE98
00DEB5
00DED2
00DEEE
00DF0B
00DF28
00DF44
00DF61
00DF7E
00DF9A
00DFB7
00DFD4
00DFF1
00E00D
00E02A
00E047
00E064
00E081
00E09D
00E0BA
00E0D7
00E0F4
00E111
00E12E
00E14A
00E167
00E184
00E1A1
00E1BE
00E1DB
00E1F8
00E215
00E232
00E24F
00E26C
00E289
00E2A6
00E2C3
00E2E0
00E2FD
00E31A
00E337
00E354
00E371
00E38F
00E3AC
00E3C9
00E3E6
00E403
00E420
00E43D
00E45B
00E478
00E495
00E4B2
00E4D0
00E4ED
00E50A
00E527
00E545
00E562
00E57F
00E59D
00E5BA
00E5D7
00E5F5
00E612
00E62F
00E64D
00E66A
00E687
00E6A5
00E6C2
00E6E0
00E6FD
00E71B
00E738
00E756
00E773
00E791
00E7AE
00E7CC
00E7E9
00E807
00E824
00E842
00E85F
00E87D
00E89B
00E8B8
00E8D6
00E8F4
00E911
00E92F
00E94D
00E96A
00E988
00E9A6
00E9C3
00E9E1
00E9FF
00EA1D
00EA3A
00EA58
00EA76
00EA94
00EAB2
00EACF
00EAED
00EB0B
00EB29
00EB47
00EB65
00EB83
00EBA0
00EBBE
00EBDC
00EBFA
00EC18
00EC36
00EC54
00EC72
00EC90
00ECAE
00ECCC
00ECEA
00ED08
00ED26
00ED44
00ED62
00ED80
00ED9F
00EDBD
00EDDB
00EDF9
00EE17
00EE35
00EE53
00EE72
00EE90
00EEAE
00EECC
00EEEA
00EF09
00EF27
00EF45
00EF63
00EF82
00EFA0
00EFBE
00EFDD
00EFFB
00F019
00F038
00F056
00F074
00F093
00F0B1
00F0D0
00F0EE
00F10C
00F12B
00F149
00F168
00F186
00F1A5
00F1C3
00F1E2
00F200
00F21F
00F23D
00F25C
00F27B
00F299
00F2B8
00F2D6
00F2F5
00F314
00F332
00F351
00F370
00F38E
00F3AD
00F3CC
00F3EA
00F409
00F428
00F446
00F465
00F484
00F4A3
00F4C2
00F4E0
00F4FF
00F51E
00F53D
00F55C
00F57B
00F599
00F5B8
00F5D7
00F5F6
00F615
00F634
00F653
00F672
00F691
00F6B0
00F6CF
00F6EE
00F70D
00F72C
00F74B
00F76A
00F789
00F7A8
00F7C7
00F7E6
00F805
00F825
00F844
00F863
00F882
00F8A1
00F8C0
00F8E0
00F8FF
00F91E
00F93D
00F95C
00F97C
00F99B
00F9BA
00F9DA
00F9F9
00FA18
00FA37
00FA57
00FA76
00FA95
00FAB5
00FAD4
00FAF4
00FB13
00FB32
00FB52
00FB71
00FB91
00FBB0
00FBD0
00FBEF
00FC0F
00FC2E
00FC4E
00FC6D
00FC8D
00FCAC
00FCCC
00FCEC
00FD0B
00FD2B
00FD4A
00FD6A
00FD8A
00FDA9
00FDC9
00FDE9
00FE08
00FE28
00FE48
00FE67
00FE87
00FEA7
00FEC7
00FEE7
00FF06
00FF26
00FF46
00FF66
00FF86
00FFA5
00FFC5
00FFE5
010005
010025
010045
010065
010085
0100A5
0100C5
0100E5
010104
010124
010144
010165
010185
0101A5
0101C5
0101E5
010205
010225
010245
010265
010285
0102A5
0102C5
0102E6
010306
010326
010346
010366
010387
0103A7
0103C7
0103E7
010408
010428
010448
010468
010489
0104A9
0104C9
0104EA
01050A
01052B
01054B
01056B
01058C
0105AC
0105CD
0105ED
01060E
01062E
01064E
01066F
01068F
0106B0
0106D1
0106F1
010712
010732
010753
010773
010794
0107B5
0107D5
0107F6
010817
010837
010858
010879
010899
0108BA
0108DB
0108FB
01091C
01093D
01095E
01097F
01099F
0109C0
0109E1
010A02
010A23
010A44
010A64
010A85
010AA6
010AC7
010AE8
010B09
010B2A
010B4B
010B6C
010B8D
010BAE
010BCF
010BF0
010C11
010C32
010C53
010C74
010C95
010CB6
010CD7
010CF9
010D1A
010D3B
010D5C
010D7D
010D9E
010DBF
010DE1
010E02
010E23
010E44
010E66
010E87
010EA8
010ECA
010EEB
010F0C
010F2D
010F4F
010F70
010F92
010FB3
010FD4
010FF6
011017
011039
01105A
01107B
01109D
0110BE
0110E0
011101
011123
011144
011166
011188
0111A9
0111CB
0111EC
01120E
011230
011251
011273
011294
0112B6
0112D8
0112F9
01131B
01133D
01135F
011380
0113A2
0113C4
0113E6
011407
011429
01144B
01146D
01148F
0114B1
0114D2
0114F4
011516
011538
01155A
01157C
01159E
0115C0
0115E2
011604
011626
011648
01166A
01168C
0116AE
0116D0
0116F2
011714
011736
011758
01177A
01179D
0117BF
0117E1
011803
011825
011847
01186A
01188C
0118AE
0118D0
0118F3
011915
011937
011959
01197C
01199E
0119C0
0119E3
011A05
011A27
011A4A
011A6C
011A8F
011AB1
011AD3
011AF6
011B18
011B3B
011B5D
011B80
011BA2
011BC5
011BE7
011C0A
011C2C
011C4F
011C72
011C94
011CB7
011CD9
011CFC
011D1F
011D41
011D64
011D87
011DA9
011DCC
011DEF
011E12
011E34
011E57
011E7A
011E9D
011EC0
011EE2
011F05
011F28
011F4B
011F6E
011F91
011FB4
011FD6
011FF9
01201C
01203F
012062
012085
0120A8
0120CB
0120EE
012111
012134
012157
01217A
01219D
0121C0
0121E4
012207
01222A
01224D
012270
012293
0122B6
0122DA
0122FD
012320
012343
012366
01238A
0123AD
0123D0
0123F4
012417
01243A
01245D
012481
0124A4
0124C8
0124EB
01250E
012532
012555
012579
01259C
0125BF
0125E3
012606
01262A
01264D
012671
012694
0126B8
0126DC
0126FF
012723
012746
01276A
01278E
0127B1
0127D5
0127F9
01281C
012840
012864
012887
0128AB
0128CF
0128F3
012916
01293A
01295E
012982
0129A6
0129C9
0129ED
012A11
012A35
012A59
012A7D
012AA1
012AC5
012AE9
012B0C
012B30
012B54
012B78
012B9C
012BC0
012BE4
012C08
012C2D
012C51
012C75
012C99
012CBD
012CE1
012D05
012D29
012D4D
012D72
012D96
012DBA
012DDE
012E02
012E27
012E4B
012E6F
012E94
012EB8
012EDC
012F00
012F25
012F49
012F6D
012F92
012FB6
012FDB
012FFF
013023
013048
01306C
013091
0130B5
0130DA
0130FE
013123
013147
01316C
013190
0131B5
0131DA
0131FE
013223
013247
01326C
013291
0132B5
0132DA
0132FF
013323
013348
01336D
013392
0133B6
0133DB
013400
013425
01344A
01346E
013493
0134B8
0134DD
013502
013527
01354C
013570
013595
0135BA
0135DF
013604
013629
01364E
013673
013698
0136BD
0136E2
013707
01372D
013752
013777
01379C
0137C1
0137E6
01380B
013830
013856
01387B
0138A0
0138C5
0138EA
013910
013935
01395A
013980
0139A5
0139CA
0139EF
013A15
013A3A
013A60
013A85
013AAA
013AD0
013AF5
013B1B
013B40
013B66
013B8B
013BB0
013BD6
013BFC
013C21
013C47
013C6C
013C92
013CB7
013CDD
013D03
013D28
013D4E
013D73
013D99
013DBF
013DE4
013E0A
013E30
013E56
013E7B
013EA1
013EC7
013EED
013F13
013F38
013F5E
013F84
013FAA
013FD0
013FF6
01401C
014041
014067
01408D
0140B3
0140D9
0140FF
014125
01414B
014171
014197
0141BD
0141E3
014209
014230
014256
01427C
0142A2
0142C8
0142EE
014314
01433A
014361
014387
0143AD
0143D3
0143FA
014420
014446
01446C
014493
0144B9
0144DF
014506
01452C
014552
014579
01459F
0145C6
0145EC
014613
014639
01465F
014686
0146AC
0146D3
0146FA
014720
014747
01476D
014794
0147BA
0147E1
014808
01482E
014855
01487C
0148A2
0148C9
0148F0
014916
01493D
014964
01498B
0149B1
0149D8
0149FF
014A26
014A4D
014A73
014A9A
014AC1
014AE8
014B0F
014B36
014B5D
014B84
014BAB
014BD2
014BF9
014C20
014C47
014C6E
014C95
014CBC
014CE3
014D0A
014D31
014D58
014D7F
014DA6
014DCD
014DF5
014E1C
014E43
014E6A
014E91
014EB9
014EE0
014F07
014F2E
014F56
014F7D
014FA4
014FCC
014FF3
01501A
015042
015069
015090
0150B8
0150DF
015107
01512E
015156
01517D
0151A5
0151CC
0151F4
01521B
015243
01526A
015292
0152B9
0152E1
015309
015330
015358
015380
0153A7
0153CF
0153F7
01541E
015446
01546E
015496
0154BD
0154E5
01550D
015535
01555D
015585
0155AC
0155D4
0155FC
015624
01564C
015674
01569C
0156C4
0156EC
015714
01573C
015764
01578C
0157B4
0157DC
015804
01582C
015854
01587C
0158A4
0158CD
0158F5
01591D
015945
01596D
015996
0159BE
0159E6
015A0E
015A37
015A5F
015A87
015AAF
015AD8
015B00
015B28
015B51
015B79
015BA2
015BCA
015BF2
015C1B
015C43
015C6C
015C94
015CBD
015CE5
015D0E
015D36
015D5F
015D87
015DB0
015DD9
015E01
015E2A
015E53
015E7B
015EA4
015ECD
015EF5
015F1E
015F47
015F6F
015F98
015FC1
015FEA
016013
01603B
016064
01608D
0160B6
0160DF
016108
016131
016159
016182
0161AB
0161D4
0161FD
016226
01624F
016278
0162A1
0162CA
0162F3
01631C
016346
01636F
016398
0163C1
0163EA
016413
01643C
016465
01648F
0164B8
0164E1
01650A
016534
01655D
016586
0165AF
0165D9
016602
01662B
016655
01667E
0166A8
0166D1
0166FA
016724
01674D
016777
0167A0
0167CA
0167F3
01681D
016846
016870
016899
0168C3
0168ED
016916
016940
016969
016993
0169BD
0169E6
016A10
016A3A
016A64
016A8D
016AB7
016AE1
016B0B
016B34
016B5E
016B88
016BB2
016BDC
016C06
016C2F
016C59
016C83
016CAD
016CD7
016D01
016D2B
016D55
016D7F
016DA9
016DD3
016DFD
016E27
016E51
016E7B
016EA5
016ECF
016EFA
016F24
016F4E
016F78
016FA2
016FCC
016FF7
017021
01704B
017075
0170A0
0170CA
0170F4
01711F
017149
017173
01719E
0171C8
0171F2
01721D
017247
017272
01729C
0172C7
0172F1
01731C
017346
017371
01739B
0173C6
0173F0
01741B
017446
017470
01749B
0174C5
0174F0
01751B
017545
017570
01759B
0175C6
0175F0
01761B
017646
017671
01769B
0176C6
0176F1
01771C
017747
017772
01779D
0177C8
0177F2
01781D
017848
017873
01789E
0178C9
0178F4
01791F
01794A
017975
0179A1
0179CC
0179F7
017A22
017A4D
017A78
017AA3
017ACE
017AFA
017B25
017B50
017B7B
017BA7
017BD2
017BFD
017C28
017C54
017C7F
017CAA
017CD6
017D01
017D2D
017D58
017D83
017DAF
017DDA
017E06
017E31
017E5D
017E88
017EB4
017EDF
017F0B
017F36
017F62
017F8E
017FB9
017FE5
018010
01803C
018068
018093
0180BF
0180EB
018117
018142
01816E
01819A
0181C6
0181F1
01821D
018249
018275
0182A1
0182CD
0182F9
018325
018350
01837C
0183A8
0183D4
018400
01842C
018458
018484
0184B0
0184DD
018509
018535
018561
01858D
0185B9
0185E5
018611
01863E
01866A
018696
0186C2
0186EE
01871B
018747
018773
0187A0
0187CC
0187F8
018825
018851
01887D
0188AA
0188D6
018903
01892F
01895C
018988
0189B4
0189E1
018A0D
018A3A
018A67
018A93
018AC0
018AEC
018B19
018B46
018B72
018B9F
018BCC
018BF8
018C25
018C52
018C7E
018CAB
018CD8
018D05
018D31
018D5E
018D8B
018DB8
018DE5
018E12
018E3F
018E6B
018E98
018EC5
018EF2
018F1F
018F4C
018F79
018FA6
018FD3
019000
01902D
01905A
019087
0190B5
0190E2
01910F
01913C
019169
019196
0191C3
0191F1
01921E
01924B
019278
0192A6
0192D3
019300
01932E
01935B
019388
0193B6
0193E3
019410
01943E
01946B
019499
0194C6
0194F4
019521
01954F
01957C
0195AA
0195D7
019605
019632
019660
01968E
0196BB
0196E9
019716
019744
019772
0197A0
0197CD
0197FB
019829
019856
019884
0198B2
0198E0
01990E
01993C
019969
019997
0199C5
0199F3
019A21
019A4F
019A7D
019AAB
019AD9
019B07
019B35
019B63
019B91
019BBF
019BED
019C1B
019C49
019C77
019CA6
019CD4
019D02
019D30
019D5E
019D8C
019DBB
019DE9
019E17
019E45
019E74
019EA2
019ED0
019EFF
019F2D
019F5C
019F8A
019FB8
019FE7
01A015
01A044
01A072
01A0A1
01A0CF
01A0FE
01A12C
01A15B
01A189
01A1B8
01A1E6
01A215
01A244
01A272
01A2A1
01A2D0
01A2FE
01A32D
01A35C
01A38A
01A3B9
01A3E8
01A417
01A446
01A474
01A4A3
01A4D2
01A501
01A530
01A55F
01A58E
01A5BC
01A5EB
01A61A
01A649
01A678
01A6A7
01A6D6
01A705
01A734
01A764
01A793
01A7C2
01A7F1
01A820
01A84F
01A87E
01A8AD
01A8DD
01A90C
01A93B
01A96A
01A99A
01A9C9
01A9F8
01AA27
01AA57
01AA86
01AAB5
01AAE5
01AB14
01AB44
01AB73
01ABA2
01ABD2
01AC01
01AC31
01AC60
01AC90
01ACBF
01ACEF
01AD1F
01AD4E
01AD7E
01ADAD
01ADDD
01AE0D
01AE3C
01AE6C
01AE9C
01AECB
01AEFB
01AF2B
01AF5A
01AF8A
01AFBA
01AFEA
01B01A
01B049
01B079
01B0A9
01B0D9
01B109
01B139
01B169
01B199
01B1C9
01B1F9
01B229
01B259
01B289
01B2B9
01B2E9
01B319
01B349
01B379
01B3A9
01B3D9
01B409
01B43A
01B46A
01B49A
01B4CA
01B4FA
01B52B
01B55B
01B58B
01B5BC
01B5EC
01B61C
01B64D
01B67D
01B6AD
01B6DE
01B70E
01B73F
01B76F
01B79F
01B7D0
01B800
01B831
01B861
01B892
01B8C3
01B8F3
01B924
01B954
01B985
01B9B6
01B9E6
01BA17
01BA48
01BA78
01BAA9
01BADA
01BB0B
01BB3B
01BB6C
01BB9D
01BBCE
01BBFF
01BC2F
01BC60
01BC91
01BCC2
01BCF3
01BD24
01BD55
01BD86
01BDB7
01BDE8
01BE19
01BE4A
01BE7B
01BEAC
01BEDD
01BF0E
01BF3F
01BF70
01BFA1
01BFD3
01C004
01C035
01C066
01C097
01C0C9
01C0FA
01C12B
01C15C
01C18E
01C1BF
01C1F0
01C222
01C253
01C285
01C2B6
01C2E7
01C319
01C34A
01C37C
01C3AD
01C3DF
01C410
01C442
01C473
01C4A5
01C4D6
01C508
01C53A
01C56B
01C59D
01C5CF
01C600
01C632
01C664
01C695
01C6C7
01C6F9
01C72B
01C75D
01C78E
01C7C0
01C7F2
01C824
01C856
01C888
01C8BA
01C8EC
01C91D
01C94F
01C981
01C9B3
01C9E5
01CA17
01CA4A
01CA7C
01CAAE
01CAE0
01CB12
01CB44
01CB76
01CBA8
01CBDA
01CC0D
01CC3F
01CC71
01CCA3
01CCD6
01CD08
01CD3A
01CD6D
01CD9F
01CDD1
01CE04
01CE36
01CE68
01CE9B
01CECD
01CF00
01CF32
01CF65
01CF97
01CFCA
01CFFC
01D02F
01D061
01D094
01D0C6
01D0F9
01D12C
01D15E
01D191
01D1C4
01D1F6
01D229
01D25C
01D28E
01D2C1
01D2F4
01D327
01D35A
01D38C
01D3BF
01D3F2
01D425
01D458
01D48B
01D4BE
01D4F1
01D524
01D557
01D58A
01D5BD
01D5F0
01D623
01D656
01D689
01D6BC
01D6EF
01D722
01D755
01D788
01D7BC
01D7EF
01D822
01D855
01D889
01D8BC
01D8EF
01D922
01D956
01D989
01D9BC
01D9F0
01DA23
01DA57
01DA8A
01DABD
01DAF1
01DB24
01DB58
01DB8B
01DBBF
01DBF2
01DC26
01DC59
01DC8D
01DCC1
01DCF4
01DD28
01DD5C
01DD8F
01DDC3
01DDF7
01DE2A
01DE5E
01DE92
01DEC6
01DEF9
01DF2D
01DF61
01DF95
01DFC9
01DFFD
01E030
01E064
01E098
01E0CC
01E100
01E134
01E168
01E19C
01E1D0
01E204
01E238
01E26C
01E2A0
01E2D5
01E309
01E33D
01E371
01E3A5
01E3D9
01E40E
01E442
01E476
01E4AA
01E4DF
01E513
01E547
01E57C
01E5B0
01E5E4
01E619
01E64D
01E681
01E6B6
01E6EA
01E71F
01E753
01E788
01E7BC
01E7F1
01E825
01E85A
01E88F
01E8C3
01E8F8
01E92C
01E961
01E996
01E9CA
01E9FF
01EA34
01EA69
01EA9D
01EAD2
01EB07
01EB3C
01EB71
01EBA5
01EBDA
01EC0F
01EC44
01EC79
01ECAE
01ECE3
01ED18
01ED4D
01ED82
01EDB7
01EDEC
01EE21
01EE56
01EE8B
01EEC0
01EEF5
01EF2A
01EF60
01EF95
01EFCA
01EFFF
01F034
01F06A
01F09F
01F0D4
01F109
01F13F
01F174
01F1A9
01F1DF
01F214
01F24A
01F27F
01F2B4
01F2EA
01F31F
01F355
01F38A
01F3C0
01F3F5
01F42B
01F460
01F496
01F4CC
01F501
01F537
01F56D
01F5A2
01F5D8
01F60E
01F643
01F679
01F6AF
01F6E5
01F71A
01F750
01F786
01F7BC
01F7F2
01F828
01F85E
01F894
01F8C9
01F8FF
01F935
01F96B
01F9A1
01F9D7
01FA0D
01FA43
01FA7A
01FAB0
01FAE6
01FB1C
01FB52
01FB88
01FBBE
01FBF5
01FC2B
01FC61
01FC97
01FCCE
01FD04
01FD3A
01FD70
01FDA7
01FDDD
01FE13
01FE4A
01FE80
01FEB7
01FEED
01FF24
01FF5A
01FF91
01FFC7
01FFFE
020034
02006B
0200A1
0200D8
02010F
020145
02017C
0201B2
0201E9
020220
020257
02028D
0202C4
0202FB
020332
020368
02039F
0203D6
02040D
020444
02047B
0204B2
0204E9
020520
020557
02058E
0205C5
0205FC
020633
02066A
0206A1
0206D8
02070F
020746
02077D
0207B4
0207EC
020823
02085A
020891
0208C9
020900
020937
02096E
0209A6
0209DD
020A14
020A4C
020A83
020ABB
020AF2
020B29
020B61
020B98
020BD0
020C07
020C3F
020C77
020CAE
020CE6
020D1D
020D55
020D8D
020DC4
020DFC
020E34
020E6B
020EA3
020EDB
020F13
020F4A
020F82
020FBA
020FF2
02102A
021062
021099
0210D1
021109
021141
021179
0211B1
0211E9
021221
021259
021291
0212C9
021301
02133A
021372
0213AA
0213E2
02141A
021452
02148B
0214C3
0214FB
021533
02156C
0215A4
0215DC
021615
02164D
021685
0216BE
0216F6
02172F
021767
02179F
0217D8
021810
021849
021882
0218BA
0218F3
02192B
021964
02199C
0219D5
021A0E
021A46
021A7F
021AB8
021AF1
021B29
021B62
021B9B
021BD4
021C0D
021C45
021C7E
021CB7
021CF0
021D29
021D62
021D9B
021DD4
021E0D
021E46
021E7F
021EB8
021EF1
021F2A
021F63
021F9C
021FD5
02200F
022048
022081
0220BA
0220F3
02212D
022166
02219F
0221D8
022212
02224B
022284
0222BE
0222F7
022331
02236A
0223A3
0223DD
022416
022450
022489
0224C3
0224FD
022536
022570
0225A9
0225E3
02261D
022656
022690
0226CA
022703
02273D
022777
0227B1
0227EA
022824
02285E
022898
0228D2
02290C
022946
02297F
0229B9
0229F3
022A2D
022A67
022AA1
022ADB
022B15
022B4F
022B8A
022BC4
022BFE
022C38
022C72
022CAC
022CE6
022D21
022D5B
022D95
022DCF
022E0A
022E44
022E7E
022EB9
022EF3
022F2D
022F68
022FA2
022FDD
023017
023052
02308C
0230C7
023101
02313C
023176
0231B1
0231EB
023226
023261
02329B
0232D6
023311
02334B
023386
0233C1
0233FC
023436
023471
0234AC
0234E7
023522
02355D
023597
0235D2
02360D
023648
023683
0236BE
0236F9
023734
02376F
0237AA
0237E5
023820
02385C
023897
0238D2
02390D
023948
023983
0239BF
0239FA
023A35
023A70
023AAC
023AE7
023B22
023B5E
023B99
023BD5
023C10
023C4B
023C87
023CC2
023CFE
023D39
023D75
023DB0
023DEC
023E28
023E63
023E9F
023EDA
023F16
023F52
023F8D
023FC9
024005
024041
02407C
0240B8
0240F4
024130
02416C
0241A8
0241E3
02421F
02425B
024297
0242D3
02430F
02434B
024387
0243C3
0243FF
02443B
024477
0244B3
0244F0
02452C
024568
0245A4
0245E0
02461C
024659
024695
0246D1
02470E
02474A
024786
0247C3
0247FF
02483B
024878
0248B4
0248F1
02492D
02496A
0249A6
0249E3
024A1F
024A5C
024A98
024AD5
024B11
024B4E
024B8B
024BC7
024C04
024C41
024C7E
024CBA
024CF7
024D34
024D71
024DAD
024DEA
024E27
024E64
024EA1
024EDE
024F1B
024F58
024F95
024FD2
02500F
02504C
025089
0250C6
025103
025140
02517D
0251BA
0251F7
025235
025272
0252AF
0252EC
02532A
025367
0253A4
0253E1
02541F
02545C
02549A
0254D7
025514
025552
02558F
0255CD
02560A
025648
025685
0256C3
025700
02573E
02577B
0257B9
0257F7
025834
025872
0258B0
0258EE
02592B
025969
0259A7
0259E5
025A22
025A60
025A9E
025ADC
025B1A
025B58
025B96
025BD4
025C12
025C50
025C8E
025CCC
025D0A
025D48
025D86
025DC4
025E02
025E40
025E7E
025EBC
025EFB
025F39
025F77
025FB5
025FF4
026032
026070
0260AF
0260ED
02612B
02616A
0261A8
0261E7
026225
026263
0262A2
0262E0
02631F
02635D
02639C
0263DB
026419
026458
026496
0264D5
026514
026553
026591
0265D0
02660F
02664D
02668C
0266CB
02670A
026749
026788
0267C7
026805
026844
026883
0268C2
026901
026940
02697F
0269BE
0269FD
026A3D
026A7C
026ABB
026AFA
026B39
026B78
026BB7
026BF7
026C36
026C75
026CB4
026CF4
026D33
026D72
026DB2
026DF1
026E31
026E70
026EAF
026EEF
026F2E
026F6E
026FAD
026FED
02702C
02706C
0270AC
0270EB
02712B
02716A
0271AA
0271EA
027229
027269
0272A9
0272E9
027329
027368
0273A8
0273E8
027428
027468
0274A8
0274E8
027527
027567
0275A7
0275E7
027627
027668
0276A8
0276E8
027728
027768
0277A8
0277E8
027828
027869
0278A9
0278E9
027929
02796A
0279AA
0279EA
027A2A
027A6B
027AAB
027AEC
027B2C
027B6C
027BAD
027BED
027C2E
027C6E
027CAF
027CEF
027D30
027D71
027DB1
027DF2
027E32
027E73
027EB4
027EF5
027F35
027F76
027FB7
027FF8
028038
028079
0280BA
0280FB
02813C
02817D
0281BE
0281FF
028240
028281
0282C2
028303
028344
028385
0283C6
028407
028448
028489
0284CA
02850C
02854D
02858E
0285CF
028610
028652
028693
0286D4
028716
028757
028798
0287DA
02881B
02885D
02889E
0288E0
028921
028963
0289A4
0289E6
028A27
028A69
028AAB
028AEC
028B2E
028B70
028BB1
028BF3
028C35
028C77
028CB8
028CFA
028D3C
028D7E
028DC0
028E01
028E43
028E85
028EC7
028F09
028F4B
028F8D
028FCF
029011
029053
029095
0290D8
02911A
02915C
02919E
0291E0
029222
029265
0292A7
0292E9
02932B
02936E
0293B0
0293F2
029435
029477
0294B9
0294FC
02953E
029581
0295C3
029606
029648
02968B
0296CD
029710
029753
029795
0297D8
02981A
02985D
0298A0
0298E3
029925
029968
0299AB
0299EE
029A31
029A73
029AB6
029AF9
029B3C
029B7F
029BC2
029C05
029C48
029C8B
029CCE
029D11
029D54
029D97
029DDA
029E1D
029E60
029EA4
029EE7
029F2A
029F6D
029FB1
029FF4
02A037
02A07A
02A0BE
02A101
02A144
02A188
02A1CB
02A20F
02A252
02A296
02A2D9
02A31D
02A360
02A3A4
02A3E7
02A42B
02A46E
02A4B2
02A4F6
02A539
02A57D
02A5C1
02A605
02A648
02A68C
02A6D0
02A714
02A758
02A79B
02A7DF
02A823
02A867
02A8AB
02A8EF
02A933
02A977
02A9BB
02A9FF
02AA43
02AA87
02AACB
02AB0F
02AB54
02AB98
02ABDC
02AC20
02AC64
02ACA9
02ACED
02AD31
02AD76
02ADBA
02ADFE
02AE43
02AE87
02AECB
02AF10
02AF54
02AF99
02AFDD
02B022
02B066
02B0AB
02B0EF
02B134
02B179
02B1BD
02B202
02B247
02B28B
02B2D0
02B315
02B35A
02B39E
02B3E3
02B428
02B46D
02B4B2
02B4F7
02B53B
02B580
02B5C5
02B60A
02B64F
02B694
02B6D9
02B71E
02B763
02B7A9
02B7EE
02B833
02B878
02B8BD
02B902
02B947
02B98D
02B9D2
02BA17
02BA5D
02BAA2
02BAE7
02BB2D
02BB72
02BBB7
02BBFD
02BC42
02BC88
02BCCD
02BD13
02BD58
02BD9E
02BDE3
02BE29
02BE6E
02BEB4
02BEFA
02BF3F
02BF85
02BFCB
02C011
02C056
02C09C
02C0E2
02C128
02C16E
02C1B3
02C1F9
02C23F
02C285
02C2CB
02C311
02C357
02C39D
02C3E3
02C429
02C46F
02C4B5
02C4FB
02C541
02C588
02C5CE
02C614
02C65A
02C6A0
02C6E7
02C72D
02C773
02C7BA
02C800
02C846
02C88D
02C8D3
02C919
02C960
02C9A6
02C9ED
02CA33
02CA7A
02CAC0
02CB07
02CB4E
02CB94
02CBDB
02CC21
02CC68
02CCAF
02CCF5
02CD3C
02CD83
02CDCA
02CE11
02CE57
02CE9E
02CEE5
02CF2C
02CF73
02CFBA
02D001
02D048
02D08F
02D0D6
02D11D
02D164
02D1AB
02D1F2
02D239
02D280
02D2C7
02D30E
02D356
02D39D
02D3E4
02D42B
02D473
02D4BA
02D501
02D549
02D590
02D5D7
02D61F
02D666
02D6AE
02D6F5
02D73D
02D784
02D7CC
02D813
02D85B
02D8A2
02D8EA
02D932
02D979
02D9C1
02DA09
02DA50
02DA98
02DAE0
02DB28
02DB70
02DBB7
02DBFF
02DC47
02DC8F
02DCD7
02DD1F
02DD67
02DDAF
02DDF7
02DE3F
02DE87
02DECF
02DF17
02DF5F
02DFA7
02DFEF
02E038
02E080
02E0C8
02E110
02E158
02E1A1
02E1E9
02E231
02E27A
02E2C2
02E30A
02E353
02E39B
02E3E4
02E42C
02E475
02E4BD
02E506
02E54E
02E597
02E5DF
02E628
02E671
02E6B9
02E702
02E74B
02E793
02E7DC
02E825
02E86E
02E8B6
02E8FF
02E948
02E991
02E9DA
02EA23
02EA6C
02EAB5
02EAFE
02EB47
02EB90
02EBD9
02EC22
02EC6B
02ECB4
02ECFD
02ED46
02ED90
02EDD9
02EE22
02EE6B
02EEB4
02EEFE
02EF47
02EF90
02EFDA
02F023
02F06C
02F0B6
02F0FF
02F149
02F192
02F1DC
02F225
02F26F
02F2B8
02F302
02F34B
02F395
02F3DF
02F428
02F472
02F4BC
02F506
02F54F
02F599
02F5E3
02F62D
02F677
02F6C0
02F70A
02F754
02F79E
02F7E8
02F832
02F87C
02F8C6
02F910
02F95A
02F9A4
02F9EE
02FA38
02FA83
02FACD
02FB17
02FB61
02FBAB
02FBF6
02FC40
02FC8A
02FCD4
02FD1F
02FD69
02FDB4
02FDFE
02FE48
02FE93
02FEDD
02FF28
02FF72
02FFBD
030007
030052
03009C
0300E7
030132
03017C
0301C7
030212
03025D
0302A7
0302F2
03033D
030388
0303D2
03041D
030468
0304B3
0304FE
030549
030594
0305DF
03062A
030675
0306C0
03070B
030756
0307A1
0307EC
030838
030883
0308CE
030919
030965
0309B0
0309FB
030A46
030A92
030ADD
030B28
030B74
030BBF
030C0B
030C56
030CA2
030CED
030D39
030D84
030DD0
030E1B
030E67
030EB3
030EFE
030F4A
030F96
030FE2
03102D
031079
0310C5
031111
03115D
0311A8
0311F4
031240
03128C
0312D8
031324
031370
0313BC
031408
031454
0314A0
0314EC
031538
031585
0315D1
03161D
031669
0316B5
031702
03174E
03179A
0317E7
031833
03187F
0318CC
031918
031965
0319B1
0319FE
031A4A
031A97
031AE3
031B30
031B7C
031BC9
031C16
031C62
031CAF
031CFC
031D48
031D95
031DE2
031E2F
031E7B
031EC8
031F15
031F62
031FAF
031FFC
032049
032096
0320E3
032130
03217D
0321CA
032217
032264
0322B1
0322FE
03234B
032399
0323E6
032433
032480
0324CE
03251B
032568
0325B6
032603
032650
03269E
0326EB
032739
032786
0327D4
032821
03286F
0328BC
03290A
032957
0329A5
0329F3
032A40
032A8E
032ADC
032B2A
032B77
032BC5
032C13
032C61
032CAF
032CFC
032D4A
032D98
032DE6
032E34
032E82
032ED0
032F1E
032F6C
032FBA
033009
033057
0330A5
0330F3
033141
03318F
0331DE
03322C
03327A
0332C8
033317
033365
0333B4
033402
033450
03349F
0334ED
03353C
03358A
0335D9
033627
033676
0336C4
033713
033762
0337B0
0337FF
03384E
03389D
0338EB
03393A
033989
0339D8
033A27
033A75
033AC4
033B13
033B62
033BB1
033C00
033C4F
033C9E
033CED
033D3C
033D8B
033DDA
033E2A
033E79
033EC8
033F17
033F66
033FB6
034005
034054
0340A3
0340F3
034142
034192
0341E1
034230
034280
0342CF
03431F
03436E
0343BE
03440D
03445D
0344AD
0344FC
03454C
03459C
0345EB
03463B
03468B
0346DB
03472A
03477A
0347CA
03481A
03486A
0348BA
03490A
03495A
0349AA
0349FA
034A4A
034A9A
034AEA
034B3A
034B8A
034BDA
034C2A
034C7A
034CCB
034D1B
034D6B
034DBB
034E0C
034E5C
034EAC
034EFD
034F4D
034F9D
034FEE
03503E
03508F
0350DF
035130
035180
0351D1
035222
035272
0352C3
035313
035364
0353B5
035406
035456
0354A7
0354F8
035549
03559A
0355EA
03563B
03568C
0356DD
03572E
03577F
0357D0
035821
035872
0358C3
035914
035966
0359B7
035A08
035A59
035AAA
035AFB
035B4D
035B9E
035BEF
035C41
035C92
035CE3
035D35
035D86
035DD8
035E29
035E7B
035ECC
035F1E
035F6F
035FC1
036012
036064
0360B6
036107
036159
0361AB
0361FC
03624E
0362A0
0362F2
036344
036395
0363E7
036439
03648B
0364DD
03652F
036581
0365D3
036625
036677
0366C9
03671B
03676E
0367C0
036812
036864
0368B6
036909
03695B
0369AD
0369FF
036A52
036AA4
036AF7
036B49
036B9B
036BEE
036C40
036C93
036CE5
036D38
036D8A
036DDD
036E30
036E82
036ED5
036F28
036F7A
036FCD
037020
037073
0370C5
037118
03716B
0371BE
037211
037264
0372B7
03730A
03735D
0373B0
037403
037456
0374A9
0374FC
03754F
0375A2
0375F6
037649
03769C
0376EF
037743
037796
0377E9
03783C
037890
0378E3
037937
03798A
0379DE
037A31
037A85
037AD8
037B2C
037B7F
037BD3
037C26
037C7A
037CCE
037D21
037D75
037DC9
037E1D
037E70
037EC4
037F18
037F6C
037FC0
038014
038068
0380BC
038110
038164
0381B8
03820C
038260
0382B4
038308
03835C
0383B0
038404
038459
0384AD
038501
038555
0385AA
0385FE
038652
0386A7
0386FB
038750
0387A4
0387F8
03884D
0388A1
0388F6
03894B
03899F
0389F4
038A48
038A9D
038AF2
038B46
038B9B
038BF0
038C45
038C9A
038CEE
038D43
038D98
038DED
038E42
038E97
038EEC
038F41
038F96
038FEB
039040
039095
0390EA
03913F
039194
0391EA
03923F
039294
0392E9
03933E
039394
0393E9
03943E
039494
0394E9
03953F
039594
0395E9
03963F
039694
0396EA
039740
039795
0397EB
039840
039896
0398EC
039941
039997
0399ED
039A43
039A98
039AEE
039B44
039B9A
039BF0
039C46
039C9C
039CF2
039D48
039D9E
039DF4
039E4A
039EA0
039EF6
039F4C
039FA2
039FF8
03A04F
03A0A5
03A0FB
03A151
03A1A8
03A1FE
03A254
03A2AB
03A301
03A358
03A3AE
03A404
03A45B
03A4B1
03A508
03A55F
03A5B5
03A60C
03A662
03A6B9
03A710
03A766
03A7BD
03A814
03A86B
03A8C1
03A918
03A96F
03A9C6
03AA1D
03AA74
03AACB
03AB22
03AB79
03ABD0
03AC27
03AC7E
03ACD5
03AD2C
03AD83
03ADDA
03AE31
03AE89
03AEE0
03AF37
03AF8E
03AFE6
03B03D
03B094
03B0EC
03B143
03B19B
03B1F2
03B24A
03B2A1
03B2F9
03B350
03B3A8
03B3FF
03B457
03B4AF
03B506
03B55E
03B5B6
03B60D
03B665
03B6BD
03B715
03B76D
03B7C4
03B81C
03B874
03B8CC
03B924
03B97C
03B9D4
03BA2C
03BA84
03BADC
03BB34
03BB8C
03BBE5
03BC3D
03BC95
03BCED
03BD45
03BD9E
03BDF6
03BE4E
03BEA7
03BEFF
03BF57
03BFB0
03C008
03C061
03C0B9
03C112
03C16A
03C1C3
03C21B
03C274
03C2CD
03C325
03C37E
03C3D7
03C42F
03C488
03C4E1
03C53A
03C593
03C5EB
03C644
03C69D
03C6F6
03C74F
03C7A8
03C801
03C85A
03C8B3
03C90C
03C965
03C9BE
03CA18
03CA71
03CACA
03CB23
03CB7C
03CBD6
03CC2F
03CC88
03CCE2
03CD3B
03CD94
03CDEE
03CE47
03CEA1
03CEFA
03CF54
03CFAD
03D007
03D060
03D0BA
03D114
03D16D
03D1C7
03D221
03D27A
03D2D4
03D32E
03D388
03D3E2
03D43B
03D495
03D4EF
03D549
03D5A3
03D5FD
03D657
03D6B1
03D70B
03D765
03D7BF
03D819
03D874
03D8CE
03D928
03D982
03D9DC
03DA37
03DA91
03DAEB
03DB46
03DBA0
03DBFA
03DC55
03DCAF
03DD0A
03DD64
03DDBF
03DE19
03DE74
03DECF
03DF29
03DF84
03DFDE
03E039
03E094
03E0EF
03E149
03E1A4
03E1FF
03E25A
03E2B5
03E310
03E36B
03E3C5
03E420
03E47B
03E4D6
03E531
03E58D
03E5E8
03E643
03E69E
03E6F9
03E754
03E7AF
03E80B
03E866
03E8C1
03E91C
03E978
03E9D3
03EA2F
03EA8A
03EAE5
03EB41
03EB9C
03EBF8
03EC53
03ECAF
03ED0B
03ED66
03EDC2
03EE1D
03EE79
03EED5
03EF31
03EF8C
03EFE8
03F044
03F0A0
03F0FC
03F157
03F1B3
03F20F
03F26B
03F2C7
03F323
03F37F
03F3DB
03F437
03F494
03F4F0
03F54C
03F5A8
03F604
03F660
03F6BD
03F719
03F775
03F7D2
03F82E
03F88A
03F8E7
03F943
03F9A0
03F9FC
03FA59
03FAB5
03FB12
03FB6E
03FBCB
03FC27
03FC84
03FCE1
03FD3E
03FD9A
03FDF7
03FE54
03FEB1
03FF0D
03FF6A
03FFC7
040024
040081
0400DE
04013B
040198
0401F5
040252
0402AF
04030C
040369
0403C6
040424
040481
0404DE
04053B
040599
0405F6
040653
0406B1
04070E
04076B
0407C9
040826
040884
0408E1
04093F
04099C
0409FA
040A58
040AB5
040B13
040B71
040BCE
040C2C
040C8A
040CE8
040D45
040DA3
040E01
040E5F
040EBD
040F1B
040F79
040FD7
041035
041093
0410F1
04114F
0411AD
04120B
041269
0412C8
041326
041384
0413E2
041441
04149F
0414FD
04155C
0415BA
041618
041677
0416D5
041734
041792
0417F1
04184F
0418AE
04190D
04196B
0419CA
041A29
041A87
041AE6
041B45
041BA4
041C02
041C61
041CC0
041D1F
041D7E
041DDD
041E3C
041E9B
041EFA
041F59
041FB8
042017
042076
0420D5
042135
042194
0421F3
042252
0422B2
042311
042370
0423D0
04242F
04248E
0424EE
04254D
0425AD
04260C
04266C
0426CB
04272B
04278B
0427EA
04284A
0428AA
042909
042969
0429C9
042A29
042A88
042AE8
042B48
042BA8
042C08
042C68
042CC8
042D28
042D88
042DE8
042E48
042EA8
042F08
042F68
042FC8
043029
043089
0430E9
043149
0431AA
04320A
04326A
0432CB
04332B
04338C
0433EC
04344D
0434AD
04350E
04356E
0435CF
04362F
043690
0436F1
043751
0437B2
043813
043873
0438D4
043935
043996
0439F7
043A58
043AB9
043B1A
043B7B
043BDC
043C3D
043C9E
043CFF
043D60
043DC1
043E22
043E83
043EE4
043F46
043FA7
044008
044069
0440CB
04412C
04418E
0441EF
044250
0442B2
044313
044375
0443D6
044438
04449A
0444FB
04455D
0445BE
044620
044682
0446E4
044745
0447A7
044809
04486B
0448CD
04492F
044991
0449F2
044A54
044AB6
044B18
044B7B
044BDD
044C3F
044CA1
044D03
044D65
044DC7
044E2A
044E8C
044EEE
044F50
044FB3
045015
045078
0450DA
04513C
04519F
045201
045264
0452C6
045329
04538C
0453EE
045451
0454B4
045516
045579
0455DC
04563F
0456A1
045704
045767
0457CA
04582D
045890
0458F3
045956
0459B9
045A1C
045A7F
045AE2
045B45
045BA8
045C0B
045C6F
045CD2
045D35
045D98
045DFC
045E5F
045EC2
045F26
045F89
045FED
046050
0460B4
046117
04617B
0461DE
046242
0462A5
046309
04636D
0463D0
046434
046498
0464FC
04655F
0465C3
046627
04668B
0466EF
046753
0467B7
04681B
04687F
0468E3
046947
0469AB
046A0F
046A73
046AD7
046B3C
046BA0
046C04
046C68
046CCD
046D31
046D95
046DFA
046E5E
046EC3
046F27
046F8B
046FF0
047054
0470B9
04711E
047182
0471E7
04724C
0472B0
047315
04737A
0473DF
047443
0474A8
04750D
047572
0475D7
04763C
0476A1
047706
04776B
0477D0
047835
04789A
0478FF
047964
0479C9
047A2E
047A94
047AF9
047B5E
047BC4
047C29
047C8E
047CF4
047D59
047DBE
047E24
047E89
047EEF
047F54
047FBA
048020
048085
0480EB
048151
0481B6
04821C
048282
0482E7
04834D
0483B3
048419
04847F
0484E5
04854B
0485B1
048617
04867D
0486E3
048749
0487AF
048815
04887B
0488E1
048948
0489AE
048A14
048A7A
048AE1
048B47
048BAD
048C14
048C7A
048CE1
048D47
048DAE
048E14
048E7B
048EE1
048F48
048FAE
049015
04907C
0490E3
049149
0491B0
049217
04927E
0492E4
04934B
0493B2
049419
049480
0494E7
04954E
0495B5
04961C
049683
0496EA
049752
0497B9
049820
049887
0498EE
049956
0499BD
049A24
049A8C
049AF3
049B5A
049BC2
049C29
049C91
049CF8
049D60
049DC7
049E2F
049E97
049EFE
049F66
049FCE
04A035
04A09D
04A105
04A16D
04A1D5
04A23C
04A2A4
04A30C
04A374
04A3DC
04A444
04A4AC
04A514
04A57C
04A5E4
04A64C
04A6B5
04A71D
04A785
04A7ED
04A856
04A8BE
04A926
04A98E
04A9F7
04AA5F
04AAC8
04AB30
04AB99
04AC01
04AC6A
04ACD2
04AD3B
04ADA3
04AE0C
04AE75
04AEDD
04AF46
04AFAF
04B018
04B081
04B0E9
04B152
04B1BB
04B224
04B28D
04B2F6
04B35F
04B3C8
04B431
04B49A
04B503
04B56C
04B5D5
04B63F
04B6A8
04B711
04B77A
04B7E4
04B84D
04B8B6
04B920
04B989
04B9F3
04BA5C
04BAC5
04BB2F
04BB98
04BC02
04BC6C
04BCD5
04BD3F
04BDA9
04BE12
04BE7C
04BEE6
04BF50
04BFB9
04C023
04C08D
04C0F7
04C161
04C1CB
04C235
04C29F
04C309
04C373
04C3DD
04C447
04C4B1
04C51B
04C586
04C5F0
04C65A
04C6C4
04C72F
04C799
04C803
04C86E
04C8D8
04C942
04C9AD
04CA17
04CA82
04CAEC
04CB57
04CBC2
04CC2C
04CC97
04CD02
04CD6C
04CDD7
04CE42
04CEAD
04CF17
04CF82
04CFED
04D058
04D0C3
04D12E
04D199
04D204
04D26F
04D2DA
04D345
04D3B0
04D41B
04D487
04D4F2
04D55D
04D5C8
04D633
04D69F
04D70A
04D776
04D7E1
04D84C
04D8B8
04D923
04D98F
04D9FA
04DA66
04DAD1
04DB3D
04DBA9
04DC14
04DC80
04DCEC
04DD58
04DDC3
04DE2F
04DE9B
04DF07
04DF73
04DFDF
04E04B
04E0B6
04E122
04E18F
04E1FB
04E267
04E2D3
04E33F
04E3AB
04E417
04E483
04E4F0
04E55C
04E5C8
04E635
04E6A1
04E70D
04E77A
04E7E6
04E853
04E8BF
04E92C
04E998
04EA05
04EA71
04EADE
04EB4B
04EBB7
04EC24
04EC91
04ECFE
04ED6A
04EDD7
04EE44
04EEB1
04EF1E
04EF8B
04EFF8
04F065
04F0D2
04F13F
04F1AC
04F219
04F286
04F2F3
04F360
04F3CE
04F43B
04F4A8
04F515
04F583
04F5F0
04F65E
04F6CB
04F738
04F7A6
04F813
04F881
04F8EE
04F95C
04F9CA
04FA37
04FAA5
04FB13
04FB80
04FBEE
04FC5C
04FCCA
04FD37
04FDA5
04FE13
04FE81
04FEEF
04FF5D
04FFCB
050039
0500A7
050115
050183
0501F1
05025F
0502CE
05033C
0503AA
050418
050487
0504F5
050563
0505D2
050640
0506AF
05071D
05078B
0507FA
050869
0508D7
050946
0509B4
050A23
050A92
050B00
050B6F
050BDE
050C4D
050CBC
050D2A
050D99
050E08
050E77
050EE6
050F55
050FC4
051033
0510A2
051111
051181
0511F0
05125F
0512CE
05133D
0513AD
05141C
05148B
0514FB
05156A
0515D9
051649
0516B8
051728
051797
051807
051877
0518E6
051956
0519C5
051A35
051AA5
051B15
051B84
051BF4
051C64
051CD4
051D44
051DB4
051E24
051E94
051F04
051F74
051FE4
052054
0520C4
052134
0521A4
052214
052285
0522F5
052365
0523D6
052446
0524B6
052527
052597
052608
052678
0526E9
052759
0527CA
05283A
0528AB
05291C
05298C
0529FD
052A6E
052ADE
052B4F
052BC0
052C31
052CA2
052D13
052D84
052DF5
052E66
052ED7
052F48
052FB9
05302A
05309B
05310C
05317D
0531EF
053260
0532D1
053342
0533B4
053425
053497
053508
053579
0535EB
05365C
0536CE
05373F
0537B1
053823
053894
053906
053978
0539E9
053A5B
053ACD
053B3F
053BB1
053C23
053C94
053D06
053D78
053DEA
053E5C
053ECE
053F40
053FB3
054025
054097
054109
05417B
0541ED
054260
0542D2
054344
0543B7
054429
05449C
05450E
054580
0545F3
054665
0546D8
05474B
0547BD
054830
0548A3
054915
054988
0549FB
054A6E
054AE0
054B53
054BC6
054C39
054CAC
054D1F
054D92
054E05
054E78
054EEB
054F5E
054FD1
055044
0550B8
05512B
05519E
055211
055285
0552F8
05536B
0553DF
055452
0554C5
055539
0555AC
055620
055694
055707
05577B
0557EE
055862
0558D6
055949
0559BD
055A31
055AA5
055B19
055B8D
055C00
055C74
055CE8
055D5C
055DD0
055E44
055EB9
055F2D
055FA1
056015
056089
0560FD
056172
0561E6
05625A
0562CE
056343
0563B7
05642C
0564A0
056515
056589
0565FE
056672
0566E7
05675B
0567D0
056845
0568B9
05692E
0569A3
056A18
056A8D
056B01
056B76
056BEB
056C60
056CD5
056D4A
056DBF
056E34
056EA9
056F1E
056F94
057009
05707E
0570F3
057168
0571DE
057253
0572C8
05733E
0573B3
057429
05749E
057514
057589
0575FF
057674
0576EA
05775F
0577D5
05784B
0578C1
057936
0579AC
057A22
057A98
057B0E
057B83
057BF9
057C6F
057CE5
057D5B
057DD1
057E47
057EBE
057F34
057FAA
058020
058096
05810C
058183
0581F9
05826F
0582E6
05835C
0583D3
058449
0584BF
058536
0585AD
058623
05869A
058710
058787
0587FE
058874
0588EB
058962
0589D9
058A50
058AC6
058B3D
058BB4
058C2B
058CA2
058D19
058D90
058E07
058E7E
058EF5
058F6D
058FE4
05905B
0590D2
059149
0591C1
059238
0592AF
059327
05939E
059416
05948D
059505
05957C
0595F4
05966B
0596E3
05975B
0597D2
05984A
0598C2
059939
0599B1
059A29
059AA1
059B19
059B91
059C09
059C81
059CF9
059D71
059DE9
059E61
059ED9
059F51
059FC9
05A041
05A0BA
05A132
05A1AA
05A223
05A29B
05A313
05A38C
05A404
05A47D
05A4F5
05A56E
05A5E6
05A65F
05A6D7
05A750
05A7C9
05A841
05A8BA
05A933
05A9AC
05AA24
05AA9D
05AB16
05AB8F
05AC08
05AC81
05ACFA
05AD73
05ADEC
05AE65
05AEDE
05AF57
05AFD1
05B04A
05B0C3
05B13C
05B1B6
05B22F
05B2A8
05B322
05B39B
05B415
05B48E
05B508
05B581
05B5FB
05B674
05B6EE
05B767
05B7E1
05B85B
05B8D5
05B94E
05B9C8
05BA42
05BABC
05BB36
05BBB0
05BC2A
05BCA4
05BD1E
05BD98
05BE12
05BE8C
05BF06
05BF80
05BFFA
05C074
05C0EF
05C169
05C1E3
05C25E
05C2D8
05C352
05C3CD
05C447
05C4C2
05C53C
05C5B7
05C631
05C6AC
05C726
05C7A1
05C81C
05C897
05C911
05C98C
05CA07
05CA82
05CAFD
05CB77
05CBF2
05CC6D
05CCE8
05CD63
05CDDE
05CE59
05CED5
05CF50
05CFCB
05D046
05D0C1
05D13C
05D1B8
05D233
05D2AE
05D32A
05D3A5
05D421
05D49C
05D518
05D593
05D60F
05D68A
05D706
05D781
05D7FD
05D879
05D8F5
05D970
05D9EC
05DA68
05DAE4
05DB60
05DBDC
05DC58
05DCD3
05DD4F
05DDCC
05DE48
05DEC4
05DF40
05DFBC
05E038
05E0B4
05E131
05E1AD
05E229
05E2A5
05E322
05E39E
05E41B
05E497
05E514
05E590
05E60D
05E689
05E706
05E782
05E7FF
05E87C
05E8F8
05E975
05E9F2
05EA6F
05EAEC
05EB68
05EBE5
05EC62
05ECDF
05ED5C
05EDD9
05EE56
05EED3
05EF51
05EFCE
05F04B
05F0C8
05F145
05F1C2
05F240
05F2BD
05F33A
05F3B8
05F435
05F4B3
05F530
05F5AE
05F62B
05F6A9
05F726
05F7A4
05F822
05F89F
05F91D
05F99B
05FA19
05FA96
05FB14
05FB92
05FC10
05FC8E
05FD0C
05FD8A
05FE08
05FE86
05FF04
05FF82
060000
06007E
0600FC
06017B
0601F9
060277
0602F6
060374
0603F2
060471
0604EF
06056E
0605EC
06066B
0606E9
060768
0607E6
060865
0608E4
060962
0609E1
060A60
060ADF
060B5E
060BDC
060C5B
060CDA
060D59
060DD8
060E57
060ED6
060F55
060FD4
061053
0610D3
061152
0611D1
061250
0612D0
06134F
0613CE
06144E
0614CD
06154C
0615CC
06164B
0616CB
06174B
0617CA
06184A
0618C9
061949
0619C9
061A49
061AC8
061B48
061BC8
061C48
061CC8
061D48
061DC8
061E48
061EC8
061F48
061FC8
062048
0620C8
062148
0621C8
062249
0622C9
062349
0623C9
06244A
0624CA
06254B
0625CB
06264B
0626CC
06274C
0627CD
06284E
0628CE
06294F
0629D0
062A50
062AD1
062B52
062BD3
062C54
062CD4
062D55
062DD6
062E57
062ED8
062F59
062FDA
06305B
0630DC
06315E
0631DF
063260
0632E1
063362
0633E4
063465
0634E6
063568
0635E9
06366B
0636EC
06376E
0637EF
063871
0638F2
063974
0639F6
063A77
063AF9
063B7B
063BFD
063C7F
063D00
063D82
063E04
063E86
063F08
063F8A
06400C
06408E
064110
064192
064215
064297
064319
06439B
06441E
0644A0
064522
0645A5
064627
0646A9
06472C
0647AE
064831
0648B4
064936
0649B9
064A3B
064ABE
064B41
064BC4
064C46
064CC9
064D4C
064DCF
064E52
064ED5
064F58
064FDB
06505E
0650E1
065164
0651E7
06526A
0652ED
065370
0653F4
065477
0654FA
06557E
065601
065684
065708
06578B
06580F
065892
065916
065999
065A1D
065AA1
065B24
065BA8
065C2C
065CAF
065D33
065DB7
065E3B
065EBF
065F43
065FC7
06604B
0660CF
066153
0661D7
06625B
0662DF
066363
0663E7
06646C
0664F0
066574
0665F9
06667D
066701
066786
06680A
06688F
066913
066998
066A1C
066AA1
066B25
066BAA
066C2F
066CB4
066D38
066DBD
066E42
066EC7
066F4C
066FD1
067056
0670DB
067160
0671E5
06726A
0672EF
067374
0673F9
06747E
067503
067589
06760E
067693
067719
06779E
067823
0678A9
06792E
0679B4
067A39
067ABF
067B45
067BCA
067C50
067CD6
067D5B
067DE1
067E67
067EED
067F73
067FF8
06807E
068104
06818A
068210
068296
06831C
0683A3
068429
0684AF
068535
0685BB
068641
0686C8
06874E
0687D4
06885B
0688E1
068968
0689EE
068A75
068AFB
068B82
068C08
068C8F
068D16
068D9C
068E23
068EAA
068F31
068FB8
06903E
0690C5
06914C
0691D3
06925A
0692E1
069368
0693EF
069476
0694FD
069585
06960C
069693
06971A
0697A2
069829
0698B0
069938
0699BF
069A47
069ACE
069B56
069BDD
069C65
069CEC
069D74
069DFC
069E83
069F0B
069F93
06A01B
06A0A2
06A12A
06A1B2
06A23A
06A2C2
06A34A
06A3D2
06A45A
06A4E2
06A56A
06A5F3
06A67B
06A703
06A78B
06A813
06A89C
06A924
06A9AC
06AA35
06AABD
06AB46
06ABCE
06AC57
06ACDF
06AD68
06ADF1
06AE79
06AF02
06AF8B
06B013
06B09C
06B125
06B1AE
06B237
06B2C0
06B348
06B3D1
06B45A
06B4E3
06B56D
06B5F6
06B67F
06B708
06B791
06B81A
06B8A4
06B92D
06B9B6
06BA40
06BAC9
06BB52
06BBDC
06BC65
06BCEF
06BD78
06BE02
06BE8B
06BF15
06BF9F
06C028
06C0B2
06C13C
06C1C6
06C250
06C2D9
06C363
06C3ED
06C477
06C501
06C58B
06C615
06C69F
06C729
06C7B4
06C83E
06C8C8
06C952
06C9DC
06CA67
06CAF1
06CB7B
06CC06
06CC90
06CD1B
06CDA5
06CE30
06CEBA
06CF45
06CFD0
06D05A
06D0E5
06D170
06D1FA
06D285
06D310
06D39B
06D426
06D4B1
06D53C
06D5C7
06D652
06D6DD
06D768
06D7F3
06D87E
06D909
06D994
06DA1F
06DAAB
06DB36
06DBC1
06DC4D
06DCD8
06DD64
06DDEF
06DE7A
06DF06
06DF92
06E01D
06E0A9
06E134
06E1C0
06E24C
06E2D8
06E363
06E3EF
06E47B
06E507
06E593
06E61F
06E6AB
06E737
06E7C3
06E84F
06E8DB
06E967
06E9F3
06EA7F
06EB0B
06EB98
06EC24
06ECB0
06ED3D
06EDC9
06EE55
06EEE2
06EF6E
06EFFB
06F087
06F114
06F1A1
06F22D
06F2BA
06F347
06F3D3
06F460
06F4ED
06F57A
06F607
06F694
06F721
06F7AD
06F83A
06F8C8
06F955
06F9E2
06FA6F
06FAFC
06FB89
06FC16
06FCA4
06FD31
06FDBE
06FE4C
06FED9
06FF66
06FFF4
070081
07010F
07019C
07022A
0702B8
070345
0703D3
070461
0704EE
07057C
07060A
070698
070726
0707B3
070841
0708CF
07095D
0709EB
070A79
070B08
070B96
070C24
070CB2
070D40
070DCE
070E5D
070EEB
070F79
071008
071096
071125
0711B3
071242
0712D0
07135F
0713ED
07147C
07150B
071599
071628
0716B7
071746
0717D5
071863
0718F2
071981
071A10
071A9F
071B2E
071BBD
071C4C
071CDC
071D6B
071DFA
071E89
071F18
071FA8
072037
0720C6
072156
0721E5
072275
072304
072394
072423
0724B3
072542
0725D2
072662
0726F2
072781
072811
0728A1
072931
0729C1
072A50
072AE0
072B70
072C00
072C90
072D21
072DB1
072E41
072ED1
072F61
072FF1
073082
073112
0731A2
073233
0732C3
073354
0733E4
073474
073505
073596
073626
0736B7
073747
0737D8
073869
0738FA
07398A
073A1B
073AAC
073B3D
073BCE
073C5F
073CF0
073D81
073E12
073EA3
073F34
073FC5
074056
0740E8
074179
07420A
07429C
07432D
0743BE
074450
0744E1
074573
074604
074696
074727
0747B9
07484B
0748DC
07496E
074A00
074A91
074B23
074BB5
074C47
074CD9
074D6B
074DFD
074E8F
074F21
074FB3
075045
0750D7
075169
0751FB
07528E
075320
0753B2
075445
0754D7
075569
0755FC
07568E
075721
0757B3
075846
0758D8
07596B
0759FE
075A90
075B23
075BB6
075C49
075CDC
075D6E
075E01
075E94
075F27
075FBA
07604D
0760E0
076173
076207
07629A
07632D
0763C0
076453
0764E7
07657A
07660D
0766A1
076734
0767C8
07685B
0768EF
076982
076A16
076AA9
076B3D
076BD1
076C64
076CF8
076D8C
076E20
076EB4
076F47
076FDB
07706F
077103
077197
07722B
0772BF
077354
0773E8
07747C
077510
0775A4
077639
0776CD
077761
0777F6
07788A
07791F
0779B3
077A48
077ADC
077B71
077C05
077C9A
077D2F
077DC3
077E58
077EED
077F82
078017
0780AB
078140
0781D5
07826A
0782FF
078394
078429
0784BF
078554
0785E9
07867E
078713
0787A9
07883E
0788D3
078969
0789FE
078A93
078B29
078BBE
078C54
078CEA
078D7F
078E15
078EAA
078F40
078FD6
07906C
079102
079197
07922D
0792C3
079359
0793EF
079485
07951B
0795B1
079647
0796DD
079774
07980A
0798A0
079936
0799CD
079A63
079AF9
079B90
079C26
079CBD
079D53
079DEA
079E80
079F17
079FAE
07A044
07A0DB
07A172
07A209
07A29F
07A336
07A3CD
07A464
07A4FB
07A592
07A629
07A6C0
07A757
07A7EE
07A885
07A91C
07A9B4
07AA4B
07AAE2
07AB79
07AC11
07ACA8
07AD40
07ADD7
07AE6F
07AF06
07AF9E
07B035
07B0CD
07B164
07B1FC
07B294
07B32C
07B3C3
07B45B
07B4F3
07B58B
07B623
07B6BB
07B753
07B7EB
07B883
07B91B
07B9B3
07BA4B
07BAE3
07BB7C
07BC14
07BCAC
07BD44
07BDDD
07BE75
07BF0E
07BFA6
07C03F
07C0D7
07C170
07C208
07C2A1
07C33A
07C3D2
07C46B
07C504
07C59C
07C635
07C6CE
07C767
07C800
07C899
07C932
07C9CB
07CA64
07CAFD
07CB96
07CC2F
07CCC9
07CD62
07CDFB
07CE94
07CF2E
07CFC7
07D060
07D0FA
07D193
07D22D
07D2C6
07D360
07D3FA
07D493
07D52D
07D5C7
07D660
07D6FA
07D794
07D82E
07D8C8
07D961
07D9FB
07DA95
07DB2F
07DBC9
07DC64
07DCFE
07DD98
07DE32
07DECC
07DF66
07E001
07E09B
07E135
07E1D0
07E26A
07E305
07E39F
07E43A
07E4D4
07E56F
07E609
07E6A4
07E73F
07E7D9
07E874
07E90F
07E9AA
07EA45
07EADF
07EB7A
07EC15
07ECB0
07ED4B
07EDE6
07EE81
07EF1D
07EFB8
07F053
07F0EE
07F189
07F225
07F2C0
07F35B
07F3F7
07F492
07F52E
07F5C9
07F665
07F700
07F79C
07F838
07F8D3
07F96F
07FA0B
07FAA6
07FB42
07FBDE
07FC7A
07FD16
07FDB2
07FE4E
07FEEA
07FF86
080022
0800BE
08015A
0801F6
080292
08032F
0803CB
080467
080504
0805A0
08063C
0806D9
080775
080812
0808AE
08094B
0809E8
080A84
080B21
080BBE
080C5B
080CF7
080D94
080E31
080ECE
080F6B
081008
0810A5
081142
0811DF
08127C
081319
0813B6
081453
0814F1
08158E
08162B
0816C9
081766
081803
0818A1
08193E
0819DC
081A79
081B17
081BB5
081C52
081CF0
081D8E
081E2B
081EC9
081F67
082005
0820A3
082141
0821DF
08227D
08231B
0823B9
082457
0824F5
082593
082631
0826CF
08276E
08280C
0828AA
082949
0829E7
082A86
082B24
082BC3
082C61
082D00
082D9E
082E3D
082EDC
082F7A
083019
0830B8
083157
0831F5
083294
083333
0833D2
083471
083510
0835AF
08364E
0836ED
08378D
08382C
0838CB
08396A
083A0A
083AA9
083B48
083BE8
083C87
083D27
083DC6
083E66
083F05
083FA5
084044
0840E4
084184
084224
0842C3
084363
084403
0844A3
084543
0845E3
084683
084723
0847C3
084863
084903
0849A3
084A43
084AE4
084B84
084C24
084CC5
084D65
084E05
084EA6
084F46
084FE7
085087
085128
0851C8
085269
08530A
0853AA
08544B
0854EC
08558D
08562E
0856CE
08576F
085810
0858B1
085952
0859F3
085A95
085B36
085BD7
085C78
085D19
085DBA
085E5C
085EFD
085F9E
086040
0860E1
086183
086224
0862C6
086367
086409
0864AB
08654C
0865EE
086690
086732
0867D3
086875
086917
0869B9
086A5B
086AFD
086B9F
086C41
086CE3
086D85
086E28
086ECA
086F6C
08700E
0870B1
087153
0871F5
087298
08733A
0873DD
08747F
087522
0875C4
087667
08770A
0877AC
08784F
0878F2
087994
087A37
087ADA
087B7D
087C20
087CC3
087D66
087E09
087EAC
087F4F
087FF2
088096
088139
0881DC
08827F
088323
0883C6
088469
08850D
0885B0
088654
0886F7
08879B
08883E
0888E2
088986
088A29
088ACD
088B71
088C15
088CB8
088D5C
088E00
088EA4
088F48
088FEC
089090
089134
0891D8
08927D
089321
0893C5
089469
08950E
0895B2
089656
0896FB
08979F
089844
0898E8
08998D
089A31
089AD6
089B7A
089C1F
089CC4
089D69
089E0D
089EB2
089F57
089FFC
08A0A1
08A146
08A1EB
08A290
08A335
08A3DA
08A47F
08A524
08A5CA
08A66F
08A714
08A7B9
08A85F
08A904
08A9A9
08AA4F
08AAF4
08AB9A
08AC40
08ACE5
08AD8B
08AE30
08AED6
08AF7C
08B022
08B0C7
08B16D
08B213
08B2B9
08B35F
08B405
08B4AB
08B551
08B5F7
08B69D
08B743
08B7EA
08B890
08B936
08B9DC
08BA83
08BB29
08BBCF
08BC76
08BD1C
08BDC3
08BE69
08BF10
08BFB7
08C05D
08C104
08C1AB
08C251
08C2F8
08C39F
08C446
08C4ED
08C594
08C63B
08C6E2
08C789
08C830
08C8D7
08C97E
08CA25
08CACC
08CB74
08CC1B
08CCC2
08CD6A
08CE11
08CEB8
08CF60
08D007
08D0AF
08D156
08D1FE
08D2A6
08D34D
08D3F5
08D49D
08D545
08D5EC
08D694
08D73C
08D7E4
08D88C
08D934
08D9DC
08DA84
08DB2C
08DBD4
08DC7C
08DD25
08DDCD
08DE75
08DF1D
08DFC6
08E06E
08E117
08E1BF
08E268
08E310
08E3B9
08E461
08E50A
08E5B3
08E65B
08E704
08E7AD
08E856
08E8FE
08E9A7
08EA50
08EAF9
08EBA2
08EC4B
08ECF4
08ED9D
08EE46
08EEF0
08EF99
08F042
08F0EB
08F195
08F23E
08F2E7
08F391
08F43A
08F4E4
08F58D
08F637
08F6E0
08F78A
08F834
08F8DD
08F987
08FA31
08FADA
08FB84
08FC2E
08FCD8
08FD82
08FE2C
08FED6
08FF80
09002A
0900D4
09017E
090229
0902D3
09037D
090427
0904D2
09057C
090627
0906D1
09077B
090826
0908D1
09097B
090A26
090AD0
090B7B
090C26
090CD1
090D7B
090E26
090ED1
090F7C
091027
0910D2
09117D
091228
0912D3
09137E
091429
0914D5
091580
09162B
0916D6
091782
09182D
0918D8
091984
091A2F
091ADB
091B86
091C32
091CDE
091D89
091E35
091EE1
091F8C
092038
0920E4
092190
09223C
0922E8
092394
092440
0924EC
092598
092644
0926F0
09279C
092849
0928F5
0929A1
092A4E
092AFA
092BA6
092C53
092CFF
092DAC
092E58
092F05
092FB2
09305E
09310B
0931B8
093264
093311
0933BE
09346B
093518
0935C5
093672
09371F
0937CC
093879
093926
0939D3
093A80
093B2E
093BDB
093C88
093D36
093DE3
093E90
093F3E
093FEB
094099
094146
0941F4
0942A2
09434F
0943FD
0944AB
094558
094606
0946B4
094762
094810
0948BE
09496C
094A1A
094AC8
094B76
094C24
094CD2
094D81
094E2F
094EDD
094F8B
09503A
0950E8
095197
095245
0952F4
0953A2
095451
0954FF
0955AE
09565D
09570B
0957BA
095869
095918
0959C6
095A75
095B24
095BD3
095C82
095D31
095DE0
095E8F
095F3F
095FEE
09609D
09614C
0961FC
0962AB
09635A
09640A
0964B9
096569
096618
0966C8
096777
096827
0968D6
096986
096A36
096AE6
096B95
096C45
096CF5
096DA5
096E55
096F05
096FB5
097065
097115
0971C5
097275
097326
0973D6
097486
097536
0975E7
097697
097748
0977F8
0978A8
097959
097A0A
097ABA
097B6B
097C1B
097CCC
097D7D
097E2E
097EDE
097F8F
098040
0980F1
0981A2
098253
098304
0983B5
098466
098517
0985C9
09867A
09872B
0987DC
09888E
09893F
0989F0
098AA2
098B53
098C05
098CB6
098D68
098E1A
098ECB
098F7D
09902F
0990E0
099192
099244
0992F6
0993A8
09945A
09950C
0995BE
099670
099722
0997D4
099886
099938
0999EB
099A9D
099B4F
099C01
099CB4
099D66
099E19
099ECB
099F7E
09A030
09A0E3
09A196
09A248
09A2FB
09A3AE
09A460
09A513
09A5C6
09A679
09A72C
09A7DF
09A892
09A945
09A9F8
09AAAB
09AB5E
09AC11
09ACC5
09AD78
09AE2B
09AEDF
09AF92
09B045
09B0F9
09B1AC
09B260
09B313
09B3C7
09B47A
09B52E
09B5E2
09B696
09B749
09B7FD
09B8B1
09B965
09BA19
09BACD
09BB81
09BC35
09BCE9
09BD9D
09BE51
09BF05
09BFB9
09C06E
09C122
09C1D6
09C28B
09C33F
09C3F3
09C4A8
09C55C
09C611
09C6C5
09C77A
09C82F
09C8E3
09C998
09CA4D
09CB02
09CBB7
09CC6B
09CD20
09CDD5
09CE8A
09CF3F
09CFF4
09D0A9
09D15E
09D214
09D2C9
09D37E
09D433
09D4E9
09D59E
09D653
09D709
09D7BE
09D874
09D929
09D9DF
09DA94
09DB4A
09DC00
09DCB5
09DD6B
09DE21
09DED7
09DF8D
09E043
09E0F9
09E1AF
09E265
09E31B
09E3D1
09E487
09E53D
09E5F3
09E6A9
09E760
09E816
09E8CC
09E983
09EA39
09EAEF
09EBA6
09EC5C
09ED13
09EDCA
09EE80
09EF37
09EFEE
09F0A4
09F15B
09F212
09F2C9
09F380
09F437
09F4EE
09F5A5
09F65C
09F713
09F7CA
09F881
09F938
09F9EF
09FAA7
09FB5E
09FC15
09FCCD
09FD84
09FE3C
09FEF3
09FFAB
0A0062
0A011A
0A01D1
0A0289
0A0341
0A03F9
0A04B0
0A0568
0A0620
0A06D8
0A0790
0A0848
0A0900
0A09B8
0A0A70
0A0B28
0A0BE0
0A0C98
0A0D51
0A0E09
0A0EC1
0A0F79
0A1032
0A10EA
0A11A3
0A125B
0A1314
0A13CC
0A1485
0A153D
0A15F6
0A16AF
0A1768
0A1820
0A18D9
0A1992
0A1A4B
0A1B04
0A1BBD
0A1C76
0A1D2F
0A1DE8
0A1EA1
0A1F5A
0A2013
0A20CD
0A2186
0A223F
0A22F9
0A23B2
0A246B
0A2525
0A25DE
0A2698
0A2751
0A280B
0A28C5
0A297E
0A2A38
0A2AF2
0A2BAC
0A2C65
0A2D1F
0A2DD9
0A2E93
0A2F4D
0A3007
0A30C1
0A317B
0A3235
0A32EF
0A33AA
0A3464
0A351E
0A35D8
0A3693
0A374D
0A3808
0A38C2
0A397D
0A3A37
0A3AF2
0A3BAC
0A3C67
0A3D22
0A3DDC
0A3E97
0A3F52
0A400D
0A40C8
0A4182
0A423D
0A42F8
0A43B3
0A446E
0A4529
0A45E5
0A46A0
0A475B
0A4816
0A48D2
0A498D
0A4A48
0A4B04
0A4BBF
0A4C7A
0A4D36
0A4DF1
0A4EAD
0A4F69
0A5024
0A50E0
0A519C
0A5258
0A5313
0A53CF
0A548B
0A5547
0A5603
0A56BF
0A577B
0A5837
0A58F3
0A59AF
0A5A6B
0A5B28
0A5BE4
0A5CA0
0A5D5C
0A5E19
0A5ED5
0A5F92
0A604E
0A610B
0A61C7
0A6284
0A6340
0A63FD
0A64BA
0A6576
0A6633
0A66F0
0A67AD
0A686A
0A6927
0A69E4
0A6AA1
0A6B5E
0A6C1B
0A6CD8
0A6D95
0A6E52
0A6F0F
0A6FCD
0A708A
0A7147
0A7205
0A72C2
0A7380
0A743D
0A74FB
0A75B8
0A7676
0A7733
0A77F1
0A78AF
0A796D
0A7A2A
0A7AE8
0A7BA6
0A7C64
0A7D22
0A7DE0
0A7E9E
0A7F5C
0A801A
0A80D8
0A8196
0A8254
0A8313
0A83D1
0A848F
0A854E
0A860C
0A86CA
0A8789
0A8847
0A8906
0A89C5
0A8A83
0A8B42
0A8C00
0A8CBF
0A8D7E
0A8E3D
0A8EFC
0A8FBA
0A9079
0A9138
0A91F7
0A92B6
0A9375
0A9435
0A94F4
0A95B3
0A9672
0A9731
0A97F1
0A98B0
0A996F
0A9A2F
0A9AEE
0A9BAE
0A9C6D
0A9D2D
0A9DEC
0A9EAC
0A9F6C
0AA02B
0AA0EB
0AA1AB
0AA26B
0AA32B
0AA3EA
0AA4AA
0AA56A
0AA62A
0AA6EA
0AA7AB
0AA86B
0AA92B
0AA9EB
0AAAAB
0AAB6C
0AAC2C
0AACEC
0AADAD
0AAE6D
0AAF2D
0AAFEE
0AB0AF
0AB16F
0AB230
0AB2F0
0AB3B1
0AB472
0AB533
0AB5F3
0AB6B4
0AB775
0AB836
0AB8F7
0AB9B8
0ABA79
0ABB3A
0ABBFB
0ABCBC
0ABD7E
0ABE3F
0ABF00
0ABFC1
0AC083
0AC144
0AC205
0AC2C7
0AC388
0AC44A
0AC50B
0AC5CD
0AC68F
0AC750
0AC812
0AC8D4
0AC996
0ACA57
0ACB19
0ACBDB
0ACC9D
0ACD5F
0ACE21
0ACEE3
0ACFA5
0AD067
0AD12A
0AD1EC
0AD2AE
0AD370
0AD433
0AD4F5
0AD5B7
0AD67A
0AD73C
0AD7FF
0AD8C1
0AD984
0ADA47
0ADB09
0ADBCC
0ADC8F
0ADD52
0ADE14
0ADED7
0ADF9A
0AE05D
0AE120
0AE1E3
0AE2A6
0AE369
0AE42C
0AE4EF
0AE5B3
0AE676
0AE739
0AE7FC
0AE8C0
0AE983
0AEA47
0AEB0A
0AEBCE
0AEC91
0AED55
0AEE18
0AEEDC
0AEFA0
0AF063
0AF127
0AF1EB
0AF2AF
0AF373
0AF437
0AF4FB
0AF5BF
0AF683
0AF747
0AF80B
0AF8CF
0AF993
0AFA57
0AFB1C
0AFBE0
0AFCA4
0AFD69
0AFE2D
0AFEF1
0AFFB6
0B007B
0B013F
0B0204
0B02C8
0B038D
0B0452
0B0517
0B05DB
0B06A0
0B0765
0B082A
0B08EF
0B09B4
0B0A79
0B0B3E
0B0C03
0B0CC8
0B0D8D
0B0E53
0B0F18
0B0FDD
0B10A3
0B1168
0B122D
0B12F3
0B13B8
0B147E
0B1543
0B1609
0B16CF
0B1794
0B185A
0B1920
0B19E6
0B1AAB
0B1B71
0B1C37
0B1CFD
0B1DC3
0B1E89
0B1F4F
0B2015
0B20DB
0B21A2
0B2268
0B232E
0B23F4
0B24BB
0B2581
0B2647
0B270E
0B27D4
0B289B
0B2961
0B2A28
0B2AEF
0B2BB5
0B2C7C
0B2D43
0B2E0A
0B2ED1
0B2F97
0B305E
0B3125
0B31EC
0B32B3
0B337A
0B3441
0B3509
0B35D0
0B3697
0B375E
0B3825
0B38ED
0B39B4
0B3A7C
0B3B43
0B3C0B
0B3CD2
0B3D9A
0B3E61
0B3F29
0B3FF1
0B40B8
0B4180
0B4248
0B4310
0B43D7
0B449F
0B4567
0B462F
0B46F7
0B47BF
0B4887
0B4950
0B4A18
0B4AE0
0B4BA8
0B4C71
0B4D39
0B4E01
0B4ECA
0B4F92
0B505B
0B5123
0B51EC
0B52B4
0B537D
0B5446
0B550E
0B55D7
0B56A0
0B5769
0B5832
0B58FA
0B59C3
0B5A8C
0B5B55
0B5C1F
0B5CE8
0B5DB1
0B5E7A
0B5F43
0B600C
0B60D6
0B619F
0B6268
0B6332
0B63FB
0B64C5
0B658E
0B6658
0B6721
0B67EB
0B68B5
0B697E
0B6A48
0B6B12
0B6BDC
0B6CA6
0B6D70
0B6E3A
0B6F04
0B6FCE
0B7098
0B7162
0B722C
0B72F6
0B73C0
0B748B
0B7555
0B761F
0B76EA
0B77B4
0B787F
0B7949
0B7A14
0B7ADE
0B7BA9
0B7C73
0B7D3E
0B7E09
0B7ED4
0B7F9E
0B8069
0B8134
0B81FF
0B82CA
0B8395
0B8460
0B852B
0B85F6
0B86C1
0B878D
0B8858
0B8923
0B89EE
0B8ABA
0B8B85
0B8C50
0B8D1C
0B8DE7
0B8EB3
0B8F7F
0B904A
0B9116
0B91E2
0B92AD
0B9379
0B9445
0B9511
0B95DD
0B96A9
0B9774
0B9840
0B990D
0B99D9
0B9AA5
0B9B71
0B9C3D
0B9D09
0B9DD6
0B9EA2
0B9F6E
0BA03B
0BA107
0BA1D4
0BA2A0
0BA36D
0BA439
0BA506
0BA5D3
0BA69F
0BA76C
0BA839
0BA906
0BA9D2
0BAA9F
0BAB6C
0BAC39
0BAD06
0BADD3
0BAEA0
0BAF6E
0BB03B
0BB108
0BB1D5
0BB2A3
0BB370
0BB43D
0BB50B
0BB5D8
0BB6A6
0BB773
0BB841
0BB90E
0BB9DC
0BBAAA
0BBB77
0BBC45
0BBD13
0BBDE1
0BBEAF
0BBF7C
0BC04A
0BC118
0BC1E6
0BC2B4
0BC383
0BC451
0BC51F
0BC5ED
0BC6BB
0BC78A
0BC858
0BC926
0BC9F5
0BCAC3
0BCB92
0BCC60
0BCD2F
0BCDFE
0BCECC
0BCF9B
0BD06A
0BD138
0BD207
0BD2D6
0BD3A5
0BD474
0BD543
0BD612
0BD6E1
0BD7B0
0BD87F
0BD94E
0BDA1D
0BDAED
0BDBBC
0BDC8B
0BDD5B
0BDE2A
0BDEFA
0BDFC9
0BE099
0BE168
0BE238
0BE307
0BE3D7
0BE4A7
0BE576
0BE646
0BE716
0BE7E6
0BE8B6
0BE986
0BEA56
0BEB26
0BEBF6
0BECC6
0BED96
0BEE66
0BEF36
0BF007
0BF0D7
0BF1A7
0BF278
0BF348
0BF419
0BF4E9
0BF5BA
0BF68A
0BF75B
0BF82B
0BF8FC
0BF9CD
0BFA9E
0BFB6E
0BFC3F
0BFD10
0BFDE1
0BFEB2
0BFF83
0C0054
0C0125
0C01F6
0C02C8
0C0399
0C046A
0C053B
0C060D
0C06DE
0C07AF
0C0881
0C0952
0C0A24
0C0AF5
0C0BC7
0C0C98
0C0D6A
0C0E3C
0C0F0E
0C0FDF
0C10B1
0C1183
0C1255
0C1327
0C13F9
0C14CB
0C159D
0C166F
0C1741
0C1813
0C18E6
0C19B8
0C1A8A
0C1B5D
0C1C2F
0C1D01
0C1DD4
0C1EA6
0C1F79
0C204B
0C211E
0C21F1
0C22C3
0C2396
0C2469
0C253C
0C260F
0C26E2
0C27B4
0C2887
0C295A
0C2A2D
0C2B01
0C2BD4
0C2CA7
0C2D7A
0C2E4D
0C2F21
0C2FF4
0C30C7
0C319B
0C326E
0C3342
0C3415
0C34E9
0C35BC
0C3690
0C3764
0C3837
0C390B
0C39DF
0C3AB3
0C3B87
0C3C5B
0C3D2E
0C3E02
0C3ED7
0C3FAB
0C407F
0C4153
0C4227
0C42FB
0C43D0
0C44A4
0C4578
0C464D
0C4721
0C47F6
0C48CA
0C499F
0C4A73
0C4B48
0C4C1C
0C4CF1
0C4DC6
0C4E9B
0C4F70
0C5044
0C5119
0C51EE
0C52C3
0C5398
0C546D
0C5542
0C5618
0C56ED
0C57C2
0C5897
0C596D
0C5A42
0C5B17
0C5BED
0C5CC2
0C5D98
0C5E6D
0C5F43
0C6018
0C60EE
0C61C4
0C6299
0C636F
0C6445
0C651B
0C65F1
0C66C7
0C679D
0C6873
0C6949
0C6A1F
0C6AF5
0C6BCB
0C6CA1
0C6D78
0C6E4E
0C6F24
0C6FFB
0C70D1
0C71A7
0C727E
0C7355
0C742B
0C7502
0C75D8
0C76AF
0C7786
0C785D
0C7933
0C7A0A
0C7AE1
0C7BB8
0C7C8F
0C7D66
0C7E3D
0C7F14
0C7FEB
0C80C2
0C819A
0C8271
0C8348
0C841F
0C84F7
0C85CE
0C86A6
0C877D
0C8855
0C892C
0C8A04
0C8ADB
0C8BB3
0C8C8B
0C8D63
0C8E3A
0C8F12
0C8FEA
0C90C2
0C919A
0C9272
0C934A
0C9422
0C94FA
0C95D2
0C96AB
0C9783
0C985B
0C9933
0C9A0C
0C9AE4
0C9BBD
0C9C95
0C9D6E
0C9E46
0C9F1F
0C9FF7
0CA0D0
0CA1A9
0CA282
0CA35A
0CA433
0CA50C
0CA5E5
0CA6BE
0CA797
0CA870
0CA949
0CAA22
0CAAFB
0CABD5
0CACAE
0CAD87
0CAE60
0CAF3A
0CB013
0CB0ED
0CB1C6
0CB2A0
0CB379
0CB453
0CB52C
0CB606
0CB6E0
0CB7B9
0CB893
0CB96D
0CBA47
0CBB21
0CBBFB
0CBCD5
0CBDAF
0CBE89
0CBF63
0CC03D
0CC117
0CC1F2
0CC2CC
0CC3A6
0CC481
0CC55B
0CC635
0CC710
0CC7EA
0CC8C5
0CC9A0
0CCA7A
0CCB55
0CCC30
0CCD0A
0CCDE5
0CCEC0
0CCF9B
0CD076
0CD151
0CD22C
0CD307
0CD3E2
0CD4BD
0CD598
0CD673
0CD74E
0CD82A
0CD905
0CD9E0
0CDABC
0CDB97
0CDC73
0CDD4E
0CDE2A
0CDF05
0CDFE1
0CE0BD
0CE198
0CE274
0CE350
0CE42C
0CE508
0CE5E4
0CE6BF
0CE79B
0CE877
0CE954
0CEA30
0CEB0C
0CEBE8
0CECC4
0CEDA1
0CEE7D
0CEF59
0CF036
0CF112
0CF1EF
0CF2CB
0CF3A8
0CF484
0CF561
0CF63D
0CF71A
0CF7F7
0CF8D4
0CF9B1
0CFA8D
0CFB6A
0CFC47
0CFD24
0CFE01
0CFEDE
0CFFBC
0D0099
0D0176
0D0253
0D0330
0D040E
0D04EB
0D05C9
0D06A6
0D0783
0D0861
0D093F
0D0A1C
0D0AFA
0D0BD7
0D0CB5
0D0D93
0D0E71
0D0F4F
0D102C
0D110A
0D11E8
0D12C6
0D13A4
0D1482
0D1561
0D163F
0D171D
0D17FB
0D18D9
0D19B8
0D1A96
0D1B75
0D1C53
0D1D32
0D1E10
0D1EEF
0D1FCD
0D20AC
0D218B
0D2269
0D2348
0D2427
0D2506
0D25E5
0D26C4
0D27A2
0D2881
0D2961
0D2A40
0D2B1F
0D2BFE
0D2CDD
0D2DBC
0D2E9C
0D2F7B
0D305A
0D313A
0D3219
0D32F9
0D33D8
0D34B8
0D3597
0D3677
0D3757
0D3837
0D3916
0D39F6
0D3AD6
0D3BB6
0D3C96
0D3D76
0D3E56
0D3F36
0D4016
0D40F6
0D41D6
0D42B7
0D4397
0D4477
0D4557
0D4638
0D4718
0D47F9
0D48D9
0D49BA
0D4A9A
0D4B7B
0D4C5C
0D4D3C
0D4E1D
0D4EFE
0D4FDF
0D50C0
0D51A0
0D5281
0D5362
0D5443
0D5524
0D5606
0D56E7
0D57C8
0D58A9
0D598A
0D5A6C
0D5B4D
0D5C2E
0D5D10
0D5DF1
0D5ED3
0D5FB4
0D6096
0D6178
0D6259
0D633B
0D641D
0D64FF
0D65E0
0D66C2
0D67A4
0D6886
0D6968
0D6A4A
0D6B2C
0D6C0E
0D6CF1
0D6DD3
0D6EB5
0D6F97
0D707A
0D715C
0D723E
0D7321
0D7403
0D74E6
0D75C8
0D76AB
0D778E
0D7870
0D7953
0D7A36
0D7B19
0D7BFC
0D7CDE
0D7DC1
0D7EA4
0D7F87
0D806A
0D814D
0D8231
0D8314
0D83F7
0D84DA
0D85BE
0D86A1
0D8784
0D8868
0D894B
0D8A2F
0D8B12
0D8BF6
0D8CD9
0D8DBD
0D8EA1
0D8F85
0D9068
0D914C
0D9230
0D9314
0D93F8
0D94DC
0D95C0
0D96A4
0D9788
0D986C
0D9950
0D9A35
0D9B19
0D9BFD
0D9CE2
0D9DC6
0D9EAA
0D9F8F
0DA073
0DA158
0DA23D
0DA321
0DA406
0DA4EB
0DA5CF
0DA6B4
0DA799
0DA87E
0DA963
0DAA48
0DAB2D
0DAC12
0DACF7
0DADDC
0DAEC1
0DAFA6
0DB08C
0DB171
0DB256
0DB33C
0DB421
0DB507
0DB5EC
0DB6D2
0DB7B7
0DB89D
0DB982
0DBA68
0DBB4E
0DBC34
0DBD19
0DBDFF
0DBEE5
0DBFCB
0DC0B1
0DC197
0DC27D
0DC363
0DC449
0DC530
0DC616
0DC6FC
0DC7E2
0DC8C9
0DC9AF
0DCA96
0DCB7C
0DCC63
0DCD49
0DCE30
0DCF16
0DCFFD
0DD0E4
0DD1CB
0DD2B1
0DD398
0DD47F
0DD566
0DD64D
0DD734
0DD81B
0DD902
0DD9E9
0DDAD0
0DDBB8
0DDC9F
0DDD86
0DDE6D
0DDF55
0DE03C
0DE124
0DE20B
0DE2F3
0DE3DA
0DE4C2
0DE5AA
0DE691
0DE779
0DE861
0DE949
0DEA30
0DEB18
0DEC00
0DECE8
0DEDD0
0DEEB8
0DEFA1
0DF089
0DF171
0DF259
0DF341
0DF42A
0DF512
0DF5FA
0DF6E3
0DF7CB
0DF8B4
0DF99C
0DFA85
0DFB6E
0DFC56
0DFD3F
0DFE28
0DFF11
0DFFF9
0E00E2
0E01CB
0E02B4
0E039D
0E0486
0E056F
0E0659
0E0742
0E082B
0E0914
0E09FD
0E0AE7
0E0BD0
0E0CBA
0E0DA3
0E0E8D
0E0F76
0E1060
0E1149
0E1233
0E131D
0E1406
0E14F0
0E15DA
0E16C4
0E17AE
0E1898
0E1982
0E1A6C
0E1B56
0E1C40
0E1D2A
0E1E14
0E1EFF
0E1FE9
0E20D3
0E21BE
0E22A8
0E2392
0E247D
0E2567
0E2652
0E273D
0E2827
0E2912
0E29FD
0E2AE7
0E2BD2
0E2CBD
0E2DA8
0E2E93
0E2F7E
0E3069
0E3154
0E323F
0E332A
0E3415
0E3501
0E35EC
0E36D7
0E37C3
0E38AE
0E3999
0E3A85
0E3B70
0E3C5C
0E3D48
0E3E33
0E3F1F
0E400B
0E40F6
0E41E2
0E42CE
0E43BA
0E44A6
0E4592
0E467E
0E476A
0E4856
0E4942
0E4A2E
0E4B1A
0E4C07
0E4CF3
0E4DDF
0E4ECC
0E4FB8
0E50A5
0E5191
0E527E
0E536A
0E5457
0E5543
0E5630
0E571D
0E580A
0E58F7
0E59E3
0E5AD0
0E5BBD
0E5CAA
0E5D97
0E5E84
0E5F71
0E605F
0E614C
0E6239
0E6326
0E6414
0E6501
0E65EE
0E66DC
0E67C9
0E68B7
0E69A5
0E6A92
0E6B80
0E6C6E
0E6D5B
0E6E49
0E6F37
0E7025
0E7113
0E7201
0E72EF
0E73DD
0E74CB
0E75B9
0E76A7
0E7795
0E7883
0E7972
0E7A60
0E7B4E
0E7C3D
0E7D2B
0E7E1A
0E7F08
0E7FF7
0E80E5
0E81D4
0E82C3
0E83B1
0E84A0
0E858F
0E867E
0E876D
0E885C
0E894B
0E8A3A
0E8B29
0E8C18
0E8D07
0E8DF6
0E8EE5
0E8FD5
0E90C4
0E91B3
0E92A3
0E9392
0E9482
0E9571
0E9661
0E9750
0E9840
0E9930
0E9A1F
0E9B0F
0E9BFF
0E9CEF
0E9DDF
0E9ECF
0E9FBF
0EA0AF
0EA19F
0EA28F
0EA37F
0EA46F
0EA55F
0EA64F
0EA740
0EA830
0EA921
0EAA11
0EAB01
0EABF2
0EACE2
0EADD3
0EAEC4
0EAFB4
0EB0A5
0EB196
0EB287
0EB377
0EB468
0EB559
0EB64A
0EB73B
0EB82C
0EB91D
0EBA0F
0EBB00
0EBBF1
0EBCE2
0EBDD3
0EBEC5
0EBFB6
0EC0A8
0EC199
0EC28B
0EC37C
0EC46E
0EC55F
0EC651
0EC743
0EC834
0EC926
0ECA18
0ECB0A
0ECBFC
0ECCEE
0ECDE0
0ECED2
0ECFC4
0ED0B6
0ED1A8
0ED29B
0ED38D
0ED47F
0ED571
0ED664
0ED756
0ED849
0ED93B
0EDA2E
0EDB20
0EDC13
0EDD06
0EDDF8
0EDEEB
0EDFDE
0EE0D1
0EE1C4
0EE2B6
0EE3A9
0EE49C
0EE58F
0EE683
0EE776
0EE869
0EE95C
0EEA4F
0EEB43
0EEC36
0EED29
0EEE1D
0EEF10
0EF004
0EF0F7
0EF1EB
0EF2DE
0EF3D2
0EF4C6
0EF5BA
0EF6AD
0EF7A1
0EF895
0EF989
0EFA7D
0EFB71
0EFC65
0EFD59
0EFE4D
0EFF41
0F0036
0F012A
0F021E
0F0312
0F0407
0F04FB
0F05F0
0F06E4
0F07D9
0F08CD
0F09C2
0F0AB7
0F0BAB
0F0CA0
0F0D95
0F0E8A
0F0F7F
0F1074
0F1168
0F125D
0F1353
0F1448
0F153D
0F1632
0F1727
0F181C
0F1912
0F1A07
0F1AFC
0F1BF2
0F1CE7
0F1DDD
0F1ED2
0F1FC8
0F20BD
0F21B3
0F22A9
0F239F
0F2494
0F258A
0F2680
0F2776
0F286C
0F2962
0F2A58
0F2B4E
0F2C44
0F2D3A
0F2E31
0F2F27
0F301D
0F3114
0F320A
0F3300
0F33F7
0F34ED
0F35E4
0F36DA
0F37D1
0F38C8
0F39BE
0F3AB5
0F3BAC
0F3CA3
0F3D9A
0F3E91
0F3F88
0F407F
0F4176
0F426D
0F4364
0F445B
0F4552
0F464A
0F4741
0F4838
0F4930
0F4A27
0F4B1E
0F4C16
0F4D0D
0F4E05
0F4EFD
0F4FF4
0F50EC
0F51E4
0F52DC
0F53D3
0F54CB
0F55C3
0F56BB
0F57B3
0F58AB
0F59A3
0F5A9C
0F5B94
0F5C8C
0F5D84
0F5E7D
0F5F75
0F606D
0F6166
0F625E
0F6357
0F644F
0F6548
0F6640
0F6739
0F6832
0F692B
0F6A23
0F6B1C
0F6C15
0F6D0E
0F6E07
0F6F00
0F6FF9
0F70F2
0F71EB
0F72E5
0F73DE
0F74D7
0F75D0
0F76CA
0F77C3
0F78BD
0F79B6
0F7AB0
0F7BA9
0F7CA3
0F7D9C
0F7E96
0F7F90
0F808A
0F8183
0F827D
0F8377
0F8471
0F856B
0F8665
0F875F
0F8859
0F8953
0F8A4E
0F8B48
0F8C42
0F8D3C
0F8E37
0F8F31
0F902C
0F9126
0F9221
0F931B
0F9416
0F9510
0F960B
0F9706
0F9801
0F98FB
0F99F6
0F9AF1
0F9BEC
0F9CE7
0F9DE2
0F9EDD
0F9FD8
0FA0D3
0FA1CF
0FA2CA
0FA3C5
0FA4C1
0FA5BC
0FA6B7
0FA7B3
0FA8AE
0FA9AA
0FAAA5
0FABA1
0FAC9D
0FAD98
0FAE94
0FAF90
0FB08C
0FB188
0FB283
0FB37F
0FB47B
0FB577
0FB674
0FB770
0FB86C
0FB968
0FBA64
0FBB61
0FBC5D
0FBD59
0FBE56
0FBF52
0FC04F
0FC14B
0FC248
0FC344
0FC441
0FC53E
0FC63B
0FC737
0FC834
0FC931
0FCA2E
0FCB2B
0FCC28
0FCD25
0FCE22
0FCF1F
0FD01C
0FD11A
0FD217
0FD314
0FD412
0FD50F
0FD60C
0FD70A
0FD807
0FD905
0FDA03
0FDB00
0FDBFE
0FDCFC
0FDDF9
0FDEF7
0FDFF5
0FE0F3
0FE1F1
0FE2EF
0FE3ED
0FE4EB
0FE5E9
0FE6E7
0FE7E5
0FE8E4
0FE9E2
0FEAE0
0FEBDF
0FECDD
0FEDDB
0FEEDA
0FEFD8
0FF0D7
0FF1D6
0FF2D4
0FF3D3
0FF4D2
0FF5D0
0FF6CF
0FF7CE
0FF8CD
0FF9CC
0FFACB
0FFBCA
0FFCC9
0FFDC8
0FFEC7
0FFFC7
1000C6
1001C5
1002C4
1003C4
1004C3
1005C3
1006C2
1007C2
1008C1
1009C1
100AC1
100BC0
100CC0
100DC0
100EC0
100FC0
1010BF
1011BF
1012BF
1013C0
1014C0
1015C0
1016C0
1017C0
1018C0
1019C1
101AC1
101BC1
101CC2
101DC2
101EC3
101FC3
1020C4
1021C5
1022C5
1023C6
1024C7
1025C8
1026C8
1027C9
1028CA
1029CB
102ACC
102BCD
102CCE
102DD0
102ED1
102FD2
1030D3
1031D5
1032D6
1033D7
1034D9
1035DA
1036DC
1037DD
1038DF
1039E1
103AE2
103BE4
103CE6
103DE8
103EEA
103FEC
1040ED
1041EF
1042F2
1043F4
1044F6
1045F8
1046FA
1047FC
1048FF
104A01
104B03
104C06
104D08
104E0B
104F0D
105010
105112
105215
105318
10541B
10551D
105620
105723
105826
105929
105A2C
105B2F
105C32
105D35
105E39
105F3C
10603F
106142
106246
106349
10644D
106550
106654
106757
10685B
10695E
106A62
106B66
106C6A
106D6D
106E71
106F75
107079
10717D
107281
107385
107489
10758E
107692
107796
10789A
10799F
107AA3
107BA7
107CAC
107DB0
107EB5
107FB9
1080BE
1081C3
1082C7
1083CC
1084D1
1085D6
1086DB
1087E0
1088E5
1089EA
108AEF
108BF4
108CF9
108DFE
108F03
109009
10910E
109213
109319
10941E
109524
109629
10972F
109834
10993A
109A40
109B45
109C4B
109D51
109E57
109F5D
10A063
10A169
10A26F
10A375
10A47B
10A581
10A687
10A78D
10A894
10A99A
10AAA0
10ABA7
10ACAD
10ADB4
10AEBA
10AFC1
10B0C8
10B1CE
10B2D5
10B3DC
10B4E2
10B5E9
10B6F0
10B7F7
10B8FE
10BA05
10BB0C
10BC13
10BD1A
10BE22
10BF29
10C030
10C137
10C23F
10C346
10C44E
10C555
10C65D
10C764
10C86C
10C973
10CA7B
10CB83
10CC8B
10CD92
10CE9A
10CFA2
10D0AA
10D1B2
10D2BA
10D3C2
10D4CA
10D5D3
10D6DB
10D7E3
10D8EB
10D9F4
10DAFC
10DC04
10DD0D
10DE15
10DF1E
10E027
10E12F
10E238
10E341
10E449
10E552
10E65B
10E764
10E86D
10E976
10EA7F
10EB88
10EC91
10ED9A
10EEA3
10EFAC
10F0B6
10F1BF
10F2C8
10F3D2
10F4DB
10F5E5
10F6EE
10F7F8
10F901
10FA0B
10FB15
10FC1F
10FD28
10FE32
10FF3C
110046
110150
11025A
110364
11046E
110578
110682
11078D
110897
1109A1
110AAB
110BB6
110CC0
110DCB
110ED5
110FE0
1110EA
1111F5
111300
11140A
111515
111620
11172B
111836
111941
111A4C
111B57
111C62
111D6D
111E78
111F83
11208F
11219A
1122A5
1123B0
1124BC
1125C7
1126D3
1127DE
1128EA
1129F6
112B01
112C0D
112D19
112E25
112F30
11303C
113148
113254
113360
11346C
113578
113684
113791
11389D
1139A9
113AB5
113BC2
113CCE
113DDB
113EE7
113FF4
114100
11420D
114319
114426
114533
114640
11474C
114859
114966
114A73
114B80
114C8D
114D9A
114EA7
114FB5
1150C2
1151CF
1152DC
1153EA
1154F7
115605
115712
115820
11592D
115A3B
115B48
115C56
115D64
115E71
115F7F
11608D
11619B
1162A9
1163B7
1164C5
1165D3
1166E1
1167EF
1168FE
116A0C
116B1A
116C28
116D37
116E45
116F54
117062
117171
11727F
11738E
11749D
1175AB
1176BA
1177C9
1178D8
1179E7
117AF5
117C04
117D13
117E22
117F32
118041
118150
11825F
11836E
11847E
11858D
11869C
1187AC
1188BB
1189CB
118ADB
118BEA
118CFA
118E09
118F19
119029
119139
119249
119359
119469
119579
119689
119799
1198A9
1199B9
119AC9
119BD9
119CEA
119DFA
119F0B
11A01B
11A12B
11A23C
11A34D
11A45D
11A56E
11A67E
11A78F
11A8A0
11A9B1
11AAC2
11ABD3
11ACE4
11ADF4
11AF06
11B017
11B128
11B239
11B34A
11B45B
11B56D
11B67E
11B78F
11B8A1
11B9B2
11BAC4
11BBD5
11BCE7
11BDF9
11BF0A
11C01C
11C12E
11C240
11C351
11C463
11C575
11C687
11C799
11C8AB
11C9BD
11CAD0
11CBE2
11CCF4
11CE06
11CF19
11D02B
11D13D
11D250
11D362
11D475
11D587
11D69A
11D7AD
11D8BF
11D9D2
11DAE5
11DBF8
11DD0B
11DE1E
11DF31
11E044
11E157
11E26A
11E37D
11E490
11E5A3
11E6B7
11E7CA
11E8DD
11E9F1
11EB04
11EC18
11ED2B
11EE3F
11EF52
11F066
11F17A
11F28E
11F3A1
11F4B5
11F5C9
11F6DD
11F7F1
11F905
11FA19
11FB2D
11FC41
11FD55
11FE6A
11FF7E
120092
1201A7
1202BB
1203CF
1204E4
1205F8
12070D
120822
120936
120A4B
120B60
120C74
120D89
120E9E
120FB3
1210C8
1211DD
1212F2
121407
12151C
121631
121747
12185C
121971
121A87
121B9C
121CB1
121DC7
121EDC
121FF2
122108
12221D
122333
122449
12255E
122674
12278A
1228A0
1229B6
122ACC
122BE2
122CF8
122E0E
122F24
12303B
123151
123267
12337D
123494
1235AA
1236C1
1237D7
1238EE
123A04
123B1B
123C32
123D48
123E5F
123F76
12408D
1241A4
1242BB
1243D2
1244E9
124600
124717
12482E
124945
124A5D
124B74
124C8B
124DA3
124EBA
124FD1
1250E9
125200
125318
125430
125547
12565F
125777
12588F
1259A7
125ABE
125BD6
125CEE
125E06
125F1E
126037
12614F
126267
12637F
126497
1265B0
1266C8
1267E1
1268F9
126A12
126B2A
126C43
126D5B
126E74
126F8D
1270A5
1271BE
1272D7
1273F0
127509
127622
12773B
127854
12796D
127A86
127B9F
127CB9
127DD2
127EEB
128005
12811E
128238
128351
12846B
128584
12869E
1287B7
1288D1
1289EB
128B05
128C1F
128D38
128E52
128F6C
129086
1291A0
1292BB
1293D5
1294EF
129609
129723
12983E
129958
129A73
129B8D
129CA7
129DC2
129EDD
129FF7
12A112
12A22D
12A347
12A462
12A57D
12A698
12A7B3
12A8CE
12A9E9
12AB04
12AC1F
12AD3A
12AE55
12AF71
12B08C
12B1A7
12B2C3
12B3DE
12B4F9
12B615
12B730
12B84C
12B968
12BA83
12BB9F
12BCBB
12BDD7
12BEF2
12C00E
12C12A
12C246
12C362
12C47E
12C59A
12C6B7
12C7D3
12C8EF
12CA0B
12CB28
12CC44
12CD60
12CE7D
12CF99
12D0B6
12D1D2
12D2EF
12D40C
12D528
12D645
12D762
12D87F
12D99C
12DAB9
12DBD6
12DCF3
12DE10
12DF2D
12E04A
12E167
12E284
12E3A2
12E4BF
12E5DC
12E6FA
12E817
12E935
12EA52
12EB70
12EC8D
12EDAB
12EEC9
12EFE6
12F104
12F222
12F340
12F45E
12F57C
12F69A
12F7B8
12F8D6
12F9F4
12FB12
12FC31
12FD4F
12FE6D
12FF8C
1300AA
1301C8
1302E7
130405
130524
130643
130761
130880
13099F
130ABE
130BDC
130CFB
130E1A
130F39
131058
131177
131296
1313B5
1314D5
1315F4
131713
131832
131952
131A71
131B91
131CB0
131DD0
131EEF
13200F
13212F
13224E
13236E
13248E
1325AE
1326CE
1327ED
13290D
132A2D
132B4E
132C6E
132D8E
132EAE
132FCE
1330EE
13320F
13332F
133450
133570
133690
1337B1
1338D2
1339F2
133B13
133C34
133D54
133E75
133F96
1340B7
1341D8
1342F9
13441A
13453B
13465C
13477D
13489E
1349C0
134AE1
134C02
134D24
134E45
134F66
135088
1351A9
1352CB
1353ED
13550E
135630
135752
135874
135995
135AB7
135BD9
135CFB
135E1D
135F3F
136061
136184
1362A6
1363C8
1364EA
13660D
13672F
136851
136974
136A96
136BB9
136CDB
136DFE
136F21
137043
137166
137289
1373AC
1374CF
1375F2
137715
137838
13795B
137A7E
137BA1
137CC4
137DE7
137F0B
13802E
138151
138275
138398
1384BC
1385DF
138703
138827
13894A
138A6E
138B92
138CB6
138DD9
138EFD
139021
139145
139269
13938D
1394B1
1395D6
1396FA
13981E
139942
139A67
139B8B
139CAF
139DD4
139EF8
13A01D
13A141
13A266
13A38B
13A4B0
13A5D4
13A6F9
13A81E
13A943
13AA68
13AB8D
13ACB2
13ADD7
13AEFC
13B021
13B146
13B26C
13B391
13B4B6
13B5DC
13B701
13B826
13B94C
13BA72
13BB97
13BCBD
13BDE2
13BF08
13C02E
13C154
13C27A
13C3A0
13C4C5
13C5EB
13C712
13C838
13C95E
13CA84
13CBAA
13CCD0
13CDF7
13CF1D
13D043
13D16A
13D290
13D3B7
13D4DD
13D604
13D72B
13D851
13D978
13DA9F
13DBC6
13DCEC
13DE13
13DF3A
13E061
13E188
13E2AF
13E3D7
13E4FE
13E625
13E74C
13E873
13E99B
13EAC2
13EBEA
13ED11
13EE39
13EF60
13F088
13F1AF
13F2D7
13F3FF
13F527
13F64F
13F776
13F89E
13F9C6
13FAEE
13FC16
13FD3E
13FE67
13FF8F
1400B7
1401DF
140307
140430
140558
140681
1407A9
1408D2
1409FA
140B23
140C4B
140D74
140E9D
140FC6
1410EF
141217
141340
141469
141592
1416BB
1417E4
14190E
141A37
141B60
141C89
141DB3
141EDC
142005
14212F
142258
142382
1424AB
1425D5
1426FF
142828
142952
142A7C
142BA6
142CD0
142DFA
142F24
14304E
143178
1432A2
1433CC
1434F6
143620
14374B
143875
14399F
143ACA
143BF4
143D1F
143E49
143F74
14409E
1441C9
1442F4
14441E
144549
144674
14479F
1448CA
1449F5
144B20
144C4B
144D76
144EA1
144FCC
1450F8
145223
14534E
14547A
1455A5
1456D1
1457FC
145928
145A53
145B7F
145CAA
145DD6
145F02
14602E
14615A
146286
1463B1
1464DD
146609
146736
146862
14698E
146ABA
146BE6
146D13
146E3F
146F6B
147098
1471C4
1472F1
14741D
14754A
147676
1477A3
1478D0
1479FD
147B29
147C56
147D83
147EB0
147FDD
14810A
148237
148364
148492
1485BF
1486EC
148819
148947
148A74
148BA2
148CCF
148DFD
148F2A
149058
149185
1492B3
1493E1
14950F
14963C
14976A
149898
1499C6
149AF4
149C22
149D50
149E7E
149FAD
14A0DB
14A209
14A337
14A466
14A594
14A6C3
14A7F1
14A920
14AA4E
14AB7D
14ACAB
14ADDA
14AF09
14B038
14B166
14B295
14B3C4
14B4F3
14B622
14B751
14B880
14B9B0
14BADF
14BC0E
14BD3D
14BE6D
14BF9C
14C0CB
14C1FB
14C32A
14C45A
14C589
14C6B9
14C7E9
14C918
14CA48
14CB78
14CCA8
14CDD8
14CF08
14D038
14D168
14D298
14D3C8
14D4F8
14D628
14D758
14D889
14D9B9
14DAE9
14DC1A
14DD4A
14DE7B
14DFAB
14E0DC
14E20C
14E33D
14E46E
14E59F
14E6CF
14E800
14E931
14EA62
14EB93
14ECC4
14EDF5
14EF26
14F057
14F189
14F2BA
14F3EB
14F51D
14F64E
14F77F
14F8B1
14F9E2
14FB14
14FC45
14FD77
14FEA9
14FFDB
15010C
15023E
150370
1504A2
1505D4
150706
150838
15096A
150A9C
150BCE
150D01
150E33
150F65
151097
1511CA
1512FC
15142F
151561
151694
1517C6
1518F9
151A2C
151B5F
151C91
151DC4
151EF7
15202A
15215D
152290
1523C3
1524F6
152629
15275C
152890
1529C3
152AF6
152C2A
152D5D
152E90
152FC4
1530F7
15322B
15335F
153492
1535C6
1536FA
15382E
153961
153A95
153BC9
153CFD
153E31
153F65
154099
1541CD
154302
154436
15456A
15469E
1547D3
154907
154A3C
154B70
154CA5
154DD9
154F0E
155043
155177
1552AC
1553E1
155516
15564B
155780
1558B5
1559EA
155B1F
155C54
155D89
155EBE
155FF3
156129
15625E
156393
1564C9
1565FE
156734
156869
15699F
156AD5
156C0A
156D40
156E76
156FAC
1570E2
157217
15734D
157483
1575B9
1576F0
157826
15795C
157A92
157BC8
157CFF
157E35
157F6B
1580A2
1581D8
15830F
158445
15857C
1586B3
1587E9
158920
158A57
158B8E
158CC5
158DFB
158F32
159069
1591A0
1592D8
15940F
159546
15967D
1597B4
1598EC
159A23
159B5A
159C92
159DC9
159F01
15A039
15A170
15A2A8
15A3E0
15A517
15A64F
15A787
15A8BF
15A9F7
15AB2F
15AC67
15AD9F
15AED7
15B00F
15B147
15B27F
15B3B8
15B4F0
15B628
15B761
15B899
15B9D2
15BB0A
15BC43
15BD7C
15BEB4
15BFED
15C126
15C25F
15C397
15C4D0
15C609
15C742
15C87B
15C9B4
15CAEE
15CC27
15CD60
15CE99
15CFD2
15D10C
15D245
15D37F
15D4B8
15D5F2
15D72B
15D865
15D99E
15DAD8
15DC12
15DD4C
15DE85
15DFBF
15E0F9
15E233
15E36D
15E4A7
15E5E1
15E71B
15E856
15E990
15EACA
15EC04
15ED3F
15EE79
15EFB4
15F0EE
15F229
15F363
15F49E
15F5D8
15F713
15F84E
15F989
15FAC4
15FBFE
15FD39
15FE74
15FFAF
1600EA
160225
160361
16049C
1605D7
160712
16084E
160989
160AC4
160C00
160D3B
160E77
160FB2
1610EE
16122A
161366
1614A1
1615DD
161719
161855
161991
161ACD
161C09
161D45
161E81
161FBD
1620F9
162236
162372
1624AE
1625EB
162727
162863
1629A0
162ADD
162C19
162D56
162E92
162FCF
16310C
163249
163386
1634C3
1635FF
16373C
16387A
1639B7
163AF4
163C31
163D6E
163EAB
163FE9
164126
164263
1643A1
1644DE
16461C
164759
164897
1649D5
164B12
164C50
164D8E
164ECC
16500A
165148
165286
1653C4
165502
165640
16577E
1658BC
1659FA
165B38
165C77
165DB5
165EF4
166032
166171
1662AF
1663EE
16652C
16666B
1667AA
1668E8
166A27
166B66
166CA5
166DE4
166F23
167062
1671A1
1672E0
16741F
16755E
16769E
1677DD
16791C
167A5C
167B9B
167CDB
167E1A
167F5A
168099
1681D9
168319
168458
168598
1686D8
168818
168958
168A98
168BD8
168D18
168E58
168F98
1690D8
169218
169358
169499
1695D9
169719
16985A
16999A
169ADB
169C1B
169D5C
169E9D
169FDD
16A11E
16A25F
16A3A0
16A4E1
16A622
16A762
16A8A4
16A9E5
16AB26
16AC67
16ADA8
16AEE9
16B02A
16B16C
16B2AD
16B3EF
16B530
16B671
16B7B3
16B8F5
16BA36
16BB78
16BCBA
16BDFB
16BF3D
16C07F
16C1C1
16C303
16C445
16C587
16C6C9
16C80B
16C94D
16CA8F
16CBD2
16CD14
16CE56
16CF99
16D0DB
16D21D
16D360
16D4A2
16D5E5
16D728
16D86A
16D9AD
16DAF0
16DC33
16DD76
16DEB8
16DFFB
16E13E
16E281
16E3C4
16E508
16E64B
16E78E
16E8D1
16EA15
16EB58
16EC9B
16EDDF
16EF22
16F066
16F1A9
16F2ED
16F431
16F574
16F6B8
16F7FC
16F940
16FA83
16FBC7
16FD0B
16FE4F
16FF93
1700D7
17021C
170360
1704A4
1705E8
17072D
170871
1709B5
170AFA
170C3E
170D83
170EC7
17100C
171151
171295
1713DA
17151F
171664
1717A9
1718EE
171A33
171B78
171CBD
171E02
171F47
17208C
1721D1
172317
17245C
1725A1
1726E7
17282C
172972
172AB7
172BFD
172D42
172E88
172FCE
173114
173259
17339F
1734E5
17362B
173771
1738B7
1739FD
173B43
173C8A
173DD0
173F16
17405C
1741A3
1742E9
17442F
174576
1746BC
174803
17494A
174A90
174BD7
174D1E
174E64
174FAB
1750F2
175239
175380
1754C7
17560E
175755
17589C
1759E3
175B2B
175C72
175DB9
175F01
176048
17618F
1762D7
17641F
176566
1766AE
1767F5
17693D
176A85
176BCD
176D14
176E5C
176FA4
1770EC
177234
17737C
1774C4
17760D
177755
17789D
1779E5
177B2E
177C76
177DBE
177F07
17804F
178198
1782E1
178429
178572
1786BB
178803
17894C
178A95
178BDE
178D27
178E70
178FB9
179102
17924B
179394
1794DD
179627
179770
1798B9
179A03
179B4C
179C96
179DDF
179F29
17A072
17A1BC
17A306
17A44F
17A599
17A6E3
17A82D
17A977
17AAC1
17AC0B
17AD55
17AE9F
17AFE9
17B133
17B27D
17B3C8
17B512
17B65C
17B7A7
17B8F1
17BA3C
17BB86
17BCD1
17BE1B
17BF66
17C0B1
17C1FB
17C346
17C491
17C5DC
17C727
17C872
17C9BD
17CB08
17CC53
17CD9E
17CEE9
17D035
17D180
17D2CB
17D417
17D562
17D6AD
17D7F9
17D945
17DA90
17DBDC
17DD27
17DE73
17DFBF
17E10B
17E257
17E3A2
17E4EE
17E63A
17E786
17E8D2
17EA1F
17EB6B
17ECB7
17EE03
17EF50
17F09C
17F1E8
17F335
17F481
17F5CE
17F71A
17F867
17F9B3
17FB00
17FC4D
17FD9A
17FEE6
180033
180180
1802CD
18041A
180567
1806B4
180801
18094F
180A9C
180BE9
180D36
180E84
180FD1
18111F
18126C
1813BA
181507
181655
1817A3
1818F0
181A3E
181B8C
181CDA
181E27
181F75
1820C3
182211
18235F
1824AE
1825FC
18274A
182898
1829E6
182B35
182C83
182DD2
182F20
18306E
1831BD
18330C
18345A
1835A9
1836F8
183846
183995
183AE4
183C33
183D82
183ED1
184020
18416F
1842BE
18440D
18455C
1846AC
1847FB
18494A
184A9A
184BE9
184D39
184E88
184FD8
185127
185277
1853C7
185516
185666
1857B6
185906
185A56
185BA6
185CF6
185E46
185F96
1860E6
186236
186386
1864D7
186627
186777
1868C8
186A18
186B69
186CB9
186E0A
186F5A
1870AB
1871FC
18734C
18749D
1875EE
18773F
187890
1879E1
187B32
187C83
187DD4
187F25
188076
1881C7
188319
18846A
1885BB
18870D
18885E
1889B0
188B01
188C53
188DA5
188EF6
189048
18919A
1892EC
18943D
18958F
1896E1
189833
189985
189AD7
189C29
189D7C
189ECE
18A020
18A172
18A2C5
18A417
18A569
18A6BC
18A80E
18A961
18AAB4
18AC06
18AD59
18AEAC
18AFFE
18B151
18B2A4
18B3F7
18B54A
18B69D
18B7F0
18B943
18BA96
18BBE9
18BD3D
18BE90
18BFE3
18C136
18C28A
18C3DD
18C531
18C684
18C7D8
18C92B
18CA7F
18CBD3
18CD27
18CE7A
18CFCE
18D122
18D276
18D3CA
18D51E
18D672
18D7C6
18D91A
18DA6E
18DBC3
18DD17
18DE6B
18DFC0
18E114
18E268
18E3BD
18E511
18E666
18E7BB
18E90F
18EA64
18EBB9
18ED0E
18EE62
18EFB7
18F10C
18F261
18F3B6
18F50B
18F660
18F7B6
18F90B
18FA60
18FBB5
18FD0B
18FE60
18FFB5
19010B
190260
1903B6
19050B
190661
1907B7
19090D
190A62
190BB8
190D0E
190E64
190FBA
191110
191266
1913BC
191512
191668
1917BE
191915
191A6B
191BC1
191D18
191E6E
191FC5
19211B
192272
1923C8
19251F
192676
1927CC
192923
192A7A
192BD1
192D28
192E7F
192FD6
19312D
193284
1933DB
193532
193689
1937E1
193938
193A8F
193BE7
193D3E
193E96
193FED
194145
19429C
1943F4
19454C
1946A3
1947FB
194953
194AAB
194C03
194D5B
194EB3
19500B
195163
1952BB
195413
19556C
1956C4
19581C
195975
195ACD
195C25
195D7E
195ED6
19602F
196188
1962E0
196439
196592
1966EB
196843
19699C
196AF5
196C4E
196DA7
196F00
19705A
1971B3
19730C
197465
1975BE
197718
197871
1979CB
197B24
197C7E
197DD7
197F31
19808A
1981E4
19833E
198497
1985F1
19874B
1988A5
1989FF
198B59
198CB3
198E0D
198F67
1990C1
19921C
199376
1994D0
19962B
199785
1998DF
199A3A
199B94
199CEF
199E4A
199FA4
19A0FF
19A25A
19A3B4
19A50F
19A66A
19A7C5
19A920
19AA7B
19ABD6
19AD31
19AE8C
19AFE7
19B143
19B29E
19B3F9
19B555
19B6B0
19B80B
19B967
19BAC2
19BC1E
19BD7A
19BED5
19C031
19C18D
19C2E9
19C444
19C5A0
19C6FC
19C858
19C9B4
19CB10
19CC6C
19CDC9
19CF25
19D081
19D1DD
19D33A
19D496
19D5F2
19D74F
19D8AB
19DA08
19DB64
19DCC1
19DE1E
19DF7A
19E0D7
19E234
19E391
19E4EE
19E64B
19E7A8
19E905
19EA62
19EBBF
19ED1C
19EE79
19EFD6
19F134
19F291
19F3EE
19F54C
19F6A9
19F807
19F964
19FAC2
19FC20
19FD7D
19FEDB
1A0039
1A0197
1A02F5
1A0452
1A05B0
1A070E
1A086C
1A09CA
1A0B29
1A0C87
1A0DE5
1A0F43
1A10A2
1A1200
1A135E
1A14BD
1A161B
1A177A
1A18D8
1A1A37
1A1B96
1A1CF4
1A1E53
1A1FB2
1A2111
1A226F
1A23CE
1A252D
1A268C
1A27EB
1A294A
1A2AAA
1A2C09
1A2D68
1A2EC7
1A3027
1A3186
1A32E5
1A3445
1A35A4
1A3704
1A3863
1A39C3
1A3B23
1A3C82
1A3DE2
1A3F42
1A40A2
1A4202
1A4361
1A44C1
1A4621
1A4782
1A48E2
1A4A42
1A4BA2
1A4D02
1A4E62
1A4FC3
1A5123
1A5284
1A53E4
1A5544
1A56A5
1A5806
1A5966
1A5AC7
1A5C28
1A5D88
1A5EE9
1A604A
1A61AB
1A630C
1A646D
1A65CE
1A672F
1A6890
1A69F1
1A6B52
1A6CB4
1A6E15
1A6F76
1A70D8
1A7239
1A739A
1A74FC
1A765D
1A77BF
1A7921
1A7A82
1A7BE4
1A7D46
1A7EA8
1A800A
1A816B
1A82CD
1A842F
1A8591
1A86F3
1A8856
1A89B8
1A8B1A
1A8C7C
1A8DDE
1A8F41
1A90A3
1A9206
1A9368
1A94CB
1A962D
1A9790
1A98F2
1A9A55
1A9BB8
1A9D1B
1A9E7D
1A9FE0
1AA143
1AA2A6
1AA409
1AA56C
1AA6CF
1AA832
1AA996
1AAAF9
1AAC5C
1AADBF
1AAF23
1AB086
1AB1E9
1AB34D
1AB4B0
1AB614
1AB778
1AB8DB
1ABA3F
1ABBA3
1ABD06
1ABE6A
1ABFCE
1AC132
1AC296
1AC3FA
1AC55E
1AC6C2
1AC826
1AC98A
1ACAEF
1ACC53
1ACDB7
1ACF1C
1AD080
1AD1E4
1AD349
1AD4AD
1AD612
1AD777
1AD8DB
1ADA40
1ADBA5
1ADD0A
1ADE6E
1ADFD3
1AE138
1AE29D
1AE402
1AE567
1AE6CC
1AE831
1AE997
1AEAFC
1AEC61
1AEDC6
1AEF2C
1AF091
1AF1F7
1AF35C
1AF4C2
1AF627
1AF78D
1AF8F2
1AFA58
1AFBBE
1AFD24
1AFE8A
1AFFEF
1B0155
1B02BB
1B0421
1B0587
1B06EE
1B0854
1B09BA
1B0B20
1B0C86
1B0DED
1B0F53
1B10B9
1B1220
1B1386
1B14ED
1B1654
1B17BA
1B1921
1B1A88
1B1BEE
1B1D55
1B1EBC
1B2023
1B218A
1B22F1
1B2458
1B25BF
1B2726
1B288D
1B29F4
1B2B5C
1B2CC3
1B2E2A
1B2F91
1B30F9
1B3260
1B33C8
1B352F
1B3697
1B37FF
1B3966
1B3ACE
1B3C36
1B3D9E
1B3F05
1B406D
1B41D5
1B433D
1B44A5
1B460D
1B4775
1B48DE
1B4A46
1B4BAE
1B4D16
1B4E7F
1B4FE7
1B514F
1B52B8
1B5420
1B5589
1B56F2
1B585A
1B59C3
1B5B2C
1B5C94
1B5DFD
1B5F66
1B60CF
1B6238
1B63A1
1B650A
1B6673
1B67DC
1B6945
1B6AAE
1B6C18
1B6D81
1B6EEA
1B7054
1B71BD
1B7327
1B7490
1B75FA
1B7763
1B78CD
1B7A37
1B7BA0
1B7D0A
1B7E74
1B7FDE
1B8148
1B82B2
1B841C
1B8586
1B86F0
1B885A
1B89C4
1B8B2E
1B8C98
1B8E03
1B8F6D
1B90D8
1B9242
1B93AC
1B9517
1B9681
1B97EC
1B9957
1B9AC1
1B9C2C
1B9D97
1B9F02
1BA06D
1BA1D8
1BA342
1BA4AD
1BA618
1BA784
1BA8EF
1BAA5A
1BABC5
1BAD30
1BAE9C
1BB007
1BB172
1BB2DE
1BB449
1BB5B5
1BB720
1BB88C
1BB9F8
1BBB63
1BBCCF
1BBE3B
1BBFA7
1BC112
1BC27E
1BC3EA
1BC556
1BC6C2
1BC82E
1BC99B
1BCB07
1BCC73
1BCDDF
1BCF4C
1BD0B8
1BD224
1BD391
1BD4FD
1BD66A
1BD7D6
1BD943
1BDAB0
1BDC1C
1BDD89
1BDEF6
1BE063
1BE1CF
1BE33C
1BE4A9
1BE616
1BE783
1BE8F0
1BEA5E
1BEBCB
1BED38
1BEEA5
1BF013
1BF180
1BF2ED
1BF45B
1BF5C8
1BF736
1BF8A3
1BFA11
1BFB7F
1BFCEC
1BFE5A
1BFFC8
1C0136
1C02A3
1C0411
1C057F
1C06ED
1C085B
1C09C9
1C0B38
1C0CA6
1C0E14
1C0F82
1C10F1
1C125F
1C13CD
1C153C
1C16AA
1C1819
1C1987
1C1AF6
1C1C65
1C1DD3
1C1F42
1C20B1
1C2220
1C238E
1C24FD
1C266C
1C27DB
1C294A
1C2AB9
1C2C29
1C2D98
1C2F07
1C3076
1C31E6
1C3355
1C34C4
1C3634
1C37A3
1C3913
1C3A82
1C3BF2
1C3D62
1C3ED1
1C4041
1C41B1
1C4321
1C4491
1C4600
1C4770
1C48E0
1C4A50
1C4BC1
1C4D31
1C4EA1
1C5011
1C5181
1C52F2
1C5462
1C55D2
1C5743
1C58B3
1C5A24
1C5B94
1C5D05
1C5E76
1C5FE6
1C6157
1C62C8
1C6439
1C65AA
1C671A
1C688B
1C69FC
1C6B6D
1C6CDF
1C6E50
1C6FC1
1C7132
1C72A3
1C7415
1C7586
1C76F7
1C7869
1C79DA
1C7B4C
1C7CBD
1C7E2F
1C7FA1
1C8112
1C8284
1C83F6
1C8568
1C86DA
1C884B
1C89BD
1C8B2F
1C8CA1
1C8E14
1C8F86
1C90F8
1C926A
1C93DC
1C954F
1C96C1
1C9833
1C99A6
1C9B18
1C9C8B
1C9DFD
1C9F70
1CA0E3
1CA255
1CA3C8
1CA53B
1CA6AE
1CA821
1CA993
1CAB06
1CAC79
1CADEC
1CAF60
1CB0D3
1CB246
1CB3B9
1CB52C
1CB6A0
1CB813
1CB986
1CBAFA
1CBC6D
1CBDE1
1CBF54
1CC0C8
1CC23C
1CC3AF
1CC523
1CC697
1CC80B
1CC97E
1CCAF2
1CCC66
1CCDDA
1CCF4E
1CD0C2
1CD237
1CD3AB
1CD51F
1CD693
1CD807
1CD97C
1CDAF0
1CDC65
1CDDD9
1CDF4E
1CE0C2
1CE237
1CE3AB
1CE520
1CE695
1CE80A
1CE97E
1CEAF3
1CEC68
1CEDDD
1CEF52
1CF0C7
1CF23C
1CF3B1
1CF527
1CF69C
1CF811
1CF986
1CFAFC
1CFC71
1CFDE6
1CFF5C
1D00D1
1D0247
1D03BD
1D0532
1D06A8
1D081E
1D0993
1D0B09
1D0C7F
1D0DF5
1D0F6B
1D10E1
1D1257
1D13CD
1D1543
1D16B9
1D182F
1D19A6
1D1B1C
1D1C92
1D1E09
1D1F7F
1D20F6
1D226C
1D23E3
1D2559
1D26D0
1D2847
1D29BD
1D2B34
1D2CAB
1D2E22
1D2F99
1D3110
1D3287
1D33FE
1D3575
1D36EC
1D3863
1D39DA
1D3B51
1D3CC9
1D3E40
1D3FB7
1D412F
1D42A6
1D441E
1D4595
1D470D
1D4884
1D49FC
1D4B74
1D4CEC
1D4E63
1D4FDB
1D5153
1D52CB
1D5443
1D55BB
1D5733
1D58AB
1D5A23
1D5B9C
1D5D14
1D5E8C
1D6004
1D617D
1D62F5
1D646E
1D65E6
1D675F
1D68D7
1D6A50
1D6BC8
1D6D41
1D6EBA
1D7033
1D71AC
1D7324
1D749D
1D7616
1D778F
1D7908
1D7A81
1D7BFB
1D7D74
1D7EED
1D8066
1D81E0
1D8359
1D84D2
1D864C
1D87C5
1D893F
1D8AB8
1D8C32
1D8DAC
1D8F25
1D909F
1D9219
1D9393
1D950D
1D9687
1D9800
1D997A
1D9AF5
1D9C6F
1D9DE9
1D9F63
1DA0DD
1DA257
1DA3D2
1DA54C
1DA6C6
1DA841
1DA9BB
1DAB36
1DACB0
1DAE2B
1DAFA6
1DB120
1DB29B
1DB416
1DB591
1DB70C
1DB886
1DBA01
1DBB7C
1DBCF7
1DBE73
1DBFEE
1DC169
1DC2E4
1DC45F
1DC5DB
1DC756
1DC8D1
1DCA4D
1DCBC8
1DCD44
1DCEBF
1DD03B
1DD1B6
1DD332
1DD4AE
1DD62A
1DD7A5
1DD921
1DDA9D
1DDC19
1DDD95
1DDF11
1DE08D
1DE209
1DE386
1DE502
1DE67E
1DE7FA
1DE977
1DEAF3
1DEC6F
1DEDEC
1DEF68
1DF0E5
1DF261
1DF3DE
1DF55B
1DF6D7
1DF854
1DF9D1
1DFB4E
1DFCCB
1DFE48
1DFFC5
1E0142
1E02BF
1E043C
1E05B9
1E0736
1E08B3
1E0A31
1E0BAE
1E0D2B
1E0EA9
1E1026
1E11A4
1E1321
1E149F
1E161C
1E179A
1E1918
1E1A95
1E1C13
1E1D91
1E1F0F
1E208D
1E220B
1E2389
1E2507
1E2685
1E2803
1E2981
1E2AFF
1E2C7E
1E2DFC
1E2F7A
1E30F9
1E3277
1E33F6
1E3574
1E36F3
1E3871
1E39F0
1E3B6F
1E3CED
1E3E6C
1E3FEB
1E416A
1E42E9
1E4468
1E45E7
1E4766
1E48E5
1E4A64
1E4BE3
1E4D62
1E4EE2
1E5061
1E51E0
1E5360
1E54DF
1E565E
1E57DE
1E595D
1E5ADD
1E5C5D
1E5DDC
1E5F5C
1E60DC
1E625C
1E63DC
1E655B
1E66DB
1E685B
1E69DB
1E6B5B
1E6CDB
1E6E5C
1E6FDC
1E715C
1E72DC
1E745D
1E75DD
1E775D
1E78DE
1E7A5E
1E7BDF
1E7D5F
1E7EE0
1E8061
1E81E1
1E8362
1E84E3
1E8664
1E87E5
1E8966
1E8AE7
1E8C68
1E8DE9
1E8F6A
1E90EB
1E926C
1E93ED
1E956E
1E96F0
1E9871
1E99F3
1E9B74
1E9CF5
1E9E77
1E9FF8
1EA17A
1EA2FC
1EA47D
1EA5FF
1EA781
1EA903
1EAA85
1EAC06
1EAD88
1EAF0A
1EB08C
1EB20F
1EB391
1EB513
1EB695
1EB817
1EB99A
1EBB1C
1EBC9E
1EBE21
1EBFA3
1EC126
1EC2A8
1EC42B
1EC5AD
1EC730
1EC8B3
1ECA35
1ECBB8
1ECD3B
1ECEBE
1ED041
1ED1C4
1ED347
1ED4CA
1ED64D
1ED7D0
1ED953
1EDAD7
1EDC5A
1EDDDD
1EDF61
1EE0E4
1EE267
1EE3EB
1EE56E
1EE6F2
1EE876
1EE9F9
1EEB7D
1EED01
1EEE84
1EF008
1EF18C
1EF310
1EF494
1EF618
1EF79C
1EF920
1EFAA4
1EFC28
1EFDAD
1EFF31
1F00B5
1F0239
1F03BE
1F0542
1F06C7
1F084B
1F09D0
1F0B54
1F0CD9
1F0E5E
1F0FE2
1F1167
1F12EC
1F1471
1F15F6
1F177B
1F1900
1F1A85
1F1C0A
1F1D8F
1F1F14
1F2099
1F221E
1F23A4
1F2529
1F26AE
1F2834
1F29B9
1F2B3F
1F2CC4
1F2E4A
1F2FCF
1F3155
1F32DB
1F3460
1F35E6
1F376C
1F38F2
1F3A78
1F3BFE
1F3D84
1F3F0A
1F4090
1F4216
1F439C
1F4522
1F46A9
1F482F
1F49B5
1F4B3C
1F4CC2
1F4E48
1F4FCF
1F5155
1F52DC
1F5463
1F55E9
1F5770
1F58F7
1F5A7E
1F5C04
1F5D8B
1F5F12
1F6099
1F6220
1F63A7
1F652E
1F66B6
1F683D
1F69C4
1F6B4B
1F6CD3
1F6E5A
1F6FE1
1F7169
1F72F0
1F7478
1F75FF
1F7787
1F790F
1F7A96
1F7C1E
1F7DA6
1F7F2E
1F80B5
1F823D
1F83C5
1F854D
1F86D5
1F885D
1F89E6
1F8B6E
1F8CF6
1F8E7E
1F9006
1F918F
1F9317
1F94A0
1F9628
1F97B1
1F9939
1F9AC2
1F9C4A
1F9DD3
1F9F5C
1FA0E4
1FA26D
1FA3F6
1FA57F
1FA708
1FA891
1FAA1A
1FABA3
1FAD2C
1FAEB5
1FB03E
1FB1C8
1FB351
1FB4DA
1FB663
1FB7ED
1FB976
1FBB00
1FBC89
1FBE13
1FBF9C
1FC126
1FC2B0
1FC439
1FC5C3
1FC74D
1FC8D7
1FCA61
1FCBEB
1FCD75
1FCEFF
1FD089
1FD213
1FD39D
1FD527
1FD6B2
1FD83C
1FD9C6
1FDB50
1FDCDB
1FDE65
1FDFF0
1FE17A
1FE305
1FE490
1FE61A
1FE7A5
1FE930
1FEABA
1FEC45
1FEDD0
1FEF5B
1FF0E6
1FF271
1FF3FC
1FF587
1FF712
1FF89D
1FFA29
1FFBB4
1FFD3F
1FFECA
200056
2001E1
20036D
2004F8
200684
20080F
20099B
200B27
200CB2
200E3E
200FCA
201156
2012E2
20146E
2015FA
201786
201912
201A9E
201C2A
201DB6
201F42
2020CF
20225B
2023E7
202574
202700
20288C
202A19
202BA6
202D32
202EBF
20304C
2031D8
203365
2034F2
20367F
20380C
203999
203B25
203CB3
203E40
203FCD
20415A
2042E7
204474
204602
20478F
20491C
204AAA
204C37
204DC5
204F52
2050E0
20526D
2053FB
205589
205716
2058A4
205A32
205BC0
205D4E
205EDC
20606A
2061F8
206386
206514
2066A2
206830
2069BE
206B4D
206CDB
206E69
206FF8
207186
207315
2074A3
207632
2077C1
20794F
207ADE
207C6D
207DFB
207F8A
208119
2082A8
208437
2085C6
208755
2088E4
208A73
208C02
208D92
208F21
2090B0
209240
2093CF
20955E
2096EE
20987D
209A0D
209B9C
209D2C
209EBC
20A04C
20A1DB
20A36B
20A4FB
20A68B
20A81B
20A9AB
20AB3B
20ACCB
20AE5B
20AFEB
20B17B
20B30B
20B49C
20B62C
20B7BC
20B94D
20BADD
20BC6E
20BDFE
20BF8F
20C11F
20C2B0
20C441
20C5D1
20C762
20C8F3
20CA84
20CC15
20CDA5
20CF36
20D0C7
20D259
20D3EA
20D57B
20D70C
20D89D
20DA2E
20DBC0
20DD51
20DEE2
20E074
20E205
20E397
20E528
20E6BA
20E84C
20E9DD
20EB6F
20ED01
20EE93
20F025
20F1B6
20F348
20F4DA
20F66C
20F7FE
20F991
20FB23
20FCB5
20FE47
20FFD9
21016C
2102FE
210490
210623
2107B5
210948
210ADA
210C6D
210E00
210F92
211125
2112B8
21144B
2115DE
211770
211903
211A96
211C29
211DBC
211F50
2120E3
212276
212409
21259C
212730
2128C3
212A56
212BEA
212D7D
212F11
2130A4
213238
2133CC
21355F
2136F3
213887
213A1B
213BAF
213D42
213ED6
21406A
2141FE
214392
214527
2146BB
21484F
2149E3
214B77
214D0C
214EA0
215034
2151C9
21535D
2154F2
215687
21581B
2159B0
215B44
215CD9
215E6E
216003
216198
21632D
2164C1
216656
2167EB
216981
216B16
216CAB
216E40
216FD5
21716A
217300
217495
21762B
2177C0
217955
217AEB
217C81
217E16
217FAC
218141
2182D7
21846D
218603
218799
21892F
218AC5
218C5A
218DF1
218F87
21911D
2192B3
219449
2195DF
219776
21990C
219AA2
219C39
219DCF
219F65
21A0FC
21A293
21A429
21A5C0
21A756
21A8ED
21AA84
21AC1B
21ADB2
21AF49
21B0DF
21B276
21B40D
21B5A5
21B73C
21B8D3
21BA6A
21BC01
21BD98
21BF30
21C0C7
21C25F
21C3F6
21C58D
21C725
21C8BC
21CA54
21CBEC
21CD83
21CF1B
21D0B3
21D24B
21D3E3
21D57A
21D712
21D8AA
21DA42
21DBDA
21DD72
21DF0B
21E0A3
21E23B
21E3D3
21E56C
21E704
21E89C
21EA35
21EBCD
21ED66
21EEFE
21F097
21F22F
21F3C8
21F561
21F6FA
21F892
21FA2B
21FBC4
21FD5D
21FEF6
22008F
220228
2203C1
22055A
2206F3
22088D
220A26
220BBF
220D59
220EF2
22108B
221225
2213BE
221558
2216F1
22188B
221A25
221BBE
221D58
221EF2
22208C
222226
2223C0
22255A
2226F4
22288E
222A28
222BC2
222D5C
222EF6
223090
22322B
2233C5
22355F
2236FA
223894
223A2F
223BC9
223D64
223EFE
224099
224234
2243CF
224569
224704
22489F
224A3A
224BD5
224D70
224F0B
2250A6
225241
2253DC
225577
225713
2258AE
225A49
225BE5
225D80
225F1B
2260B7
226252
2263EE
22658A
226725
2268C1
226A5D
226BF8
226D94
226F30
2270CC
227268
227404
2275A0
22773C
2278D8
227A74
227C10
227DAD
227F49
2280E5
228282
22841E
2285BA
228757
2288F3
228A90
228C2C
228DC9
228F66
229102
22929F
22943C
2295D9
229776
229913
229AB0
229C4D
229DEA
229F87
22A124
22A2C1
22A45E
22A5FB
22A799
22A936
22AAD3
22AC71
22AE0E
22AFAC
22B149
22B2E7
22B485
22B622
22B7C0
22B95E
22BAFB
22BC99
22BE37
22BFD5
22C173
22C311
22C4AF
22C64D
22C7EB
22C989
22CB28
22CCC6
22CE64
22D002
22D1A1
22D33F
22D4DE
22D67C
22D81A
22D9B9
22DB58
22DCF6
22DE95
22E034
22E1D2
22E371
22E510
22E6AF
22E84E
22E9ED
22EB8C
22ED2B
22EECA
22F069
22F208
22F3A8
22F547
22F6E6
22F885
22FA25
22FBC4
22FD64
22FF03
2300A3
230242
2303E2
230582
230721
2308C1
230A61
230C01
230DA1
230F40
2310E0
231280
231420
2315C0
231761
231901
231AA1
231C41
231DE1
231F82
232122
2322C2
232463
232603
2327A4
232944
232AE5
232C86
232E26
232FC7
233168
233309
2334AA
23364A
2337EB
23398C
233B2D
233CCE
233E6F
234011
2341B2
234353
2344F4
234696
234837
2349D8
234B7A
234D1B
234EBD
23505E
235200
2353A1
235543
2356E5
235886
235A28
235BCA
235D6C
235F0E
2360B0
236252
2363F4
236596
236738
2368DA
236A7C
236C1E
236DC1
236F63
237105
2372A8
23744A
2375ED
23778F
237932
237AD4
237C77
237E1A
237FBC
23815F
238302
2384A5
238648
2387EB
23898D
238B30
238CD4
238E77
23901A
2391BD
239360
239503
2396A7
23984A
2399ED
239B91
239D34
239ED8
23A07B
23A21F
23A3C2
23A566
23A70A
23A8AD
23AA51
23ABF5
23AD99
23AF3D
23B0E1
23B285
23B429
23B5CD
23B771
23B915
23BAB9
23BC5D
23BE02
23BFA6
23C14A
23C2EF
23C493
23C637
23C7DC
23C980
23CB25
23CCCA
23CE6E
23D013
23D1B8
23D35D
23D501
23D6A6
23D84B
23D9F0
23DB95
23DD3A
23DEDF
23E084
23E229
23E3CF
23E574
23E719
23E8BE
23EA64
23EC09
23EDAE
23EF54
23F0F9
23F29F
23F445
23F5EA
23F790
23F936
23FADB
23FC81
23FE27
23FFCD
240173
240319
2404BF
240665
24080B
2409B1
240B57
240CFD
240EA3
24104A
2411F0
241396
24153D
2416E3
24188A
241A30
241BD7
241D7D
241F24
2420CB
242271
242418
2425BF
242766
24290D
242AB4
242C5B
242E02
242FA9
243150
2432F7
24349E
243645
2437EC
243994
243B3B
243CE2
243E8A
244031
2441D9
244380
244528
2446CF
244877
244A1F
244BC6
244D6E
244F16
2450BE
245266
24540E
2455B5
24575D
245906
245AAE
245C56
245DFE
245FA6
24614E
2462F7
24649F
246647
2467F0
246998
246B41
246CE9
246E92
24703A
2471E3
24738C
247534
2476DD
247886
247A2F
247BD8
247D81
247F29
2480D2
24827C
248425
2485CE
248777
248920
248AC9
248C73
248E1C
248FC5
24916F
249318
2494C2
24966B
249815
2499BE
249B68
249D12
249EBB
24A065
24A20F
24A3B9
24A563
24A70D
24A8B7
24AA61
24AC0B
24ADB5
24AF5F
24B109
24B2B3
24B45D
24B608
24B7B2
24B95C
24BB07
24BCB1
24BE5C
24C006
24C1B1
24C35B
24C506
24C6B1
24C85B
24CA06
24CBB1
24CD5C
24CF07
24D0B2
24D25D
24D408
24D5B3
24D75E
24D909
24DAB4
24DC5F
24DE0A
24DFB6
24E161
24E30C
24E4B8
24E663
24E80F
24E9BA
24EB66
24ED11
24EEBD
24F069
24F214
24F3C0
24F56C
24F718
24F8C4
24FA6F
24FC1B
24FDC7
24FF73
25011F
2502CC
250478
250624
2507D0
25097C
250B29
250CD5
250E81
25102E
2511DA
251387
251533
2516E0
25188D
251A39
251BE6
251D93
251F40
2520EC
252299
252446
2525F3
2527A0
25294D
252AFA
252CA7
252E54
253002
2531AF
25335C
253509
2536B7
253864
253A12
253BBF
253D6C
253F1A
2540C8
254275
254423
2545D1
25477E
25492C
254ADA
254C88
254E36
254FE4
255192
255340
2554EE
25569C
25584A
2559F8
255BA6
255D55
255F03
2560B1
25625F
25640E
2565BC
25676B
256919
256AC8
256C77
256E25
256FD4
257183
257331
2574E0
25768F
25783E
2579ED
257B9C
257D4B
257EFA
2580A9
258258
258407
2585B6
258766
258915
258AC4
258C74
258E23
258FD2
259182
259331
2594E1
259691
259840
2599F0
259BA0
259D4F
259EFF
25A0AF
25A25F
25A40F
25A5BF
25A76F
25A91F
25AACF
25AC7F
25AE2F
25AFDF
25B18F
25B340
25B4F0
25B6A0
25B851
25BA01
25BBB1
25BD62
25BF13
25C0C3
25C274
25C424
25C5D5
25C786
25C937
25CAE7
25CC98
25CE49
25CFFA
25D1AB
25D35C
25D50D
25D6BE
25D86F
25DA20
25DBD2
25DD83
25DF34
25E0E5
25E297
25E448
25E5FA
25E7AB
25E95D
25EB0E
25ECC0
25EE71
25F023
25F1D5
25F387
25F538
25F6EA
25F89C
25FA4E
25FC00
25FDB2
25FF64
260116
2602C8
26047A
26062C
2607DF
260991
260B43
260CF6
260EA8
26105A
26120D
2613BF
261572
261724
2618D7
261A8A
261C3C
261DEF
261FA2
262155
262308
2624BA
26266D
262820
2629D3
262B86
262D39
262EED
2630A0
263253
263406
2635B9
26376D
263920
263AD3
263C87
263E3A
263FEE
2641A1
264355
264509
2646BC
264870
264A24
264BD8
264D8B
264F3F
2650F3
2652A7
26545B
26560F
2657C3
265977
265B2B
265CDF
265E94
266048
2661FC
2663B1
266565
266719
2668CE
266A82
266C37
266DEB
266FA0
267155
267309
2674BE
267673
267828
2679DC
267B91
267D46
267EFB
2680B0
268265
26841A
2685CF
268784
26893A
268AEF
268CA4
268E59
26900F
2691C4
269379
26952F
2696E4
26989A
269A50
269C05
269DBB
269F70
26A126
26A2DC
26A492
26A648
26A7FD
26A9B3
26AB69
26AD1F
26AED5
26B08B
26B242
26B3F8
26B5AE
26B764
26B91A
26BAD1
26BC87
26BE3D
26BFF4
26C1AA
26C361
26C517
26C6CE
26C884
26CA3B
26CBF2
26CDA9
26CF5F
26D116
26D2CD
26D484
26D63B
26D7F2
26D9A9
26DB60
26DD17
26DECE
26E085
26E23C
26E3F4
26E5AB
26E762
26E919
26EAD1
26EC88
26EE40
26EFF7
26F1AF
26F366
26F51E
26F6D6
26F88D
26FA45
26FBFD
26FDB5
26FF6C
270124
2702DC
270494
27064C
270804
2709BC
270B74
270D2D
270EE5
27109D
271255
27140E
2715C6
27177E
271937
271AEF
271CA8
271E60
272019
2721D1
27238A
272543
2726FC
2728B4
272A6D
272C26
272DDF
272F98
273151
27330A
2734C3
27367C
273835
2739EE
273BA7
273D61
273F1A
2740D3
27428C
274446
2745FF
2747B9
274972
274B2C
274CE5
274E9F
275059
275212
2753CC
275586
275740
2758F9
275AB3
275C6D
275E27
275FE1
27619B
276355
27650F
2766CA
276884
276A3E
276BF8
276DB3
276F6D
277127
2772E2
27749C
277657
277811
2779CC
277B86
277D41
277EFC
2780B6
278271
27842C
2785E7
2787A2
27895D
278B17
278CD2
278E8E
279049
279204
2793BF
27957A
279735
2798F0
279AAC
279C67
279E22
279FDE
27A199
27A355
27A510
27A6CC
27A887
27AA43
27ABFF
27ADBA
27AF76
27B132
27B2EE
27B4AA
27B666
27B822
27B9DE
27BB9A
27BD56
27BF12
27C0CE
27C28A
27C446
27C602
27C7BF
27C97B
27CB37
27CCF4
27CEB0
27D06D
27D229
27D3E6
27D5A2
27D75F
27D91C
27DAD8
27DC95
27DE52
27E00F
27E1CB
27E388
27E545
27E702
27E8BF
27EA7C
27EC39
27EDF7
27EFB4
27F171
27F32E
27F4EB
27F6A9
27F866
27FA23
27FBE1
27FD9E
27FF5C
280119
2802D7
280494
280652
280810
2809CE
280B8B
280D49
280F07
2810C5
281283
281441
2815FF
2817BD
28197B
281B39
281CF7
281EB5
282073
282232
2823F0
2825AE
28276D
28292B
282AE9
282CA8
282E66
283025
2831E4
2833A2
283561
28371F
2838DE
283A9D
283C5C
283E1B
283FDA
284198
284357
284516
2846D6
284895
284A54
284C13
284DD2
284F91
285151
285310
2854CF
28568F
28584E
285A0D
285BCD
285D8C
285F4C
28610C
2862CB
28648B
28664B
28680A
2869CA
286B8A
286D4A
286F0A
2870CA
28728A
28744A
28760A
2877CA
28798A
287B4A
287D0A
287ECB
28808B
28824B
28840C
2885CC
28878C
28894D
288B0D
288CCE
288E8F
28904F
289210
2893D0
289591
289752
289913
289AD4
289C94
289E55
28A016
28A1D7
28A398
28A559
28A71B
28A8DC
28AA9D
28AC5E
28AE1F
28AFE1
28B1A2
28B363
28B525
28B6E6
28B8A8
28BA69
28BC2B
28BDEC
28BFAE
28C170
28C331
28C4F3
28C6B5
28C877
28CA38
28CBFA
28CDBC
28CF7E
28D140
28D302
28D4C4
28D686
28D849
28DA0B
28DBCD
28DD8F
28DF52
28E114
28E2D6
28E499
28E65B
28E81E
28E9E0
28EBA3
28ED65
28EF28
28F0EB
28F2AD
28F470
28F633
28F7F6
28F9B8
28FB7B
28FD3E
28FF01
2900C4
290287
29044A
29060D
2907D1
290994
290B57
290D1A
290EDE
2910A1
291264
291428
2915EB
2917AF
291972
291B36
291CF9
291EBD
292081
292244
292408
2925CC
292790
292954
292B17
292CDB
292E9F
293063
293227
2933EB
2935B0
293774
293938
293AFC
293CC0
293E85
294049
29420D
2943D2
294596
29475B
29491F
294AE4
294CA8
294E6D
295032
2951F6
2953BB
295580
295745
29590A
295ACE
295C93
295E58
29601D
2961E2
2963A7
29656D
296732
2968F7
296ABC
296C81
296E47
29700C
2971D1
297397
29755C
297722
2978E7
297AAD
297C72
297E38
297FFE
2981C3
298389
29854F
298715
2988DA
298AA0
298C66
298E2C
298FF2
2991B8
29937E
299544
29970B
2998D1
299A97
299C5D
299E24
299FEA
29A1B0
29A377
29A53D
29A703
29A8CA
29AA91
29AC57
29AE1E
29AFE4
29B1AB
29B372
29B539
29B6FF
29B8C6
29BA8D
29BC54
29BE1B
29BFE2
29C1A9
29C370
29C537
29C6FE
29C8C5
29CA8D
29CC54
29CE1B
29CFE2
29D1AA
29D371
29D539
29D700
29D8C7
29DA8F
29DC57
29DE1E
29DFE6
29E1AD
29E375
29E53D
29E705
29E8CD
29EA94
29EC5C
29EE24
29EFEC
29F1B4
29F37C
29F544
29F70C
29F8D5
29FA9D
29FC65
29FE2D
29FFF6
2A01BE
2A0386
2A054F
2A0717
2A08E0
2A0AA8
2A0C71
2A0E39
2A1002
2A11CB
2A1393
2A155C
2A1725
2A18EE
2A1AB6
2A1C7F
2A1E48
2A2011
2A21DA
2A23A3
2A256C
2A2735
2A28FE
2A2AC8
2A2C91
2A2E5A
2A3023
2A31ED
2A33B6
2A357F
2A3749
2A3912
2A3ADC
2A3CA5
2A3E6F
2A4038
2A4202
2A43CC
2A4595
2A475F
2A4929
2A4AF3
2A4CBD
2A4E87
2A5050
2A521A
2A53E4
2A55AE
2A5779
2A5943
2A5B0D
2A5CD7
2A5EA1
2A606B
2A6236
2A6400
2A65CA
2A6795
2A695F
2A6B2A
2A6CF4
2A6EBF
2A7089
2A7254
2A741F
2A75E9
2A77B4
2A797F
2A7B4A
2A7D14
2A7EDF
2A80AA
2A8275
2A8440
2A860B
2A87D6
2A89A1
2A8B6C
2A8D37
2A8F03
2A90CE
2A9299
2A9464
2A9630
2A97FB
2A99C7
2A9B92
2A9D5D
2A9F29
2AA0F5
2AA2C0
2AA48C
2AA657
2AA823
2AA9EF
2AABBB
2AAD86
2AAF52
2AB11E
2AB2EA
2AB4B6
2AB682
2AB84E
2ABA1A
2ABBE6
2ABDB2
2ABF7E
2AC14B
2AC317
2AC4E3
2AC6AF
2AC87C
2ACA48
2ACC14
2ACDE1
2ACFAD
2AD17A
2AD346
2AD513
2AD6E0
2AD8AC
2ADA79
2ADC46
2ADE13
2ADFDF
2AE1AC
2AE379
2AE546
2AE713
2AE8E0
2AEAAD
2AEC7A
2AEE47
2AF014
2AF1E1
2AF3AF
2AF57C
2AF749
2AF916
2AFAE4
2AFCB1
2AFE7E
2B004C
2B0219
2B03E7
2B05B4
2B0782
2B0950
2B0B1D
2B0CEB
2B0EB9
2B1087
2B1254
2B1422
2B15F0
2B17BE
2B198C
2B1B5A
2B1D28
2B1EF6
2B20C4
2B2292
2B2460
2B262E
2B27FD
2B29CB
2B2B99
2B2D68
2B2F36
2B3104
2B32D3
2B34A1
2B3670
2B383E
2B3A0D
2B3BDC
2B3DAA
2B3F79
2B4148
2B4316
2B44E5
2B46B4
2B4883
2B4A52
2B4C21
2B4DF0
2B4FBF
2B518E
2B535D
2B552C
2B56FB
2B58CA
2B5A99
2B5C69
2B5E38
2B6007
2B61D7
2B63A6
2B6576
2B6745
2B6915
2B6AE4
2B6CB4
2B6E83
2B7053
2B7223
2B73F2
2B75C2
2B7792
2B7962
2B7B31
2B7D01
2B7ED1
2B80A1
2B8271
2B8441
2B8611
2B87E1
2B89B2
2B8B82
2B8D52
2B8F22
2B90F3
2B92C3
2B9493
2B9664
2B9834
2B9A04
2B9BD5
2B9DA5
2B9F76
2BA147
2BA317
2BA4E8
2BA6B9
2BA889
2BAA5A
2BAC2B
2BADFC
2BAFCD
2BB19E
2BB36E
2BB53F
2BB710
2BB8E2
2BBAB3
2BBC84
2BBE55
2BC026
2BC1F7
2BC3C9
2BC59A
2BC76B
2BC93D
2BCB0E
2BCCDF
2BCEB1
2BD082
2BD254
2BD426
2BD5F7
2BD7C9
2BD99A
2BDB6C
2BDD3E
2BDF10
2BE0E2
2BE2B3
2BE485
2BE657
2BE829
2BE9FB
2BEBCD
2BED9F
2BEF71
2BF143
2BF316
2BF4E8
2BF6BA
2BF88C
2BFA5F
2BFC31
2BFE03
2BFFD6
2C01A8
2C037B
2C054D
2C0720
2C08F2
2C0AC5
2C0C98
2C0E6A
2C103D
2C1210
2C13E3
2C15B6
2C1788
2C195B
2C1B2E
2C1D01
2C1ED4
2C20A7
2C227A
2C244D
2C2621
2C27F4
2C29C7
2C2B9A
2C2D6E
2C2F41
2C3114
2C32E8
2C34BB
2C368E
2C3862
2C3A35
2C3C09
2C3DDD
2C3FB0
2C4184
2C4358
2C452B
2C46FF
2C48D3
2C4AA7
2C4C7B
2C4E4F
2C5023
2C51F7
2C53CB
2C559F
2C5773
2C5947
2C5B1B
2C5CEF
2C5EC3
2C6098
2C626C
2C6440
2C6615
2C67E9
2C69BD
2C6B92
2C6D66
2C6F3B
2C710F
2C72E4
2C74B9
2C768D
2C7862
2C7A37
2C7C0C
2C7DE0
2C7FB5
2C818A
2C835F
2C8534
2C8709
2C88DE
2C8AB3
2C8C88
2C8E5D
2C9032
2C9207
2C93DD
2C95B2
2C9787
2C995D
2C9B32
2C9D07
2C9EDD
2CA0B2
2CA288
2CA45D
2CA633
2CA808
2CA9DE
2CABB4
2CAD89
2CAF5F
2CB135
2CB30B
2CB4E1
2CB6B6
2CB88C
2CBA62
2CBC38
2CBE0E
2CBFE4
2CC1BA
2CC390
2CC567
2CC73D
2CC913
2CCAE9
2CCCC0
2CCE96
2CD06C
2CD243
2CD419
2CD5EF
2CD7C6
2CD99C
2CDB73
2CDD4A
2CDF20
2CE0F7
2CE2CE
2CE4A4
2CE67B
2CE852
2CEA29
2CEC00
2CEDD6
2CEFAD
2CF184
2CF35B
2CF532
2CF709
2CF8E1
2CFAB8
2CFC8F
2CFE66
2D003D
2D0215
2D03EC
2D05C3
2D079B
2D0972
2D0B49
2D0D21
2D0EF8
2D10D0
2D12A8
2D147F
2D1657
2D182E
2D1A06
2D1BDE
2D1DB6
2D1F8E
2D2165
2D233D
2D2515
2D26ED
2D28C5
2D2A9D
2D2C75
2D2E4D
2D3025
2D31FE
2D33D6
2D35AE
2D3786
2D395F
2D3B37
2D3D0F
2D3EE8
2D40C0
2D4298
2D4471
2D4649
2D4822
2D49FB
2D4BD3
2D4DAC
2D4F85
2D515D
2D5336
2D550F
2D56E8
2D58C1
2D5A9A
2D5C72
2D5E4B
2D6024
2D61FD
2D63D7
2D65B0
2D6789
2D6962
2D6B3B
2D6D14
2D6EEE
2D70C7
2D72A0
2D747A
2D7653
2D782C
2D7A06
2D7BDF
2D7DB9
2D7F93
2D816C
2D8346
2D851F
2D86F9
2D88D3
2D8AAD
2D8C87
2D8E60
2D903A
2D9214
2D93EE
2D95C8
2D97A2
2D997C
2D9B56
2D9D30
2D9F0A
2DA0E5
2DA2BF
2DA499
2DA673
2DA84E
2DAA28
2DAC02
2DADDD
2DAFB7
2DB192
2DB36C
2DB547
2DB721
2DB8FC
2DBAD7
2DBCB1
2DBE8C
2DC067
2DC242
2DC41C
2DC5F7
2DC7D2
2DC9AD
2DCB88
2DCD63
2DCF3E
2DD119
2DD2F4
2DD4CF
2DD6AA
2DD885
2DDA61
2DDC3C
2DDE17
2DDFF3
2DE1CE
2DE3A9
2DE585
2DE760
2DE93C
2DEB17
2DECF3
2DEECE
2DF0AA
2DF285
2DF461
2DF63D
2DF819
2DF9F4
2DFBD0
2DFDAC
2DFF88
2E0164
2E0340
2E051C
2E06F8
2E08D4
2E0AB0
2E0C8C
2E0E68
2E1044
2E1221
2E13FD
2E15D9
2E17B5
2E1992
2E1B6E
2E1D4B
2E1F27
2E2103
2E22E0
2E24BC
2E2699
2E2876
2E2A52
2E2C2F
2E2E0C
2E2FE8
2E31C5
2E33A2
2E357F
2E375C
2E3939
2E3B16
2E3CF3
2E3ED0
2E40AD
2E428A
2E4467
2E4644
2E4821
2E49FE
2E4BDB
2E4DB9
2E4F96
2E5173
2E5351
2E552E
2E570C
2E58E9
2E5AC7
2E5CA4
2E5E82
2E605F
2E623D
2E641B
2E65F8
2E67D6
2E69B4
2E6B91
2E6D6F
2E6F4D
2E712B
2E7309
2E74E7
2E76C5
2E78A3
2E7A81
2E7C5F
2E7E3D
2E801B
2E81FA
2E83D8
2E85B6
2E8794
2E8973
2E8B51
2E8D2F
2E8F0E
2E90EC
2E92CB
2E94A9
2E9688
2E9866
2E9A45
2E9C24
2E9E02
2E9FE1
2EA1C0
2EA39F
2EA57D
2EA75C
2EA93B
2EAB1A
2EACF9
2EAED8
2EB0B7
2EB296
2EB475
2EB654
2EB833
2EBA12
2EBBF2
2EBDD1
2EBFB0
2EC18F
2EC36F
2EC54E
2EC72D
2EC90D
2ECAEC
2ECCCC
2ECEAB
2ED08B
2ED26B
2ED44A
2ED62A
2ED80A
2ED9E9
2EDBC9
2EDDA9
2EDF89
2EE168
2EE348
2EE528
2EE708
2EE8E8
2EEAC8
2EECA8
2EEE88
2EF068
2EF249
2EF429
2EF609
2EF7E9
2EF9C9
2EFBAA
2EFD8A
2EFF6A
2F014B
2F032B
2F050C
2F06EC
2F08CD
2F0AAD
2F0C8E
2F0E6F
2F104F
2F1230
2F1411
2F15F1
2F17D2
2F19B3
2F1B94
2F1D75
2F1F56
2F2137
2F2318
2F24F9
2F26DA
2F28BB
2F2A9C
2F2C7D
2F2E5E
2F303F
2F3221
2F3402
2F35E3
2F37C5
2F39A6
2F3B87
2F3D69
2F3F4A
2F412C
2F430D
2F44EF
2F46D0
2F48B2
2F4A94
2F4C75
2F4E57
2F5039
2F521B
2F53FC
2F55DE
2F57C0
2F59A2
2F5B84
2F5D66
2F5F48
2F612A
2F630C
2F64EE
2F66D0
2F68B3
2F6A95
2F6C77
2F6E59
2F703C
2F721E
2F7400
2F75E3
2F77C5
2F79A8
2F7B8A
2F7D6D
2F7F4F
2F8132
2F8314
2F84F7
2F86DA
2F88BC
2F8A9F
2F8C82
2F8E65
2F9047
2F922A
2F940D
2F95F0
2F97D3
2F99B6
2F9B99
2F9D7C
2F9F5F
2FA142
2FA326
2FA509
2FA6EC
2FA8CF
2FAAB3
2FAC96
2FAE79
2FB05D
2FB240
2FB423
2FB607
2FB7EA
2FB9CE
2FBBB2
2FBD95
2FBF79
2FC15C
2FC340
2FC524
2FC708
2FC8EB
2FCACF
2FCCB3
2FCE97
2FD07B
2FD25F
2FD443
2FD627
2FD80B
2FD9EF
2FDBD3
2FDDB7
2FDF9B
2FE180
2FE364
2FE548
2FE72C
2FE911
2FEAF5
2FECDA
2FEEBE
2FF0A2
2FF287
2FF46B
2FF650
2FF835
2FFA19
2FFBFE
2FFDE2
2FFFC7
3001AC
300391
300576
30075A
30093F
300B24
300D09
300EEE
3010D3
3012B8
30149D
301682
301867
301A4C
301C32
301E17
301FFC
3021E1
3023C7
3025AC
302791
302977
302B5C
302D42
302F27
30310D
3032F2
3034D8
3036BD
3038A3
303A89
303C6E
303E54
30403A
304220
304406
3045EB
3047D1
3049B7
304B9D
304D83
304F69
30514F
305335
30551B
305702
3058E8
305ACE
305CB4
305E9B
306081
306267
30644E
306634
30681A
306A01
306BE7
306DCE
306FB4
30719B
307382
307568
30774F
307936
307B1C
307D03
307EEA
3080D1
3082B8
30849F
308685
30886C
308A53
308C3A
308E21
309009
3091F0
3093D7
3095BE
3097A5
30998C
309B74
309D5B
309F42
30A12A
30A311
30A4F8
30A6E0
30A8C7
30AAAF
30AC96
30AE7E
30B066
30B24D
30B435
30B61D
30B804
30B9EC
30BBD4
30BDBC
30BFA4
30C18B
30C373
30C55B
30C743
30C92B
30CB13
30CCFB
30CEE3
30D0CC
30D2B4
30D49C
30D684
30D86C
30DA55
30DC3D
30DE25
30E00E
30E1F6
30E3DF
30E5C7
30E7AF
30E998
30EB81
30ED69
30EF52
30F13A
30F323
30F50C
30F6F5
30F8DD
30FAC6
30FCAF
30FE98
310081
31026A
310453
31063C
310825
310A0E
310BF7
310DE0
310FC9
3111B2
31139B
311585
31176E
311957
311B40
311D2A
311F13
3120FD
3122E6
3124CF
3126B9
3128A3
312A8C
312C76
312E5F
313049
313233
31341C
313606
3137F0
3139DA
313BC4
313DAD
313F97
314181
31436B
314555
31473F
314929
314B13
314CFD
314EE8
3150D2
3152BC
3154A6
315690
31587B
315A65
315C4F
315E3A
316024
31620F
3163F9
3165E4
3167CE
3169B9
316BA3
316D8E
316F79
317163
31734E
317539
317723
31790E
317AF9
317CE4
317ECF
3180BA
3182A5
318490
31867B
318866
318A51
318C3C
318E27
319012
3191FD
3193E9
3195D4
3197BF
3199AB
319B96
319D81
319F6D
31A158
31A344
31A52F
31A71B
31A906
31AAF2
31ACDD
31AEC9
31B0B5
31B2A0
31B48C
31B678
31B864
31BA4F
31BC3B
31BE27
31C013
31C1FF
31C3EB
31C5D7
31C7C3
31C9AF
31CB9B
31CD87
31CF73
31D160
31D34C
31D538
31D724
31D911
31DAFD
31DCE9
31DED6
31E0C2
31E2AF
31E49B
31E688
31E874
31EA61
31EC4D
31EE3A
31F027
31F213
31F400
31F5ED
31F7DA
31F9C6
31FBB3
31FDA0
31FF8D
32017A
320367
320554
320741
32092E
320B1B
320D08
320EF5
3210E2
3212CF
3214BD
3216AA
321897
321A85
321C72
321E5F
32204D
32223A
322428
322615
322803
3229F0
322BDE
322DCB
322FB9
3231A7
323394
323582
323770
32395D
323B4B
323D39
323F27
324115
324303
3244F1
3246DF
3248CD
324ABB
324CA9
324E97
325085
325273
325461
325650
32583E
325A2C
325C1A
325E09
325FF7
3261E6
3263D4
3265C2
3267B1
32699F
326B8E
326D7D
326F6B
32715A
327348
327537
327726
327915
327B03
327CF2
327EE1
3280D0
3282BF
3284AE
32869D
32888C
328A7B
328C6A
328E59
329048
329237
329426
329615
329804
3299F4
329BE3
329DD2
329FC2
32A1B1
32A3A0
32A590
32A77F
32A96F
32AB5E
32AD4E
32AF3D
32B12D
32B31C
32B50C
32B6FC
32B8EC
32BADB
32BCCB
32BEBB
32C0AB
32C29A
32C48A
32C67A
32C86A
32CA5A
32CC4A
32CE3A
32D02A
32D21A
32D40A
32D5FB
32D7EB
32D9DB
32DBCB
32DDBB
32DFAC
32E19C
32E38C
32E57D
32E76D
32E95D
32EB4E
32ED3E
32EF2F
32F11F
32F310
32F501
32F6F1
32F8E2
32FAD3
32FCC3
32FEB4
3300A5
330296
330486
330677
330868
330A59
330C4A
330E3B
33102C
33121D
33140E
3315FF
3317F0
3319E1
331BD3
331DC4
331FB5
3321A6
332398
332589
33277A
33296C
332B5D
332D4E
332F40
333131
333323
333514
333706
3338F8
333AE9
333CDB
333ECC
3340BE
3342B0
3344A2
334694
334885
334A77
334C69
334E5B
33504D
33523F
335431
335623
335815
335A07
335BF9
335DEB
335FDD
3361D0
3363C2
3365B4
3367A6
336999
336B8B
336D7D
336F70
337162
337355
337547
33773A
33792C
337B1F
337D11
337F04
3380F7
3382E9
3384DC
3386CF
3388C1
338AB4
338CA7
338E9A
33908D
339280
339473
339665
339858
339A4B
339C3E
339E32
33A025
33A218
33A40B
33A5FE
33A7F1
33A9E5
33ABD8
33ADCB
33AFBE
33B1B2
33B3A5
33B599
33B78C
33B97F
33BB73
33BD66
33BF5A
33C14E
33C341
33C535
33C728
33C91C
33CB10
33CD04
33CEF7
33D0EB
33D2DF
33D4D3
33D6C7
33D8BB
33DAAE
33DCA2
33DE96
33E08A
33E27E
33E473
33E667
33E85B
33EA4F
33EC43
33EE37
33F02C
33F220
33F414
33F608
33F7FD
33F9F1
33FBE6
33FDDA
33FFCE
3401C3
3403B7
3405AC
3407A1
340995
340B8A
340D7E
340F73
341168
34135D
341551
341746
34193B
341B30
341D25
341F1A
34210E
342303
3424F8
3426ED
3428E2
342AD7
342CCD
342EC2
3430B7
3432AC
3434A1
343696
34388C
343A81
343C76
343E6C
344061
344256
34444C
344641
344837
344A2C
344C22
344E17
34500D
345203
3453F8
3455EE
3457E4
3459D9
345BCF
345DC5
345FBB
3461B0
3463A6
34659C
346792
346988
346B7E
346D74
346F6A
347160
347356
34754C
347742
347939
347B2F
347D25
347F1B
348111
348308
3484FE
3486F4
3488EB
348AE1
348CD8
348ECE
3490C5
3492BB
3494B2
3496A8
34989F
349A95
349C8C
349E83
34A079
34A270
34A467
34A65E
34A855
34AA4B
34AC42
34AE39
34B030
34B227
34B41E
34B615
34B80C
34BA03
34BBFA
34BDF1
34BFE8
34C1E0
34C3D7
34C5CE
34C7C5
34C9BC
34CBB4
34CDAB
34CFA2
34D19A
34D391
34D589
34D780
34D978
34DB6F
34DD67
34DF5E
34E156
34E34D
34E545
34E73D
34E934
34EB2C
34ED24
34EF1C
34F113
34F30B
34F503
34F6FB
34F8F3
34FAEB
34FCE3
34FEDB
3500D3
3502CB
3504C3
3506BB
3508B3
350AAB
350CA4
350E9C
351094
35128C
351484
35167D
351875
351A6E
351C66
351E5E
352057
35224F
352448
352640
352839
352A31
352C2A
352E23
35301B
353214
35340D
353605
3537FE
3539F7
353BF0
353DE9
353FE1
3541DA
3543D3
3545CC
3547C5
3549BE
354BB7
354DB0
354FA9
3551A2
35539C
355595
35578E
355987
355B80
355D7A
355F73
35616C
356366
35655F
356758
356952
356B4B
356D45
356F3E
357138
357331
35752B
357724
35791E
357B18
357D11
357F0B
358105
3582FF
3584F8
3586F2
3588EC
358AE6
358CE0
358EDA
3590D4
3592CE
3594C8
3596C2
3598BC
359AB6
359CB0
359EAA
35A0A4
35A29E
35A499
35A693
35A88D
35AA87
35AC82
35AE7C
35B076
35B271
35B46B
35B666
35B860
35BA5B
35BC55
35BE50
35C04A
35C245
35C43F
35C63A
35C835
35CA2F
35CC2A
35CE25
35D020
35D21A
35D415
35D610
35D80B
35DA06
35DC01
35DDFC
35DFF7
35E1F2
35E3ED
35E5E8
35E7E3
35E9DE
35EBD9
35EDD4
35EFD0
35F1CB
35F3C6
35F5C1
35F7BD
35F9B8
35FBB3
35FDAF
35FFAA
3601A5
3603A1
36059C
360798
360993
360B8F
360D8A
360F86
361182
36137D
361579
361775
361970
361B6C
361D68
361F64
362160
36235B
362557
362753
36294F
362B4B
362D47
362F43
36313F
36333B
363537
363733
363930
363B2C
363D28
363F24
364120
36431D
364519
364715
364912
364B0E
364D0A
364F07
365103
365300
3654FC
3656F9
3658F5
365AF2
365CEE
365EEB
3660E8
3662E4
3664E1
3666DE
3668DA
366AD7
366CD4
366ED1
3670CE
3672CA
3674C7
3676C4
3678C1
367ABE
367CBB
367EB8
3680B5
3682B2
3684AF
3686AC
3688AA
368AA7
368CA4
368EA1
36909E
36929C
369499
369696
369894
369A91
369C8E
369E8C
36A089
36A287
36A484
36A682
36A87F
36AA7D
36AC7B
36AE78
36B076
36B273
36B471
36B66F
36B86D
36BA6A
36BC68
36BE66
36C064
36C262
36C460
36C65E
36C85B
36CA59
36CC57
36CE55
36D053
36D252
36D450
36D64E
36D84C
36DA4A
36DC48
36DE46
36E045
36E243
36E441
36E640
36E83E
36EA3C
36EC3B
36EE39
36F038
36F236
36F434
36F633
36F832
36FA30
36FC2F
36FE2D
37002C
37022B
370429
370628
370827
370A25
370C24
370E23
371022
371221
371420
37161F
37181D
371A1C
371C1B
371E1A
372019
372218
372418
372617
372816
372A15
372C14
372E13
373013
373212
373411
373610
373810
373A0F
373C0E
373E0E
37400D
37420D
37440C
37460C
37480B
374A0B
374C0A
374E0A
375009
375209
375409
375608
375808
375A08
375C08
375E07
376007
376207
376407
376607
376807
376A07
376C07
376E07
377007
377207
377407
377607
377807
377A07
377C07
377E07
378007
378208
378408
378608
378808
378A09
378C09
378E09
37900A
37920A
37940B
37960B
37980C
379A0C
379C0D
379E0D
37A00E
37A20E
37A40F
37A610
37A810
37AA11
37AC12
37AE12
37B013
37B214
37B415
37B616
37B817
37BA17
37BC18
37BE19
37C01A
37C21B
37C41C
37C61D
37C81E
37CA1F
37CC20
37CE22
37D023
37D224
37D425
37D626
37D828
37DA29
37DC2A
37DE2B
37E02D
37E22E
37E430
37E631
37E832
37EA34
37EC35
37EE37
37F038
37F23A
37F43C
37F63D
37F83F
37FA40
37FC42
37FE44
380045
380247
380449
38064B
38084D
380A4E
380C50
380E52
381054
381256
381458
38165A
38185C
381A5E
381C60
381E62
382064
382266
382468
38266B
38286D
382A6F
382C71
382E73
383076
383278
38347A
38367D
38387F
383A81
383C84
383E86
384089
38428B
38448E
384690
384893
384A95
384C98
384E9B
38509D
3852A0
3854A3
3856A5
3858A8
385AAB
385CAE
385EB1
3860B3
3862B6
3864B9
3866BC
3868BF
386AC2
386CC5
386EC8
3870CB
3872CE
3874D1
3876D4
3878D7
387ADA
387CDE
387EE1
3880E4
3882E7
3884EA
3886EE
3888F1
388AF4
388CF8
388EFB
3890FE
389302
389505
389709
38990C
389B10
389D13
389F17
38A11A
38A31E
38A522
38A725
38A929
38AB2D
38AD30
38AF34
38B138
38B33C
38B53F
38B743
38B947
38BB4B
38BD4F
38BF53
38C157
38C35B
38C55F
38C763
38C967
38CB6B
38CD6F
38CF73
38D177
38D37B
38D57F
38D783
38D988
38DB8C
38DD90
38DF94
38E199
38E39D
38E5A1
38E7A6
38E9AA
38EBAF
38EDB3
38EFB7
38F1BC
38F3C0
38F5C5
38F7CA
38F9CE
38FBD3
38FDD7
38FFDC
3901E1
3903E5
3905EA
3907EF
3909F3
390BF8
390DFD
391002
391207
39140C
391610
391815
391A1A
391C1F
391E24
392029
39222E
392433
392638
39283D
392A43
392C48
392E4D
393052
393257
39345C
393662
393867
393A6C
393C72
393E77
39407C
394282
394487
39468C
394892
394A97
394C9D
394EA2
3950A8
3952AD
3954B3
3956B9
3958BE
395AC4
395CC9
395ECF
3960D5
3962DB
3964E0
3966E6
3968EC
396AF2
396CF8
396EFD
397103
397309
39750F
397715
39791B
397B21
397D27
397F2D
398133
398339
39853F
398745
39894C
398B52
398D58
398F5E
399164
39936B
399571
399777
39997E
399B84
399D8A
399F91
39A197
39A39D
39A5A4
39A7AA
39A9B1
39ABB7
39ADBE
39AFC5
39B1CB
39B3D2
39B5D8
39B7DF
39B9E6
39BBEC
39BDF3
39BFFA
39C201
39C407
39C60E
39C815
39CA1C
39CC23
39CE2A
39D030
39D237
39D43E
39D645
39D84C
39DA53
39DC5A
39DE61
39E068
39E270
39E477
39E67E
39E885
39EA8C
39EC93
39EE9B
39F0A2
39F2A9
39F4B0
39F6B8
39F8BF
39FAC6
39FCCE
39FED5
3A00DD
3A02E4
3A04EC
3A06F3
3A08FA
3A0B02
3A0D0A
3A0F11
3A1119
3A1320
3A1528
3A1730
3A1937
3A1B3F
3A1D47
3A1F4E
3A2156
3A235E
3A2566
3A276E
3A2975
3A2B7D
3A2D85
3A2F8D
3A3195
3A339D
3A35A5
3A37AD
3A39B5
3A3BBD
3A3DC5
3A3FCD
3A41D5
3A43DD
3A45E6
3A47EE
3A49F6
3A4BFE
3A4E06
3A500F
3A5217
3A541F
3A5627
3A5830
3A5A38
3A5C41
3A5E49
3A6051
3A625A
3A6462
3A666B
3A6873
3A6A7C
3A6C84
3A6E8D
3A7095
3A729E
3A74A7
3A76AF
3A78B8
3A7AC1
3A7CC9
3A7ED2
3A80DB
3A82E4
3A84EC
3A86F5
3A88FE
3A8B07
3A8D10
3A8F19
3A9122
3A932A
3A9533
3A973C
3A9945
3A9B4E
3A9D57
3A9F61
3AA16A
3AA373
3AA57C
3AA785
3AA98E
3AAB97
3AADA0
3AAFAA
3AB1B3
3AB3BC
3AB5C6
3AB7CF
3AB9D8
3ABBE1
3ABDEB
3ABFF4
3AC1FE
3AC407
3AC611
3AC81A
3ACA24
3ACC2D
3ACE37
3AD040
3AD24A
3AD453
3AD65D
3AD867
3ADA70
3ADC7A
3ADE84
3AE08D
3AE297
3AE4A1
3AE6AB
3AE8B4
3AEABE
3AECC8
3AEED2
3AF0DC
3AF2E6
3AF4F0
3AF6F9
3AF903
3AFB0D
3AFD17
3AFF21
3B012B
3B0336
3B0540
3B074A
3B0954
3B0B5E
3B0D68
3B0F72
3B117D
3B1387
3B1591
3B179B
3B19A6
3B1BB0
3B1DBA
3B1FC5
3B21CF
3B23D9
3B25E4
3B27EE
3B29F9
3B2C03
3B2E0D
3B3018
3B3222
3B342D
3B3638
3B3842
3B3A4D
3B3C57
3B3E62
3B406D
3B4277
3B4482
3B468D
3B4898
3B4AA2
3B4CAD
3B4EB8
3B50C3
3B52CE
3B54D8
3B56E3
3B58EE
3B5AF9
3B5D04
3B5F0F
3B611A
3B6325
3B6530
3B673B
3B6946
3B6B51
3B6D5C
3B6F67
3B7173
3B737E
3B7589
3B7794
3B799F
3B7BAB
3B7DB6
3B7FC1
3B81CC
3B83D8
3B85E3
3B87EE
3B89FA
3B8C05
3B8E11
3B901C
3B9228
3B9433
3B963E
3B984A
3B9A56
3B9C61
3B9E6D
3BA078
3BA284
3BA48F
3BA69B
3BA8A7
3BAAB2
3BACBE
3BAECA
3BB0D6
3BB2E1
3BB4ED
3BB6F9
3BB905
3BBB11
3BBD1D
3BBF28
3BC134
3BC340
3BC54C
3BC758
3BC964
3BCB70
3BCD7C
3BCF88
3BD194
3BD3A0
3BD5AC
3BD7B9
3BD9C5
3BDBD1
3BDDDD
3BDFE9
3BE1F5
3BE402
3BE60E
3BE81A
3BEA26
3BEC33
3BEE3F
3BF04B
3BF258
3BF464
3BF671
3BF87D
3BFA89
3BFC96
3BFEA2
3C00AF
3C02BB
3C04C8
3C06D4
3C08E1
3C0AEE
3C0CFA
3C0F07
3C1114
3C1320
3C152D
3C173A
3C1946
3C1B53
3C1D60
3C1F6D
3C2179
3C2386
3C2593
3C27A0
3C29AD
3C2BBA
3C2DC7
3C2FD4
3C31E1
3C33EE
3C35FA
3C3808
3C3A15
3C3C22
3C3E2F
3C403C
3C4249
3C4456
3C4663
3C4870
3C4A7D
3C4C8B
3C4E98
3C50A5
3C52B2
3C54C0
3C56CD
3C58DA
3C5AE8
3C5CF5
3C5F02
3C6110
3C631D
3C652A
3C6738
3C6945
3C6B53
3C6D60
3C6F6E
3C717B
3C7389
3C7597
3C77A4
3C79B2
3C7BBF
3C7DCD
3C7FDB
3C81E8
3C83F6
3C8604
3C8812
3C8A1F
3C8C2D
3C8E3B
3C9049
3C9256
3C9464
3C9672
3C9880
3C9A8E
3C9C9C
3C9EAA
3CA0B8
3CA2C6
3CA4D4
3CA6E2
3CA8F0
3CAAFE
3CAD0C
3CAF1A
3CB128
3CB336
3CB544
3CB753
3CB961
3CBB6F
3CBD7D
3CBF8B
3CC19A
3CC3A8
3CC5B6
3CC7C5
3CC9D3
3CCBE1
3CCDF0
3CCFFE
3CD20C
3CD41B
3CD629
3CD838
3CDA46
3CDC55
3CDE63
3CE072
3CE280
3CE48F
3CE69D
3CE8AC
3CEABA
3CECC9
3CEED8
3CF0E6
3CF2F5
3CF504
3CF713
3CF921
3CFB30
3CFD3F
3CFF4E
3D015C
3D036B
3D057A
3D0789
3D0998
3D0BA7
3D0DB6
3D0FC5
3D11D4
3D13E3
3D15F2
3D1801
3D1A10
3D1C1F
3D1E2E
3D203D
3D224C
3D245B
3D266A
3D2879
3D2A88
3D2C98
3D2EA7
3D30B6
3D32C5
3D34D5
3D36E4
3D38F3
3D3B02
3D3D12
3D3F21
3D4130
3D4340
3D454F
3D475F
3D496E
3D4B7E
3D4D8D
3D4F9C
3D51AC
3D53BC
3D55CB
3D57DB
3D59EA
3D5BFA
3D5E09
3D6019
3D6229
3D6438
3D6648
3D6858
3D6A67
3D6C77
3D6E87
3D7097
3D72A6
3D74B6
3D76C6
3D78D6
3D7AE6
3D7CF6
3D7F05
3D8115
3D8325
3D8535
3D8745
3D8955
3D8B65
3D8D75
3D8F85
3D9195
3D93A5
3D95B5
3D97C5
3D99D6
3D9BE6
3D9DF6
3DA006
3DA216
3DA426
3DA637
3DA847
3DAA57
3DAC67
3DAE78
3DB088
3DB298
3DB4A9
3DB6B9
3DB8C9
3DBADA
3DBCEA
3DBEFB
3DC10B
3DC31B
3DC52C
3DC73C
3DC94D
3DCB5D
3DCD6E
3DCF7F
3DD18F
3DD3A0
3DD5B0
3DD7C1
3DD9D2
3DDBE2
3DDDF3
3DE004
3DE214
3DE425
3DE636
3DE847
3DEA57
3DEC68
3DEE79
3DF08A
3DF29B
3DF4AB
3DF6BC
3DF8CD
3DFADE
3DFCEF
3DFF00
3E0111
3E0322
3E0533
3E0744
3E0955
3E0B66
3E0D77
3E0F88
3E1199
3E13AA
3E15BC
3E17CD
3E19DE
3E1BEF
3E1E00
3E2011
3E2223
3E2434
3E2645
3E2856
3E2A68
3E2C79
3E2E8A
3E309C
3E32AD
3E34BE
3E36D0
3E38E1
3E3AF3
3E3D04
3E3F16
3E4127
3E4339
3E454A
3E475C
3E496D
3E4B7F
3E4D90
3E4FA2
3E51B3
3E53C5
3E55D7
3E57E8
3E59FA
3E5C0C
3E5E1D
3E602F
3E6241
3E6453
3E6664
3E6876
3E6A88
3E6C9A
3E6EAC
3E70BE
3E72CF
3E74E1
3E76F3
3E7905
3E7B17
3E7D29
3E7F3B
3E814D
3E835F
3E8571
3E8783
3E8995
3E8BA7
3E8DB9
3E8FCB
3E91DD
3E93F0
3E9602
3E9814
3E9A26
3E9C38
3E9E4A
3EA05D
3EA26F
3EA481
3EA693
3EA8A6
3EAAB8
3EACCA
3EAEDD
3EB0EF
3EB301
3EB514
3EB726
3EB939
3EBB4B
3EBD5D
3EBF70
3EC182
3EC395
3EC5A7
3EC7BA
3EC9CC
3ECBDF
3ECDF2
3ED004
3ED217
3ED429
3ED63C
3ED84F
3EDA61
3EDC74
3EDE87
3EE099
3EE2AC
3EE4BF
3EE6D2
3EE8E4
3EEAF7
3EED0A
3EEF1D
3EF130
3EF343
3EF555
3EF768
3EF97B
3EFB8E
3EFDA1
3EFFB4
3F01C7
3F03DA
3F05ED
3F0800
3F0A13
3F0C26
3F0E39
3F104C
3F125F
3F1472
3F1686
3F1899
3F1AAC
3F1CBF
3F1ED2
3F20E5
3F22F9
3F250C
3F271F
3F2932
3F2B46
3F2D59
3F2F6C
3F317F
3F3393
3F35A6
3F37BA
3F39CD
3F3BE0
3F3DF4
3F4007
3F421B
3F442E
3F4642
3F4855
3F4A69
3F4C7C
3F4E90
3F50A3
3F52B7
3F54CA
3F56DE
3F58F1
3F5B05
3F5D19
3F5F2C
3F6140
3F6354
3F6567
3F677B
3F698F
3F6BA3
3F6DB6
3F6FCA
3F71DE
3F73F2
3F7606
3F7819
3F7A2D
3F7C41
3F7E55
3F8069
3F827D
3F8491
3F86A5
3F88B9
3F8ACD
3F8CE1
3F8EF5
3F9109
3F931D
3F9531
3F9745
3F9959
3F9B6D
3F9D81
3F9F95
3FA1A9
3FA3BD
3FA5D2
3FA7E6
3FA9FA
3FAC0E
3FAE22
3FB037
3FB24B
3FB45F
3FB673
3FB888
3FBA9C
3FBCB0
3FBEC5
3FC0D9
3FC2ED
3FC502
3FC716
3FC92B
3FCB3F
3FCD53
3FCF68
3FD17C
3FD391
3FD5A5
3FD7BA
3FD9CE
3FDBE3
3FDDF8
3FE00C
3FE221
3FE435
3FE64A
3FE85F
3FEA73
3FEC88
3FEE9D
3FF0B1
3FF2C6
3FF4DB
3FF6EF
3FF904
3FFB19
3FFD2E
3FFF42
400157
40036C
400581
400796
4009AB
400BBF
400DD4
400FE9
4011FE
401413
401628
40183D
401A52
401C67
401E7C
402091
4022A6
4024BB
4026D0
4028E5
402AFA
402D0F
402F25
40313A
40334F
403564
403779
40398E
403BA4
403DB9
403FCE
4041E3
4043F8
40460E
404823
404A38
404C4E
404E63
405078
40528E
4054A3
4056B8
4058CE
405AE3
405CF9
405F0E
406124
406339
40654E
406764
406979
406B8F
406DA5
406FBA
4071D0
4073E5
4075FB
407810
407A26
407C3C
407E51
408067
40827D
408492
4086A8
4088BE
408AD3
408CE9
408EFF
409115
40932B
409540
409756
40996C
409B82
409D98
409FAE
40A1C3
40A3D9
40A5EF
40A805
40AA1B
40AC31
40AE47
40B05D
40B273
40B489
40B69F
40B8B5
40BACB
40BCE1
40BEF7
40C10D
40C323
40C539
40C750
40C966
40CB7C
40CD92
40CFA8
40D1BE
40D3D5
40D5EB
40D801
40DA17
40DC2D
40DE44
40E05A
40E270
40E487
40E69D
40E8B3
40EACA
40ECE0
40EEF6
40F10D
40F323
40F53A
40F750
40F966
40FB7D
40FD93
40FFAA
4101C0
4103D7
4105ED
410804
410A1A
410C31
410E48
41105E
411275
41148B
4116A2
4118B9
411ACF
411CE6
411EFD
412113
41232A
412541
412757
41296E
412B85
412D9C
412FB2
4131C9
4133E0
4135F7
41380E
413A25
413C3B
413E52
414069
414280
414497
4146AE
4148C5
414ADC
414CF3
414F0A
415121
415338
41554F
415766
41597D
415B94
415DAB
415FC2
4161D9
4163F0
416607
41681E
416A35
416C4D
416E64
41707B
417292
4174A9
4176C0
4178D8
417AEF
417D06
417F1D
418135
41834C
418563
41877B
418992
418BA9
418DC1
418FD8
4191EF
419407
41961E
419836
419A4D
419C64
419E7C
41A093
41A2AB
41A4C2
41A6DA
41A8F1
41AB09
41AD20
41AF38
41B14F
41B367
41B57F
41B796
41B9AE
41BBC5
41BDDD
41BFF5
41C20C
41C424
41C63C
41C853
41CA6B
41CC83
41CE9A
41D0B2
41D2CA
41D4E2
41D6FA
41D911
41DB29
41DD41
41DF59
41E171
41E388
41E5A0
41E7B8
41E9D0
41EBE8
41EE00
41F018
41F230
41F448
41F660
41F878
41FA90
41FCA8
41FEC0
4200D8
4202F0
420508
420720
420938
420B50
420D68
420F80
421198
4213B0
4215C8
4217E1
4219F9
421C11
421E29
422041
422259
422472
42268A
4228A2
422ABA
422CD3
422EEB
423103
42331B
423534
42374C
423964
423B7D
423D95
423FAE
4241C6
4243DE
4245F7
42480F
424A28
424C40
424E58
425071
425289
4254A2
4256BA
4258D3
425AEB
425D04
425F1C
426135
42634E
426566
42677F
426997
426BB0
426DC8
426FE1
4271FA
427412
42762B
427844
427A5C
427C75
427E8E
4280A7
4282BF
4284D8
4286F1
42890A
428B22
428D3B
428F54
42916D
429386
42959E
4297B7
4299D0
429BE9
429E02
42A01B
42A234
42A44D
42A665
42A87E
42AA97
42ACB0
42AEC9
42B0E2
42B2FB
42B514
42B72D
42B946
42BB5F
42BD78
42BF91
42C1AA
42C3C3
42C5DD
42C7F6
42CA0F
42CC28
42CE41
42D05A
42D273
42D48C
42D6A6
42D8BF
42DAD8
42DCF1
42DF0A
42E124
42E33D
42E556
42E76F
42E989
42EBA2
42EDBB
42EFD5
42F1EE
42F407
42F621
42F83A
42FA53
42FC6D
42FE86
43009F
4302B9
4304D2
4306EC
430905
430B1E
430D38
430F51
43116B
431384
43159E
4317B7
4319D1
431BEA
431E04
43201D
432237
432451
43266A
432884
432A9D
432CB7
432ED1
4330EA
433304
43351D
433737
433951
433B6A
433D84
433F9E
4341B8
4343D1
4345EB
434805
434A1E
434C38
434E52
43506C
435286
43549F
4356B9
4358D3
435AED
435D07
435F21
43613A
436354
43656E
436788
4369A2
436BBC
436DD6
436FF0
43720A
437424
43763E
437858
437A72
437C8C
437EA6
4380C0
4382DA
4384F4
43870E
438928
438B42
438D5C
438F76
439190
4393AA
4395C4
4397DE
4399F9
439C13
439E2D
43A047
43A261
43A47B
43A696
43A8B0
43AACA
43ACE4
43AEFE
43B119
43B333
43B54D
43B767
43B982
43BB9C
43BDB6
43BFD1
43C1EB
43C405
43C620
43C83A
43CA54
43CC6F
43CE89
43D0A3
43D2BE
43D4D8
43D6F3
43D90D
43DB27
43DD42
43DF5C
43E177
43E391
43E5AC
43E7C6
43E9E1
43EBFB
43EE16
43F030
43F24B
43F465
43F680
43F89B
43FAB5
43FCD0
43FEEA
440105
440320
44053A
440755
44096F
440B8A
440DA5
440FBF
4411DA
4413F5
44160F
44182A
441A45
441C60
441E7A
442095
4422B0
4424CB
4426E5
442900
442B1B
442D36
442F50
44316B
443386
4435A1
4437BC
4439D7
443BF2
443E0C
444027
444242
44445D
444678
444893
444AAE
444CC9
444EE4
4450FF
44531A
445535
445750
44596A
445B85
445DA0
445FBB
4461D7
4463F2
44660D
446828
446A43
446C5E
446E79
447094
4472AF
4474CA
4476E5
447900
447B1B
447D37
447F52
44816D
448388
4485A3
4487BE
4489DA
448BF5
448E10
44902B
449246
449462
44967D
449898
449AB3
449CCF
449EEA
44A105
44A320
44A53C
44A757
44A972
44AB8E
44ADA9
44AFC4
44B1E0
44B3FB
44B616
44B832
44BA4D
44BC69
44BE84
44C09F
44C2BB
44C4D6
44C6F2
44C90D
44CB29
44CD44
44CF5F
44D17B
44D396
44D5B2
44D7CD
44D9E9
44DC04
44DE20
44E03C
44E257
44E473
44E68E
44E8AA
44EAC5
44ECE1
44EEFC
44F118
44F334
44F54F
44F76B
44F987
44FBA2
44FDBE
44FFD9
4501F5
450411
45062C
450848
450A64
450C80
450E9B
4510B7
4512D3
4514EE
45170A
451926
451B42
451D5D
451F79
452195
4523B1
4525CD
4527E8
452A04
452C20
452E3C
453058
453274
45348F
4536AB
4538C7
453AE3
453CFF
453F1B
454137
454353
45456E
45478A
4549A6
454BC2
454DDE
454FFA
455216
455432
45564E
45586A
455A86
455CA2
455EBE
4560DA
4562F6
456512
45672E
45694A
456B66
456D82
456F9E
4571BA
4573D6
4575F3
45780F
457A2B
457C47
457E63
45807F
45829B
4584B7
4586D3
4588F0
458B0C
458D28
458F44
459160
45937D
459599
4597B5
4599D1
459BED
459E0A
45A026
45A242
45A45E
45A67B
45A897
45AAB3
45ACCF
45AEEC
45B108
45B324
45B541
45B75D
45B979
45BB95
45BDB2
45BFCE
45C1EB
45C407
45C623
45C840
45CA5C
45CC78
45CE95
45D0B1
45D2CE
45D4EA
45D706
45D923
45DB3F
45DD5C
45DF78
45E195
45E3B1
45E5CD
45E7EA
45EA06
45EC23
45EE3F
45F05C
45F278
45F495
45F6B1
45F8CE
45FAEA
45FD07
45FF24
460140
46035D
460579
460796
4609B2
460BCF
460DEC
461008
461225
461441
46165E
46187B
461A97
461CB4
461ED1
4620ED
46230A
462527
462743
462960
462B7D
462D99
462FB6
4631D3
4633EF
46360C
463829
463A46
463C62
463E7F
46409C
4642B9
4644D5
4646F2
46490F
464B2C
464D48
464F65
465182
46539F
4655BC
4657D8
4659F5
465C12
465E2F
46604C
466269
466486
4666A2
4668BF
466ADC
466CF9
466F16
467133
467350
46756D
46778A
4679A6
467BC3
467DE0
467FFD
46821A
468437
468654
468871
468A8E
468CAB
468EC8
4690E5
469302
46951F
46973C
469959
469B76
469D93
469FB0
46A1CD
46A3EA
46A607
46A824
46AA41
46AC5E
46AE7B
46B098
46B2B6
46B4D3
46B6F0
46B90D
46BB2A
46BD47
46BF64
46C181
46C39E
46C5BB
46C7D9
46C9F6
46CC13
46CE30
46D04D
46D26A
46D488
46D6A5
46D8C2
46DADF
46DCFC
46DF19
46E137
46E354
46E571
46E78E
46E9AC
46EBC9
46EDE6
46F003
46F221
46F43E
46F65B
46F878
46FA96
46FCB3
46FED0
4700ED
47030B
470528
470745
470963
470B80
470D9D
470FBB
4711D8
4713F5
471613
471830
471A4D
471C6B
471E88
4720A5
4722C3
4724E0
4726FD
47291B
472B38
472D56
472F73
473190
4733AE
4735CB
4737E9
473A06
473C24
473E41
47405E
47427C
474499
4746B7
4748D4
474AF2
474D0F
474F2D
47514A
475368
475585
4757A3
4759C0
475BDE
475DFB
476019
476236
476454
476671
47688F
476AAC
476CCA
476EE7
477105
477323
477540
47775E
47797B
477B99
477DB6
477FD4
4781F2
47840F
47862D
47884A
478A68
478C86
478EA3
4790C1
4792DF
4794FC
47971A
479938
479B55
479D73
479F90
47A1AE
47A3CC
47A5E9
47A807
47AA25
47AC43
47AE60
47B07E
47B29C
47B4B9
47B6D7
47B8F5
47BB12
47BD30
47BF4E
47C16C
47C389
47C5A7
47C7C5
47C9E3
47CC00
47CE1E
47D03C
47D25A
47D477
47D695
47D8B3
47DAD1
47DCEF
47DF0C
47E12A
47E348
47E566
47E784
47E9A1
47EBBF
47EDDD
47EFFB
47F219
47F437
47F654
47F872
47FA90
47FCAE
47FECC
4800EA
480307
480525
480743
480961
480B7F
480D9D
480FBB
4811D9
4813F7
481614
481832
481A50
481C6E
481E8C
4820AA
4822C8
4824E6
482704
482922
482B40
482D5E
482F7B
483199
4833B7
4835D5
4837F3
483A11
483C2F
483E4D
48406B
484289
4844A7
4846C5
4848E3
484B01
484D1F
484F3D
48515B
485379
485597
4857B5
4859D3
485BF1
485E0F
48602D
48624B
486469
486687
4868A5
486AC3
486CE1
486F00
48711E
48733C
48755A
487778
487996
487BB4
487DD2
487FF0
48820E
48842C
48864A
488868
488A87
488CA5
488EC3
4890E1
4892FF
48951D
48973B
489959
489B77
489D96
489FB4
48A1D2
48A3F0
48A60E
48A82C
48AA4A
48AC69
48AE87
48B0A5
48B2C3
48B4E1
48B6FF
48B91E
48BB3C
48BD5A
48BF78
48C196
48C3B4
48C5D3
48C7F1
48CA0F
48CC2D
48CE4B
48D06A
48D288
48D4A6
48D6C4
48D8E2
48DB01
48DD1F
48DF3D
48E15B
48E37A
48E598
48E7B6
48E9D4
48EBF3
48EE11
48F02F
48F24D
48F46B
48F68A
48F8A8
48FAC6
48FCE5
48FF03
490121
49033F
49055E
49077C
49099A
490BB8
490DD7
490FF5
491213
491432
491650
49186E
491A8C
491CAB
491EC9
4920E7
492306
492524
492742
492961
492B7F
492D9D
492FBC
4931DA
4933F8
493617
493835
493A53
493C72
493E90
4940AE
4942CD
4944EB
494709
494928
494B46
494D64
494F83
4951A1
4953BF
4955DE
4957FC
495A1B
495C39
495E57
496076
496294
4964B2
4966D1
4968EF
496B0E
496D2C
496F4A
497169
497387
4975A6
4977C4
4979E2
497C01
497E1F
49803E
49825C
49847A
498699
4988B7
498AD6
498CF4
498F13
499131
49934F
49956E
49978C
4999AB
499BC9
499DE8
49A006
49A224
49A443
49A661
49A880
49AA9E
49ACBD
49AEDB
49B0FA
49B318
49B536
49B755
49B973
49BB92
49BDB0
49BFCF
49C1ED
49C40C
49C62A
49C849
49CA67
49CC86
49CEA4
49D0C3
49D2E1
49D4FF
49D71E
49D93C
49DB5B
49DD79
49DF98
49E1B6
49E3D5
49E5F3
49E812
49EA30
49EC4F
49EE6D
49F08C
49F2AA
49F4C9
49F6E7
49F906
49FB24
49FD43
49FF61
4A0180
4A039E
4A05BD
4A07DB
4A09FA
4A0C18
4A0E37
4A1056
4A1274
4A1493
4A16B1
4A18D0
4A1AEE
4A1D0D
4A1F2B
4A214A
4A2368
4A2587
4A27A5
4A29C4
4A2BE2
4A2E01
4A301F
4A323E
4A345D
4A367B
4A389A
4A3AB8
4A3CD7
4A3EF5
4A4114
4A4332
4A4551
4A476F
4A498E
4A4BAD
4A4DCB
4A4FEA
4A5208
4A5427
4A5645
4A5864
4A5A82
4A5CA1
4A5EC0
4A60DE
4A62FD
4A651B
4A673A
4A6958
4A6B77
4A6D95
4A6FB4
4A71D3
4A73F1
4A7610
4A782E
4A7A4D
4A7C6B
4A7E8A
4A80A9
4A82C7
4A84E6
4A8704
4A8923
4A8B41
4A8D60
4A8F7F
4A919D
4A93BC
4A95DA
4A97F9
4A9A17
4A9C36
4A9E55
4AA073
4AA292
4AA4B0
4AA6CF
4AA8EE
4AAB0C
4AAD2B
4AAF49
4AB168
4AB386
4AB5A5
4AB7C4
4AB9E2
4ABC01
4ABE1F
4AC03E
4AC25D
4AC47B
4AC69A
4AC8B8
4ACAD7
4ACCF5
4ACF14
4AD133
4AD351
4AD570
4AD78E
4AD9AD
4ADBCC
4ADDEA
4AE009
4AE227
4AE446
4AE664
4AE883
4AEAA2
4AECC0
4AEEDF
4AF0FD
4AF31C
4AF53B
4AF759
4AF978
4AFB96
4AFDB5
4AFFD4
4B01F2
4B0411
4B062F
4B084E
4B0A6C
4B0C8B
4B0EAA
4B10C8
4B12E7
4B1505
4B1724
4B1943
4B1B61
4B1D80
4B1F9E
4B21BD
4B23DC
4B25FA
4B2819
4B2A37
4B2C56
4B2E74
4B3093
4B32B2
4B34D0
4B36EF
4B390D
4B3B2C
4B3D4B
4B3F69
4B4188
4B43A6
4B45C5
4B47E3
4B4A02
4B4C21
4B4E3F
4B505E
4B527C
4B549B
4B56B9
4B58D8
4B5AF7
4B5D15
4B5F34
4B6152
4B6371
4B658F
4B67AE
4B69CD
4B6BEB
4B6E0A
4B7028
4B7247
4B7465
4B7684
4B78A3
4B7AC1
4B7CE0
4B7EFE
4B811D
4B833B
4B855A
4B8779
4B8997
4B8BB6
4B8DD4
4B8FF3
4B9211
4B9430
4B964E
4B986D
4B9A8C
4B9CAA
4B9EC9
4BA0E7
4BA306
4BA524
4BA743
4BA961
4BAB80
4BAD9F
4BAFBD
4BB1DC
4BB3FA
4BB619
4BB837
4BBA56
4BBC74
4BBE93
4BC0B1
4BC2D0
4BC4EE
4BC70D
4BC92C
4BCB4A
4BCD69
4BCF87
4BD1A6
4BD3C4
4BD5E3
4BD801
4BDA20
4BDC3E
4BDE5D
4BE07B
4BE29A
4BE4B8
4BE6D7
4BE8F5
4BEB14
4BED32
4BEF51
4BF16F
4BF38E
4BF5AC
4BF7CB
4BF9E9
4BFC08
4BFE26
4C0045
4C0263
4C0482
4C06A0
4C08BF
4C0ADD
4C0CFC
4C0F1A
4C1139
4C1357
4C1576
4C1794
4C19B3
4C1BD1
4C1DF0
4C200E
4C222D
4C244B
4C266A
4C2888
4C2AA7
4C2CC5
4C2EE3
4C3102
4C3320
4C353F
4C375D
4C397C
4C3B9A
4C3DB9
4C3FD7
4C41F6
4C4414
4C4632
4C4851
4C4A6F
4C4C8E
4C4EAC
4C50CB
4C52E9
4C5507
4C5726
4C5944
4C5B63
4C5D81
4C5FA0
4C61BE
4C63DC
4C65FB
4C6819
4C6A38
4C6C56
4C6E74
4C7093
4C72B1
4C74D0
4C76EE
4C790C
4C7B2B
4C7D49
4C7F68
4C8186
4C83A4
4C85C3
4C87E1
4C8A00
4C8C1E
4C8E3C
4C905B
4C9279
4C9497
4C96B6
4C98D4
4C9AF3
4C9D11
4C9F2F
4CA14E
4CA36C
4CA58A
4CA7A9
4CA9C7
4CABE5
4CAE04
4CB022
4CB240
4CB45F
4CB67D
4CB89B
4CBABA
4CBCD8
4CBEF6
4CC115
4CC333
4CC551
4CC770
4CC98E
4CCBAC
4CCDCA
4CCFE9
4CD207
4CD425
4CD644
4CD862
4CDA80
4CDC9F
4CDEBD
4CE0DB
4CE2F9
4CE518
4CE736
4CE954
4CEB72
4CED91
4CEFAF
4CF1CD
4CF3EB
4CF60A
4CF828
4CFA46
4CFC64
4CFE83
4D00A1
4D02BF
4D04DD
4D06FC
4D091A
4D0B38
4D0D56
4D0F75
4D1193
4D13B1
4D15CF
4D17ED
4D1A0C
4D1C2A
4D1E48
4D2066
4D2284
4D24A3
4D26C1
4D28DF
4D2AFD
4D2D1B
4D2F39
4D3158
4D3376
4D3594
4D37B2
4D39D0
4D3BEE
4D3E0D
4D402B
4D4249
4D4467
4D4685
4D48A3
4D4AC1
4D4CDF
4D4EFE
4D511C
4D533A
4D5558
4D5776
4D5994
4D5BB2
4D5DD0
4D5FEE
4D620D
4D642B
4D6649
4D6867
4D6A85
4D6CA3
4D6EC1
4D70DF
4D72FD
4D751B
4D7739
4D7957
4D7B75
4D7D93
4D7FB2
4D81D0
4D83EE
4D860C
4D882A
4D8A48
4D8C66
4D8E84
4D90A2
4D92C0
4D94DE
4D96FC
4D991A
4D9B38
4D9D56
4D9F74
4DA192
4DA3B0
4DA5CE
4DA7EC
4DAA0A
4DAC28
4DAE46
4DB064
4DB281
4DB49F
4DB6BD
4DB8DB
4DBAF9
4DBD17
4DBF35
4DC153
4DC371
4DC58F
4DC7AD
4DC9CB
4DCBE9
4DCE07
4DD024
4DD242
4DD460
4DD67E
4DD89C
4DDABA
4DDCD8
4DDEF6
4DE114
4DE331
4DE54F
4DE76D
4DE98B
4DEBA9
4DEDC7
4DEFE4
4DF202
4DF420
4DF63E
4DF85C
4DFA7A
4DFC97
4DFEB5
4E00D3
4E02F1
4E050F
4E072C
4E094A
4E0B68
4E0D86
4E0FA4
4E11C1
4E13DF
4E15FD
4E181B
4E1A38
4E1C56
4E1E74
4E2092
4E22AF
4E24CD
4E26EB
4E2908
4E2B26
4E2D44
4E2F62
4E317F
4E339D
4E35BB
4E37D8
4E39F6
4E3C14
4E3E31
4E404F
4E426D
4E448A
4E46A8
4E48C6
4E4AE3
4E4D01
4E4F1F
4E513C
4E535A
4E5578
4E5795
4E59B3
4E5BD0
4E5DEE
4E600C
4E6229
4E6447
4E6664
4E6882
4E6AA0
4E6CBD
4E6EDB
4E70F8
4E7316
4E7533
4E7751
4E796E
4E7B8C
4E7DAA
4E7FC7
4E81E5
4E8402
4E8620
4E883D
4E8A5B
4E8C78
4E8E96
4E90B3
4E92D1
4E94EE
4E970C
4E9929
4E9B46
4E9D64
4E9F81
4EA19F
4EA3BC
4EA5DA
4EA7F7
4EAA15
4EAC32
4EAE4F
4EB06D
4EB28A
4EB4A8
4EB6C5
4EB8E2
4EBB00
4EBD1D
4EBF3A
4EC158
4EC375
4EC593
4EC7B0
4EC9CD
4ECBEB
4ECE08
4ED025
4ED243
4ED460
4ED67D
4ED89B
4EDAB8
4EDCD5
4EDEF2
4EE110
4EE32D
4EE54A
4EE767
4EE985
4EEBA2
4EEDBF
4EEFDD
4EF1FA
4EF417
4EF634
4EF851
4EFA6F
4EFC8C
4EFEA9
4F00C6
4F02E3
4F0501
4F071E
4F093B
4F0B58
4F0D75
4F0F92
4F11B0
4F13CD
4F15EA
4F1807
4F1A24
4F1C41
4F1E5E
4F207C
4F2299
4F24B6
4F26D3
4F28F0
4F2B0D
4F2D2A
4F2F47
4F3164
4F3381
4F359E
4F37BB
4F39D8
4F3BF5
4F3E13
4F4030
4F424D
4F446A
4F4687
4F48A4
4F4AC1
4F4CDE
4F4EFB
4F5117
4F5334
4F5551
4F576E
4F598B
4F5BA8
4F5DC5
4F5FE2
4F61FF
4F641C
4F6639
4F6856
4F6A73
4F6C90
4F6EAC
4F70C9
4F72E6
4F7503
4F7720
4F793D
4F7B5A
4F7D76
4F7F93
4F81B0
4F83CD
4F85EA
4F8807
4F8A23
4F8C40
4F8E5D
4F907A
4F9297
4F94B3
4F96D0
4F98ED
4F9B0A
4F9D26
4F9F43
4FA160
4FA37D
4FA599
4FA7B6
4FA9D3
4FABEF
4FAE0C
4FB029
4FB245
4FB462
4FB67F
4FB89B
4FBAB8
4FBCD5
4FBEF1
4FC10E
4FC32B
4FC547
4FC764
4FC980
4FCB9D
4FCDBA
4FCFD6
4FD1F3
4FD40F
4FD62C
4FD848
4FDA65
4FDC81
4FDE9E
4FE0BB
4FE2D7
4FE4F4
4FE710
4FE92D
4FEB49
4FED66
4FEF82
4FF19E
4FF3BB
4FF5D7
4FF7F4
4FFA10
4FFC2D
4FFE49
500066
500282
50049E
5006BB
5008D7
500AF4
500D10
500F2C
501149
501365
501581
50179E
5019BA
501BD6
501DF3
50200F
50222B
502448
502664
502880
502A9C
502CB9
502ED5
5030F1
50330D
50352A
503746
503962
503B7E
503D9B
503FB7
5041D3
5043EF
50460B
504827
504A44
504C60
504E7C
505098
5052B4
5054D0
5056EC
505909
505B25
505D41
505F5D
506179
506395
5065B1
5067CD
5069E9
506C05
506E21
50703D
507259
507475
507691
5078AD
507AC9
507CE5
507F01
50811D
508339
508555
508771
50898D
508BA9
508DC5
508FE1
5091FD
509418
509634
509850
509A6C
509C88
509EA4
50A0C0
50A2DB
50A4F7
50A713
50A92F
50AB4B
50AD66
50AF82
50B19E
50B3BA
50B5D6
50B7F1
50BA0D
50BC29
50BE44
50C060
50C27C
50C498
50C6B3
50C8CF
50CAEB
50CD06
50CF22
50D13E
50D359
50D575
50D791
50D9AC
50DBC8
50DDE3
50DFFF
50E21B
50E436
50E652
50E86D
50EA89
50ECA4
50EEC0
50F0DB
50F2F7
50F512
50F72E
50F949
50FB65
50FD80
50FF9C
5101B7
5103D3
5105EE
51080A
510A25
510C40
510E5C
511077
511293
5114AE
5116C9
5118E5
511B00
511D1B
511F37
512152
51236D
512589
5127A4
5129BF
512BDA
512DF6
513011
51322C
513448
513663
51387E
513A99
513CB4
513ED0
5140EB
514306
514521
51473C
514957
514B73
514D8E
514FA9
5151C4
5153DF
5155FA
515815
515A30
515C4B
515E66
516082
51629D
5164B8
5166D3
5168EE
516B09
516D24
516F3F
51715A
517375
517590
5177AB
5179C5
517BE0
517DFB
518016
518231
51844C
518667
518882
518A9D
518CB8
518ED2
5190ED
519308
519523
51973E
519958
519B73
519D8E
519FA9
51A1C4
51A3DE
51A5F9
51A814
51AA2F
51AC49
51AE64
51B07F
51B299
51B4B4
51B6CF
51B8E9
51BB04
51BD1F
51BF39
51C154
51C36E
51C589
51C7A4
51C9BE
51CBD9
51CDF3
51D00E
51D228
51D443
51D65D
51D878
51DA92
51DCAD
51DEC7
51E0E2
51E2FC
51E517
51E731
51E94C
51EB66
51ED81
51EF9B
51F1B5
51F3D0
51F5EA
51F804
51FA1F
51FC39
51FE53
52006E
520288
5204A2
5206BD
5208D7
520AF1
520D0B
520F26
521140
52135A
521574
52178F
5219A9
521BC3
521DDD
521FF7
522211
52242C
522646
522860
522A7A
522C94
522EAE
5230C8
5232E2
5234FC
523716
523931
523B4B
523D65
523F7F
524199
5243B3
5245CD
5247E7
524A00
524C1A
524E34
52504E
525268
525482
52569C
5258B6
525AD0
525CEA
525F03
52611D
526337
526551
52676B
526985
526B9E
526DB8
526FD2
5271EC
527405
52761F
527839
527A53
527C6C
527E86
5280A0
5282B9
5284D3
5286ED
528906
528B20
528D3A
528F53
52916D
529386
5295A0
5297B9
5299D3
529BED
529E06
52A020
52A239
52A453
52A66C
52A885
52AA9F
52ACB8
52AED2
52B0EB
52B305
52B51E
52B737
52B951
52BB6A
52BD84
52BF9D
52C1B6
52C3D0
52C5E9
52C802
52CA1C
52CC35
52CE4E
52D067
52D281
52D49A
52D6B3
52D8CC
52DAE5
52DCFF
52DF18
52E131
52E34A
52E563
52E77C
52E996
52EBAF
52EDC8
52EFE1
52F1FA
52F413
52F62C
52F845
52FA5E
52FC77
52FE90
5300A9
5302C2
5304DB
5306F4
53090D
530B26
530D3F
530F58
531171
53138A
5315A2
5317BB
5319D4
531BED
531E06
53201F
532237
532450
532669
532882
532A9B
532CB3
532ECC
5330E5
5332FD
533516
53372F
533948
533B60
533D79
533F91
5341AA
5343C3
5345DB
5347F4
534A0D
534C25
534E3E
535056
53526F
535487
5356A0
5358B8
535AD1
535CE9
535F02
53611A
536333
53654B
536763
53697C
536B94
536DAD
536FC5
5371DD
5373F6
53760E
537826
537A3F
537C57
537E6F
538087
5382A0
5384B8
5386D0
5388E8
538B00
538D19
538F31
539149
539361
539579
539791
5399AA
539BC2
539DDA
539FF2
53A20A
53A422
53A63A
53A852
53AA6A
53AC82
53AE9A
53B0B2
53B2CA
53B4E2
53B6FA
53B912
53BB2A
53BD42
53BF59
53C171
53C389
53C5A1
53C7B9
53C9D1
53CBE9
53CE00
53D018
53D230
53D448
53D65F
53D877
53DA8F
53DCA7
53DEBE
53E0D6
53E2EE
53E505
53E71D
53E935
53EB4C
53ED64
53EF7B
53F193
53F3AA
53F5C2
53F7DA
53F9F1
53FC09
53FE20
540038
54024F
540467
54067E
540895
540AAD
540CC4
540EDC
5410F3
54130A
541522
541739
541950
541B68
541D7F
541F96
5421AE
5423C5
5425DC
5427F3
542A0B
542C22
542E39
543050
543267
54347E
543696
5438AD
543AC4
543CDB
543EF2
544109
544320
544537
54474E
544965
544B7C
544D93
544FAA
5451C1
5453D8
5455EF
545806
545A1D
545C34
545E4B
546062
546279
54648F
5466A6
5468BD
546AD4
546CEB
546F01
547118
54732F
547546
54775C
547973
547B8A
547DA0
547FB7
5481CE
5483E4
5485FB
548812
548A28
548C3F
548E55
54906C
549282
549499
5496AF
5498C6
549ADC
549CF3
549F09
54A120
54A336
54A54D
54A763
54A979
54AB90
54ADA6
54AFBD
54B1D3
54B3E9
54B5FF
54B816
54BA2C
54BC42
54BE59
54C06F
54C285
54C49B
54C6B1
54C8C8
54CADE
54CCF4
54CF0A
54D120
54D336
54D54C
54D762
54D978
54DB8E
54DDA4
54DFBA
54E1D0
54E3E6
54E5FC
54E812
54EA28
54EC3E
54EE54
54F06A
54F280
54F496
54F6AC
54F8C1
54FAD7
54FCED
54FF03
550119
55032E
550544
55075A
550970
550B85
550D9B
550FB1
5511C6
5513DC
5515F2
551807
551A1D
551C33
551E48
55205E
552273
552489
55269E
5528B4
552AC9
552CDF
552EF4
55310A
55331F
553534
55374A
55395F
553B75
553D8A
553F9F
5541B5
5543CA
5545DF
5547F5
554A0A
554C1F
554E34
555049
55525F
555474
555689
55589E
555AB3
555CC8
555EDE
5560F3
556308
55651D
556732
556947
556B5C
556D71
556F86
55719B
5573B0
5575C5
5577DA
5579EF
557C04
557E18
55802D
558242
558457
55866C
558881
558A95
558CAA
558EBF
5590D4
5592E8
5594FD
559712
559926
559B3B
559D50
559F64
55A179
55A38E
55A5A2
55A7B7
55A9CB
55ABE0
55ADF4
55B009
55B21D
55B432
55B646
55B85B
55BA6F
55BC84
55BE98
55C0AC
55C2C1
55C4D5
55C6E9
55C8FE
55CB12
55CD26
55CF3B
55D14F
55D363
55D577
55D78C
55D9A0
55DBB4
55DDC8
55DFDC
55E1F0
55E405
55E619
55E82D
55EA41
55EC55
55EE69
55F07D
55F291
55F4A5
55F6B9
55F8CD
55FAE1
55FCF5
55FF09
56011C
560330
560544
560758
56096C
560B80
560D93
560FA7
5611BB
5613CF
5615E2
5617F6
561A0A
561C1E
561E31
562045
562258
56246C
562680
562893
562AA7
562CBA
562ECE
5630E1
5632F5
563508
56371C
56392F
563B43
563D56
563F6A
56417D
564390
5645A4
5647B7
5649CA
564BDE
564DF1
565004
565217
56542B
56563E
565851
565A64
565C77
565E8B
56609E
5662B1
5664C4
5666D7
5668EA
566AFD
566D10
566F23
567136
567349
56755C
56776F
567982
567B95
567DA8
567FBB
5681CE
5683E0
5685F3
568806
568A19
568C2C
568E3E
569051
569264
569477
569689
56989C
569AAF
569CC1
569ED4
56A0E6
56A2F9
56A50C
56A71E
56A931
56AB43
56AD56
56AF68
56B17B
56B38D
56B5A0
56B7B2
56B9C4
56BBD7
56BDE9
56BFFB
56C20E
56C420
56C632
56C845
56CA57
56CC69
56CE7B
56D08E
56D2A0
56D4B2
56D6C4
56D8D6
56DAE8
56DCFB
56DF0D
56E11F
56E331
56E543
56E755
56E967
56EB79
56ED8B
56EF9D
56F1AF
56F3C1
56F5D2
56F7E4
56F9F6
56FC08
56FE1A
57002C
57023D
57044F
570661
570873
570A84
570C96
570EA8
5710BA
5712CB
5714DD
5716EE
571900
571B12
571D23
571F35
572146
572358
572569
57277B
57298C
572B9E
572DAF
572FC0
5731D2
5733E3
5735F4
573806
573A17
573C28
573E3A
57404B
57425C
57446D
57467F
574890
574AA1
574CB2
574EC3
5750D4
5752E5
5754F6
575708
575919
575B2A
575D3B
575F4C
57615D
57636D
57657E
57678F
5769A0
576BB1
576DC2
576FD3
5771E4
5773F4
577605
577816
577A27
577C37
577E48
578059
578269
57847A
57868B
57889B
578AAC
578CBC
578ECD
5790DE
5792EE
5794FF
57970F
579920
579B30
579D40
579F51
57A161
57A372
57A582
57A792
57A9A3
57ABB3
57ADC3
57AFD3
57B1E4
57B3F4
57B604
57B814
57BA24
57BC35
57BE45
57C055
57C265
57C475
57C685
57C895
57CAA5
57CCB5
57CEC5
57D0D5
57D2E5
57D4F5
57D705
57D915
57DB25
57DD34
57DF44
57E154
57E364
57E574
57E783
57E993
57EBA3
57EDB2
57EFC2
57F1D2
57F3E1
57F5F1
57F801
57FA10
57FC20
57FE2F
58003F
58024E
58045E
58066D
58087D
580A8C
580C9C
580EAB
5810BA
5812CA
5814D9
5816E8
5818F8
581B07
581D16
581F25
582135
582344
582553
582762
582971
582B80
582D8F
582F9E
5831AD
5833BD
5835CC
5837DB
5839EA
583BF8
583E07
584016
584225
584434
584643
584852
584A61
584C6F
584E7E
58508D
58529C
5854AA
5856B9
5858C8
585AD6
585CE5
585EF4
586102
586311
58651F
58672E
58693D
586B4B
586D59
586F68
587176
587385
587593
5877A2
5879B0
587BBE
587DCD
587FDB
5881E9
5883F7
588606
588814
588A22
588C30
588E3E
58904D
58925B
589469
589677
589885
589A93
589CA1
589EAF
58A0BD
58A2CB
58A4D9
58A6E7
58A8F5
58AB03
58AD11
58AF1E
58B12C
58B33A
58B548
58B755
58B963
58BB71
58BD7F
58BF8C
58C19A
58C3A8
58C5B5
58C7C3
58C9D0
58CBDE
58CDEB
58CFF9
58D206
58D414
58D621
58D82F
58DA3C
58DC4A
58DE57
58E064
58E272
58E47F
58E68C
58E89A
58EAA7
58ECB4
58EEC1
58F0CE
58F2DC
58F4E9
58F6F6
58F903
58FB10
58FD1D
58FF2A
590137
590344
590551
59075E
59096B
590B78
590D85
590F92
59119E
5913AB
5915B8
5917C5
5919D2
591BDE
591DEB
591FF8
592205
592411
59261E
59282A
592A37
592C44
592E50
59305D
593269
593476
593682
59388F
593A9B
593CA7
593EB4
5940C0
5942CD
5944D9
5946E5
5948F2
594AFE
594D0A
594F16
595122
59532F
59553B
595747
595953
595B5F
595D6B
595F77
596183
59638F
59659B
5967A7
5969B3
596BBF
596DCB
596FD7
5971E3
5973EE
5975FA
597806
597A12
597C1E
597E29
598035
598241
59844C
598658
598864
598A6F
598C7B
598E86
599092
59929D
5994A9
5996B4
5998C0
599ACB
599CD7
599EE2
59A0ED
59A2F9
59A504
59A70F
59A91B
59AB26
59AD31
59AF3C
59B147
59B353
59B55E
59B769
59B974
59BB7F
59BD8A
59BF95
59C1A0
59C3AB
59C5B6
59C7C1
59C9CC
59CBD7
59CDE2
59CFEC
59D1F7
59D402
59D60D
59D818
59DA22
59DC2D
59DE38
59E042
59E24D
59E458
59E662
59E86D
59EA78
59EC82
59EE8D
59F097
59F2A2
59F4AC
59F6B6
59F8C1
59FACB
59FCD6
59FEE0
5A00EA
5A02F5
5A04FF
5A0709
5A0913
5A0B1E
5A0D28
5A0F32
5A113C
5A1346
5A1550
5A175A
5A1964
5A1B6E
5A1D78
5A1F82
5A218C
5A2396
5A25A0
5A27AA
5A29B4
5A2BBE
5A2DC8
5A2FD1
5A31DB
5A33E5
5A35EF
5A37F8
5A3A02
5A3C0C
5A3E15
5A401F
5A4229
5A4432
5A463C
5A4845
5A4A4F
5A4C58
5A4E62
5A506B
5A5275
5A547E
5A5687
5A5891
5A5A9A
5A5CA3
5A5EAD
5A60B6
5A62BF
5A64C8
5A66D1
5A68DB
5A6AE4
5A6CED
5A6EF6
5A70FF
5A7308
5A7511
5A771A
5A7923
5A7B2C
5A7D35
5A7F3E
5A8147
5A8350
5A8558
5A8761
5A896A
5A8B73
5A8D7B
5A8F84
5A918D
5A9396
5A959E
5A97A7
5A99AF
5A9BB8
5A9DC1
5A9FC9
5AA1D2
5AA3DA
5AA5E3
5AA7EB
5AA9F3
5AABFC
5AAE04
5AB00D
5AB215
5AB41D
5AB625
5AB82E
5ABA36
5ABC3E
5ABE46
5AC04F
5AC257
5AC45F
5AC667
5AC86F
5ACA77
5ACC7F
5ACE87
5AD08F
5AD297
5AD49F
5AD6A7
5AD8AF
5ADAB6
5ADCBE
5ADEC6
5AE0CE
5AE2D6
5AE4DD
5AE6E5
5AE8ED
5AEAF4
5AECFC
5AEF04
5AF10B
5AF313
5AF51A
5AF722
5AF929
5AFB31
5AFD38
5AFF40
5B0147
5B034E
5B0556
5B075D
5B0964
5B0B6C
5B0D73
5B0F7A
5B1181
5B1389
5B1590
5B1797
5B199E
5B1BA5
5B1DAC
5B1FB3
5B21BA
5B23C1
5B25C8
5B27CF
5B29D6
5B2BDD
5B2DE4
5B2FEB
5B31F1
5B33F8
5B35FF
5B3806
5B3A0D
5B3C13
5B3E1A
5B4021
5B4227
5B442E
5B4634
5B483B
5B4A41
5B4C48
5B4E4E
5B5055
5B525B
5B5462
5B5668
5B586E
5B5A75
5B5C7B
5B5E81
5B6088
5B628E
5B6494
5B669A
5B68A0
5B6AA7
5B6CAD
5B6EB3
5B70B9
5B72BF
5B74C5
5B76CB
5B78D1
5B7AD7
5B7CDD
5B7EE3
5B80E8
5B82EE
5B84F4
5B86FA
5B8900
5B8B05
5B8D0B
5B8F11
5B9116
5B931C
5B9522
5B9727
5B992D
5B9B32
5B9D38
5B9F3D
5BA143
5BA348
5BA54E
5BA753
5BA959
5BAB5E
5BAD63
5BAF68
5BB16E
5BB373
5BB578
5BB77D
5BB983
5BBB88
5BBD8D
5BBF92
5BC197
5BC39C
5BC5A1
5BC7A6
5BC9AB
5BCBB0
5BCDB5
5BCFBA
5BD1BF
5BD3C3
5BD5C8
5BD7CD
5BD9D2
5BDBD7
5BDDDB
5BDFE0
5BE1E5
5BE3E9
5BE5EE
5BE7F2
5BE9F7
5BEBFC
5BEE00
5BF005
5BF209
5BF40D
5BF612
5BF816
5BFA1B
5BFC1F
5BFE23
5C0027
5C022C
5C0430
5C0634
5C0838
5C0A3C
5C0C41
5C0E45
5C1049
5C124D
5C1451
5C1655
5C1859
5C1A5D
5C1C61
5C1E65
5C2068
5C226C
5C2470
5C2674
5C2878
5C2A7B
5C2C7F
5C2E83
5C3087
5C328A
5C348E
5C3691
5C3895
5C3A98
5C3C9C
5C3E9F
5C40A3
5C42A6
5C44AA
5C46AD
5C48B0
5C4AB4
5C4CB7
5C4EBA
5C50BE
5C52C1
5C54C4
5C56C7
5C58CA
5C5ACD
5C5CD1
5C5ED4
5C60D7
5C62DA
5C64DD
5C66E0
5C68E3
5C6AE5
5C6CE8
5C6EEB
5C70EE
5C72F1
5C74F4
5C76F6
5C78F9
5C7AFC
5C7CFE
5C7F01
5C8104
5C8306
5C8509
5C870B
5C890E
5C8B10
5C8D13
5C8F15
5C9118
5C931A
5C951C
5C971F
5C9921
5C9B23
5C9D26
5C9F28
5CA12A
5CA32C
5CA52E
5CA730
5CA933
5CAB35
5CAD37
5CAF39
5CB13B
5CB33D
5CB53F
5CB740
5CB942
5CBB44
5CBD46
5CBF48
5CC14A
5CC34B
5CC54D
5CC74F
5CC950
5CCB52
5CCD54
5CCF55
5CD157
5CD358
5CD55A
5CD75B
5CD95D
5CDB5E
5CDD60
5CDF61
5CE162
5CE364
5CE565
5CE766
5CE967
5CEB69
5CED6A
5CEF6B
5CF16C
5CF36D
5CF56E
5CF76F
5CF970
5CFB71
5CFD72
5CFF73
5D0174
5D0375
5D0576
5D0777
5D0977
5D0B78
5D0D79
5D0F7A
5D117A
5D137B
5D157C
5D177C
5D197D
5D1B7D
5D1D7E
5D1F7E
5D217F
5D237F
5D2580
5D2780
5D2980
5D2B81
5D2D81
5D2F81
5D3182
5D3382
5D3582
5D3782
5D3982
5D3B82
5D3D82
5D3F83
5D4183
5D4383
5D4583
5D4783
5D4982
5D4B82
5D4D82
5D4F82
5D5182
5D5382
5D5581
5D5781
5D5981
5D5B80
5D5D80
5D5F80
5D617F
5D637F
5D657E
5D677E
5D697D
5D6B7D
5D6D7C
5D6F7C
5D717B
5D737A
5D757A
5D7779
5D7978
5D7B77
5D7D77
5D7F76
5D8175
5D8374
5D8573
5D8772
5D8971
5D8B70
5D8D6F
5D8F6E
5D916D
5D936C
5D956B
5D976A
5D9968
5D9B67
5D9D66
5D9F65
5DA163
5DA362
5DA561
5DA75F
5DA95E
5DAB5C
5DAD5B
5DAF59
5DB158
5DB356
5DB555
5DB753
5DB952
5DBB50
5DBD4E
5DBF4C
5DC14B
5DC349
5DC547
5DC745
5DC943
5DCB41
5DCD40
5DCF3E
5DD13C
5DD33A
5DD538
5DD735
5DD933
5DDB31
5DDD2F
5DDF2D
5DE12B
5DE328
5DE526
5DE724
5DE922
5DEB1F
5DED1D
5DEF1A
5DF118
5DF315
5DF513
5DF710
5DF90E
5DFB0B
5DFD09
5DFF06
5E0103
5E0301
5E04FE
5E06FB
5E08F8
5E0AF6
5E0CF3
5E0EF0
5E10ED
5E12EA
5E14E7
5E16E4
5E18E1
5E1ADE
5E1CDB
5E1ED8
5E20D5
5E22D1
5E24CE
5E26CB
5E28C8
5E2AC5
5E2CC1
5E2EBE
5E30BB
5E32B7
5E34B4
5E36B0
5E38AD
5E3AA9
5E3CA6
5E3EA2
5E409F
5E429B
5E4497
5E4694
5E4890
5E4A8C
5E4C88
5E4E85
5E5081
5E527D
5E5479
5E5675
5E5871
5E5A6D
5E5C69
5E5E65
5E6061
5E625D
5E6459
5E6655
5E6850
5E6A4C
5E6C48
5E6E44
5E703F
5E723B
5E7437
5E7632
5E782E
5E7A29
5E7C25
5E7E20
5E801C
5E8217
5E8413
5E860E
5E8809
5E8A05
5E8C00
5E8DFB
5E8FF6
5E91F2
5E93ED
5E95E8
5E97E3
5E99DE
5E9BD9
5E9DD4
5E9FCF
5EA1CA
5EA3C5
5EA5C0
5EA7BB
5EA9B6
5EABB0
5EADAB
5EAFA6
5EB1A1
5EB39B
5EB596
5EB791
5EB98B
5EBB86
5EBD80
5EBF7B
5EC175
5EC370
5EC56A
5EC765
5EC95F
5ECB59
5ECD54
5ECF4E
5ED148
5ED342
5ED53C
5ED737
5ED931
5EDB2B
5EDD25
5EDF1F
5EE119
5EE313
5EE50D
5EE707
5EE901
5EEAFA
5EECF4
5EEEEE
5EF0E8
5EF2E1
5EF4DB
5EF6D5
5EF8CE
5EFAC8
5EFCC2
5EFEBB
5F00B5
5F02AE
5F04A8
5F06A1
5F089A
5F0A94
5F0C8D
5F0E86
5F1080
5F1279
5F1472
5F166B
5F1864
5F1A5D
5F1C57
5F1E50
5F2049
5F2242
5F243B
5F2634
5F282C
5F2A25
5F2C1E
5F2E17
5F3010
5F3208
5F3401
5F35FA
5F37F3
5F39EB
5F3BE4
5F3DDC
5F3FD5
5F41CD
5F43C6
5F45BE
5F47B7
5F49AF
5F4BA7
5F4DA0
5F4F98
5F5190
5F5388
5F5581
5F5779
5F5971
5F5B69
5F5D61
5F5F59
5F6151
5F6349
5F6541
5F6739
5F6931
5F6B29
5F6D20
5F6F18
5F7110
5F7308
5F74FF
5F76F7
5F78EF
5F7AE6
5F7CDE
5F7ED5
5F80CD
5F82C4
5F84BC
5F86B3
5F88AB
5F8AA2
5F8C99
5F8E91
5F9088
5F927F
5F9476
5F966D
5F9865
5F9A5C
5F9C53
5F9E4A
5FA041
5FA238
5FA42F
5FA626
5FA81D
5FAA13
5FAC0A
5FAE01
5FAFF8
5FB1EE
5FB3E5
5FB5DC
5FB7D2
5FB9C9
5FBBC0
5FBDB6
5FBFAD
5FC1A3
5FC39A
5FC590
5FC786
5FC97D
5FCB73
5FCD69
5FCF60
5FD156
5FD34C
5FD542
5FD738
5FD92E
5FDB24
5FDD1A
5FDF10
5FE106
5FE2FC
5FE4F2
5FE6E8
5FE8DE
5FEAD4
5FECC9
5FEEBF
5FF0B5
5FF2AB
5FF4A0
5FF696
5FF88B
5FFA81
5FFC76
5FFE6C
600061
600257
60044C
600642
600837
600A2C
600C21
600E17
60100C
601201
6013F6
6015EB
6017E0
6019D5
601BCA
601DBF
601FB4
6021A9
60239E
602593
602788
60297C
602B71
602D66
602F5B
60314F
603344
603538
60372D
603921
603B16
603D0A
603EFF
6040F3
6042E8
6044DC
6046D0
6048C4
604AB9
604CAD
604EA1
605095
605289
60547D
605671
605865
605A59
605C4D
605E41
606035
606229
60641D
606610
606804
6069F8
606BEB
606DDF
606FD3
6071C6
6073BA
6075AD
6077A1
607994
607B88
607D7B
607F6E
608162
608355
608548
60873B
60892F
608B22
608D15
608F08
6090FB
6092EE
6094E1
6096D4
6098C7
609ABA
609CAD
609E9F
60A092
60A285
60A478
60A66A
60A85D
60AA50
60AC42
60AE35
60B027
60B21A
60B40C
60B5FF
60B7F1
60B9E3
60BBD6
60BDC8
60BFBA
60C1AC
60C39F
60C591
60C783
60C975
60CB67
60CD59
60CF4B
60D13D
60D32F
60D521
60D713
60D904
60DAF6
60DCE8
60DEDA
60E0CB
60E2BD
60E4AF
60E6A0
60E892
60EA83
60EC75
60EE66
60F058
60F249
60F43A
60F62C
60F81D
60FA0E
60FBFF
60FDF1
60FFE2
6101D3
6103C4
6105B5
6107A6
610997
610B88
610D79
610F6A
61115A
61134B
61153C
61172D
61191E
611B0E
611CFF
611EEF
6120E0
6122D1
6124C1
6126B2
6128A2
612A92
612C83
612E73
613063
613254
613444
613634
613824
613A14
613C04
613DF5
613FE5
6141D5
6143C4
6145B4
6147A4
614994
614B84
614D74
614F64
615153
615343
615533
615722
615912
615B01
615CF1
615EE0
6160D0
6162BF
6164AF
61669E
61688D
616A7D
616C6C
616E5B
61704A
617239
617428
617617
617806
6179F5
617BE4
617DD3
617FC2
6181B1
6183A0
61858F
61877D
61896C
618B5B
618D4A
618F38
619127
619315
619504
6196F2
6198E1
619ACF
619CBE
619EAC
61A09A
61A288
61A477
61A665
61A853
61AA41
61AC2F
61AE1D
61B00B
61B1F9
61B3E7
61B5D5
61B7C3
61B9B1
61BB9F
61BD8D
61BF7A
61C168
61C356
61C543
61C731
61C91F
61CB0C
61CCFA
61CEE7
61D0D5
61D2C2
61D4AF
61D69D
61D88A
61DA77
61DC64
61DE52
61E03F
61E22C
61E419
61E606
61E7F3
61E9E0
61EBCD
61EDBA
61EFA7
61F194
61F380
61F56D
61F75A
61F947
61FB33
61FD20
61FF0C
6200F9
6202E6
6204D2
6206BE
6208AB
620A97
620C84
620E70
62105C
621248
621435
621621
62180D
6219F9
621BE5
621DD1
621FBD
6221A9
622395
622581
62276D
622959
622B44
622D30
622F1C
623107
6232F3
6234DF
6236CA
6238B6
623AA1
623C8D
623E78
624063
62424F
62443A
624625
624811
6249FC
624BE7
624DD2
624FBD
6251A8
625393
62557E
625769
625954
625B3F
625D2A
625F15
6260FF
6262EA
6264D5
6266C0
6268AA
626A95
626C7F
626E6A
627054
62723F
627429
627614
6277FE
6279E8
627BD2
627DBD
627FA7
628191
62837B
628565
62874F
628939
628B23
628D0D
628EF7
6290E1
6292CB
6294B5
62969E
629888
629A72
629C5C
629E45
62A02F
62A218
62A402
62A5EB
62A7D5
62A9BE
62ABA7
62AD91
62AF7A
62B163
62B34C
62B536
62B71F
62B908
62BAF1
62BCDA
62BEC3
62C0AC
62C295
62C47E
62C667
62C84F
62CA38
62CC21
62CE0A
62CFF2
62D1DB
62D3C4
62D5AC
62D795
62D97D
62DB66
62DD4E
62DF36
62E11F
62E307
62E4EF
62E6D7
62E8C0
62EAA8
62EC90
62EE78
62F060
62F248
62F430
62F618
62F800
62F9E8
62FBCF
62FDB7
62FF9F
630187
63036E
630556
63073E
630925
630B0D
630CF4
630EDC
6310C3
6312AA
631492
631679
631860
631A47
631C2F
631E16
631FFD
6321E4
6323CB
6325B2
632799
632980
632B67
632D4E
632F34
63311B
633302
6334E9
6336CF
6338B6
633A9D
633C83
633E6A
634050
634237
63441D
634603
6347EA
6349D0
634BB6
634D9C
634F83
635169
63534F
635535
63571B
635901
635AE7
635CCD
635EB3
636099
63627E
636464
63664A
636830
636A15
636BFB
636DE0
636FC6
6371AB
637391
637576
63775C
637941
637B26
637D0C
637EF1
6380D6
6382BB
6384A0
638685
63886A
638A4F
638C34
638E19
638FFE
6391E3
6393C8
6395AD
639791
639976
639B5B
639D3F
639F24
63A109
63A2ED
63A4D2
63A6B6
63A89A
63AA7F
63AC63
63AE47
63B02C
63B210
63B3F4
63B5D8
63B7BC
63B9A0
63BB84
63BD68
63BF4C
63C130
63C314
63C4F8
63C6DC
63C8BF
63CAA3
63CC87
63CE6A
63D04E
63D232
63D415
63D5F9
63D7DC
63D9BF
63DBA3
63DD86
63DF69
63E14D
63E330
63E513
63E6F6
63E8D9
63EABC
63EC9F
63EE82
63F065
63F248
63F42B
63F60E
63F7F1
63F9D3
63FBB6
63FD99
63FF7B
64015E
640341
640523
640706
6408E8
640ACA
640CAD
640E8F
641071
641254
641436
641618
6417FA
6419DC
641BBE
641DA0
641F82
642164
642346
642528
64270A
6428EC
642ACD
642CAF
642E91
643072
643254
643435
643617
6437F8
6439DA
643BBB
643D9D
643F7E
64415F
644340
644522
644703
6448E4
644AC5
644CA6
644E87
645068
645249
64542A
64560B
6457EB
6459CC
645BAD
645D8E
645F6E
64614F
64632F
646510
6466F0
6468D1
646AB1
646C92
646E72
647052
647232
647413
6475F3
6477D3
6479B3
647B93
647D73
647F53
648133
648313
6484F3
6486D3
6488B2
648A92
648C72
648E52
649031
649211
6493F0
6495D0
6497AF
64998F
649B6E
649D4D
649F2D
64A10C
64A2EB
64A4CA
64A6A9
64A889
64AA68
64AC47
64AE26
64B005
64B1E3
64B3C2
64B5A1
64B780
64B95F
64BB3D
64BD1C
64BEFB
64C0D9
64C2B8
64C496
64C675
64C853
64CA32
64CC10
64CDEE
64CFCC
64D1AB
64D389
64D567
64D745
64D923
64DB01
64DCDF
64DEBD
64E09B
64E279
64E457
64E635
64E812
64E9F0
64EBCE
64EDAB
64EF89
64F166
64F344
64F521
64F6FF
64F8DC
64FAB9
64FC97
64FE74
650051
65022E
65040C
6505E9
6507C6
6509A3
650B80
650D5D
650F3A
651116
6512F3
6514D0
6516AD
651889
651A66
651C43
651E1F
651FFC
6521D8
6523B5
652591
65276D
65294A
652B26
652D02
652EDF
6530BB
653297
653473
65364F
65382B
653A07
653BE3
653DBF
653F9B
654176
654352
65452E
654709
6548E5
654AC1
654C9C
654E78
655053
65522F
65540A
6555E5
6557C1
65599C
655B77
655D52
655F2E
656109
6562E4
6564BF
65669A
656875
656A50
656C2A
656E05
656FE0
6571BB
657395
657570
65774B
657925
657B00
657CDA
657EB5
65808F
658269
658444
65861E
6587F8
6589D2
658BAD
658D87
658F61
65913B
659315
6594EF
6596C9
6598A3
659A7C
659C56
659E30
65A00A
65A1E3
65A3BD
65A596
65A770
65A949
65AB23
65ACFC
65AED6
65B0AF
65B288
65B462
65B63B
65B814
65B9ED
65BBC6
65BD9F
65BF78
65C151
65C32A
65C503
65C6DC
65C8B4
65CA8D
65CC66
65CE3F
65D017
65D1F0
65D3C8
65D5A1
65D779
65D952
65DB2A
65DD02
65DEDB
65E0B3
65E28B
65E463
65E63B
65E813
65E9EB
65EBC3
65ED9B
65EF73
65F14B
65F323
65F4FB
65F6D2
65F8AA
65FA82
65FC59
65FE31
660009
6601E0
6603B7
66058F
660766
66093E
660B15
660CEC
660EC3
66109A
661272
661449
661620
6617F7
6619CE
661BA4
661D7B
661F52
662129
662300
6624D6
6626AD
662883
662A5A
662C31
662E07
662FDD
6631B4
66338A
663561
663737
66390D
663AE3
663CB9
663E8F
664065
66423B
664411
6645E7
6647BD
664993
664B69
664D3F
664F14
6650EA
6652C0
665495
66566B
665840
665A16
665BEB
665DC0
665F96
66616B
666340
666515
6666EB
6668C0
666A95
666C6A
666E3F
667014
6671E9
6673BD
667592
667767
66793C
667B10
667CE5
667EBA
66808E
668263
668437
66860C
6687E0
6689B4
668B89
668D5D
668F31
669105
6692D9
6694AD
669682
669855
669A29
669BFD
669DD1
669FA5
66A179
66A34D
66A520
66A6F4
66A8C7
66AA9B
66AC6F
66AE42
66B015
66B1E9
66B3BC
66B590
66B763
66B936
66BB09
66BCDC
66BEAF
66C082
66C255
66C428
66C5FB
66C7CE
66C9A1
66CB74
66CD47
66CF19
66D0EC
66D2BE
66D491
66D664
66D836
66DA08
66DBDB
66DDAD
66DF80
66E152
66E324
66E4F6
66E6C8
66E89A
66EA6C
66EC3E
66EE10
66EFE2
66F1B4
66F386
66F558
66F729
66F8FB
66FACD
66FC9E
66FE70
670042
670213
6703E4
6705B6
670787
670958
670B2A
670CFB
670ECC
67109D
67126E
67143F
671610
6717E1
6719B2
671B83
671D54
671F25
6720F5
6722C6
672497
672667
672838
672A08
672BD9
672DA9
672F7A
67314A
67331A
6734EA
6736BB
67388B
673A5B
673C2B
673DFB
673FCB
67419B
67436B
67453B
67470A
6748DA
674AAA
674C7A
674E49
675019
6751E8
6753B8
675587
675757
675926
675AF5
675CC5
675E94
676063
676232
676401
6765D0
67679F
67696E
676B3D
676D0C
676EDB
6770AA
677278
677447
677616
6777E4
6779B3
677B81
677D50
677F1E
6780ED
6782BB
678489
678657
678826
6789F4
678BC2
678D90
678F5E
67912C
6792FA
6794C8
679696
679863
679A31
679BFF
679DCD
679F9A
67A168
67A335
67A503
67A6D0
67A89E
67AA6B
67AC38
67AE05
67AFD3
67B1A0
67B36D
67B53A
67B707
67B8D4
67BAA1
67BC6E
67BE3B
67C008
67C1D4
67C3A1
67C56E
67C73A
67C907
67CAD3
67CCA0
67CE6C
67D039
67D205
67D3D1
67D59E
67D76A
67D936
67DB02
67DCCE
67DE9A
67E066
67E232
67E3FE
67E5CA
67E796
67E962
67EB2D
67ECF9
67EEC5
67F090
67F25C
67F427
67F5F3
67F7BE
67F98A
67FB55
67FD20
67FEEB
6800B7
680282
68044D
680618
6807E3
6809AE
680B79
680D43
680F0E
6810D9
6812A4
68146E
681639
681804
6819CE
681B99
681D63
681F2E
6820F8
6822C2
68248C
682657
682821
6829EB
682BB5
682D7F
682F49
683113
6832DD
6834A7
683671
68383A
683A04
683BCE
683D97
683F61
68412A
6842F4
6844BD
684687
684850
684A19
684BE3
684DAC
684F75
68513E
685307
6854D0
685699
685862
685A2B
685BF4
685DBD
685F85
68614E
686317
6864DF
6866A8
686871
686A39
686C01
686DCA
686F92
68715A
687323
6874EB
6876B3
68787B
687A43
687C0B
687DD3
687F9B
688163
68832B
6884F3
6886BA
688882
688A4A
688C11
688DD9
688FA0
689168
68932F
6894F6
6896BE
689885
689A4C
689C13
689DDA
689FA2
68A169
68A330
68A4F7
68A6BD
68A884
68AA4B
68AC12
68ADD9
68AF9F
68B166
68B32C
68B4F3
68B6B9
68B880
68BA46
68BC0D
68BDD3
68BF99
68C15F
68C325
68C4EB
68C6B2
68C878
68CA3D
68CC03
68CDC9
68CF8F
68D155
68D31B
68D4E0
68D6A6
68D86B
68DA31
68DBF6
68DDBC
68DF81
68E147
68E30C
68E4D1
68E696
68E85C
68EA21
68EBE6
68EDAB
68EF70
68F135
68F2FA
68F4BE
68F683
68F848
68FA0D
68FBD1
68FD96
68FF5A
69011F
6902E3
6904A8
69066C
690830
6909F5
690BB9
690D7D
690F41
691105
6912C9
69148D
691651
691815
6919D9
691B9D
691D60
691F24
6920E8
6922AB
69246F
692632
6927F6
6929B9
692B7D
692D40
692F03
6930C6
69328A
69344D
693610
6937D3
693996
693B59
693D1C
693EDE
6940A1
694264
694427
6945E9
6947AC
69496F
694B31
694CF3
694EB6
695078
69523B
6953FD
6955BF
695781
695943
695B05
695CC7
695E89
69604B
69620D
6963CF
696591
696753
696914
696AD6
696C98
696E59
69701B
6971DC
69739D
69755F
697720
6978E1
697AA3
697C64
697E25
697FE6
6981A7
698368
698529
6986EA
6988AB
698A6B
698C2C
698DED
698FAD
69916E
69932E
6994EF
6996AF
699870
699A30
699BF0
699DB1
699F71
69A131
69A2F1
69A4B1
69A671
69A831
69A9F1
69ABB1
69AD71
69AF30
69B0F0
69B2B0
69B46F
69B62F
69B7EF
69B9AE
69BB6D
69BD2D
69BEEC
69C0AB
69C26B
69C42A
69C5E9
69C7A8
69C967
69CB26
69CCE5
69CEA4
69D063
69D222
69D3E0
69D59F
69D75E
69D91C
69DADB
69DC99
69DE58
69E016
69E1D5
69E393
69E551
69E70F
69E8CD
69EA8C
69EC4A
69EE08
69EFC6
69F184
69F341
69F4FF
69F6BD
69F87B
69FA38
69FBF6
69FDB4
69FF71
6A012F
6A02EC
6A04A9
6A0667
6A0824
6A09E1
6A0B9E
6A0D5C
6A0F19
6A10D6
6A1293
6A1450
6A160C
6A17C9
6A1986
6A1B43
6A1D00
6A1EBC
6A2079
6A2235
6A23F2
6A25AE
6A276B
6A2927
6A2AE3
6A2CA0
6A2E5C
6A3018
6A31D4
6A3390
6A354C
6A3708
6A38C4
6A3A80
6A3C3C
6A3DF7
6A3FB3
6A416F
6A432A
6A44E6
6A46A1
6A485D
6A4A18
6A4BD4
6A4D8F
6A4F4A
6A5105
6A52C0
6A547C
6A5637
6A57F2
6A59AD
6A5B68
6A5D22
6A5EDD
6A6098
6A6253
6A640D
6A65C8
6A6783
6A693D
6A6AF8
6A6CB2
6A6E6C
6A7027
6A71E1
6A739B
6A7555
6A770F
6A78C9
6A7A83
6A7C3D
6A7DF7
6A7FB1
6A816B
6A8325
6A84DF
6A8698
6A8852
6A8A0B
6A8BC5
6A8D7E
6A8F38
6A90F1
6A92AA
6A9464
6A961D
6A97D6
6A998F
6A9B48
6A9D01
6A9EBA
6AA073
6AA22C
6AA3E5
6AA59E
6AA756
6AA90F
6AAAC8
6AAC80
6AAE39
6AAFF1
6AB1AA
6AB362
6AB51A
6AB6D3
6AB88B
6ABA43
6ABBFB
6ABDB3
6ABF6B
6AC123
6AC2DB
6AC493
6AC64B
6AC803
6AC9BA
6ACB72
6ACD2A
6ACEE1
6AD099
6AD250
6AD407
6AD5BF
6AD776
6AD92D
6ADAE5
6ADC9C
6ADE53
6AE00A
6AE1C1
6AE378
6AE52F
6AE6E6
6AE89D
6AEA53
6AEC0A
6AEDC1
6AEF77
6AF12E
6AF2E4
6AF49B
6AF651
6AF807
6AF9BE
6AFB74
6AFD2A
6AFEE0
6B0096
6B024D
6B0403
6B05B8
6B076E
6B0924
6B0ADA
6B0C90
6B0E45
6B0FFB
6B11B1
6B1366
6B151C
6B16D1
6B1887
6B1A3C
6B1BF1
6B1DA6
6B1F5C
6B2111
6B22C6
6B247B
6B2630
6B27E5
6B299A
6B2B4E
6B2D03
6B2EB8
6B306D
6B3221
6B33D6
6B358A
6B373F
6B38F3
6B3AA8
6B3C5C
6B3E10
6B3FC4
6B4179
6B432D
6B44E1
6B4695
6B4849
6B49FD
6B4BB0
6B4D64
6B4F18
6B50CC
6B527F
6B5433
6B55E6
6B579A
6B594D
6B5B01
6B5CB4
6B5E67
6B601B
6B61CE
6B6381
6B6534
6B66E7
6B689A
6B6A4D
6B6C00
6B6DB3
6B6F66
6B7118
6B72CB
6B747E
6B7630
6B77E3
6B7995
6B7B48
6B7CFA
6B7EAC
6B805E
6B8211
6B83C3
6B8575
6B8727
6B88D9
6B8A8B
6B8C3D
6B8DEF
6B8FA0
6B9152
6B9304
6B94B6
6B9667
6B9819
6B99CA
6B9B7C
6B9D2D
6B9EDE
6BA090
6BA241
6BA3F2
6BA5A3
6BA754
6BA905
6BAAB6
6BAC67
6BAE18
6BAFC9
6BB17A
6BB32A
6BB4DB
6BB68C
6BB83C
6BB9ED
6BBB9D
6BBD4D
6BBEFE
6BC0AE
6BC25E
6BC40E
6BC5BF
6BC76F
6BC91F
6BCACF
6BCC7F
6BCE2F
6BCFDE
6BD18E
6BD33E
6BD4ED
6BD69D
6BD84D
6BD9FC
6BDBAC
6BDD5B
6BDF0A
6BE0BA
6BE269
6BE418
6BE5C7
6BE776
6BE925
6BEAD4
6BEC83
6BEE32
6BEFE1
6BF190
6BF33F
6BF4ED
6BF69C
6BF84A
6BF9F9
6BFBA7
6BFD56
6BFF04
6C00B3
6C0261
6C040F
6C05BD
6C076B
6C0919
6C0AC7
6C0C75
6C0E23
6C0FD1
6C117F
6C132C
6C14DA
6C1688
6C1835
6C19E3
6C1B90
6C1D3E
6C1EEB
6C2098
6C2246
6C23F3
6C25A0
6C274D
6C28FA
6C2AA7
6C2C54
6C2E01
6C2FAE
6C315B
6C3307
6C34B4
6C3661
6C380D
6C39BA
6C3B66
6C3D13
6C3EBF
6C406B
6C4217
6C43C4
6C4570
6C471C
6C48C8
6C4A74
6C4C20
6C4DCC
6C4F78
6C5123
6C52CF
6C547B
6C5626
6C57D2
6C597D
6C5B29
6C5CD4
6C5E80
6C602B
6C61D6
6C6381
6C652C
6C66D8
6C6883
6C6A2E
6C6BD8
6C6D83
6C6F2E
6C70D9
6C7284
6C742E
6C75D9
6C7783
6C792E
6C7AD8
6C7C83
6C7E2D
6C7FD7
6C8182
6C832C
6C84D6
6C8680
6C882A
6C89D4
6C8B7E
6C8D28
6C8ED2
6C907B
6C9225
6C93CF
6C9578
6C9722
6C98CB
6C9A75
6C9C1E
6C9DC7
6C9F71
6CA11A
6CA2C3
6CA46C
6CA615
6CA7BE
6CA967
6CAB10
6CACB9
6CAE62
6CB00A
6CB1B3
6CB35C
6CB504
6CB6AD
6CB855
6CB9FE
6CBBA6
6CBD4E
6CBEF7
6CC09F
6CC247
6CC3EF
6CC597
6CC73F
6CC8E7
6CCA8F
6CCC37
6CCDDE
6CCF86
6CD12E
6CD2D5
6CD47D
6CD625
6CD7CC
6CD973
6CDB1B
6CDCC2
6CDE69
6CE010
6CE1B7
6CE35F
6CE506
6CE6AD
6CE853
6CE9FA
6CEBA1
6CED48
6CEEEE
6CF095
6CF23C
6CF3E2
6CF589
6CF72F
6CF8D5
6CFA7C
6CFC22
6CFDC8
6CFF6E
6D0114
6D02BA
6D0460
6D0606
6D07AC
6D0952
6D0AF8
6D0C9E
6D0E43
6D0FE9
6D118E
6D1334
6D14D9
6D167F
6D1824
6D19C9
6D1B6E
6D1D14
6D1EB9
6D205E
6D2203
6D23A8
6D254D
6D26F2
6D2896
6D2A3B
6D2BE0
6D2D84
6D2F29
6D30CD
6D3272
6D3416
6D35BB
6D375F
6D3903
6D3AA7
6D3C4B
6D3DF0
6D3F94
6D4138
6D42DB
6D447F
6D4623
6D47C7
6D496B
6D4B0E
6D4CB2
6D4E55
6D4FF9
6D519C
6D5340
6D54E3
6D5686
6D5829
6D59CC
6D5B70
6D5D13
6D5EB6
6D6058
6D61FB
6D639E
6D6541
6D66E4
6D6886
6D6A29
6D6BCB
6D6D6E
6D6F10
6D70B3
6D7255
6D73F7
6D759A
6D773C
6D78DE
6D7A80
6D7C22
6D7DC4
6D7F66
6D8107
6D82A9
6D844B
6D85ED
6D878E
6D8930
6D8AD1
6D8C73
6D8E14
6D8FB5
6D9157
6D92F8
6D9499
6D963A
6D97DB
6D997C
6D9B1D
6D9CBE
6D9E5F
6DA000
6DA1A0
6DA341
6DA4E2
6DA682
6DA823
6DA9C3
6DAB63
6DAD04
6DAEA4
6DB044
6DB1E4
6DB385
6DB525
6DB6C5
6DB865
6DBA04
6DBBA4
6DBD44
6DBEE4
6DC083
6DC223
6DC3C3
6DC562
6DC702
6DC8A1
6DCA40
6DCBE0
6DCD7F
6DCF1E
6DD0BD
6DD25C
6DD3FB
6DD59A
6DD739
6DD8D8
6DDA77
6DDC15
6DDDB4
6DDF53
6DE0F1
6DE290
6DE42E
6DE5CC
6DE76B
6DE909
6DEAA7
6DEC45
6DEDE4
6DEF82
6DF120
6DF2BE
6DF45B
6DF5F9
6DF797
6DF935
6DFAD2
6DFC70
6DFE0E
6DFFAB
6E0148
6E02E6
6E0483
6E0620
6E07BE
6E095B
6E0AF8
6E0C95
6E0E32
6E0FCF
6E116C
6E1309
6E14A5
6E1642
6E17DF
6E197B
6E1B18
6E1CB4
6E1E51
6E1FED
6E2189
6E2326
6E24C2
6E265E
6E27FA
6E2996
6E2B32
6E2CCE
6E2E6A
6E3006
6E31A1
6E333D
6E34D9
6E3674
6E3810
6E39AB
6E3B47
6E3CE2
6E3E7D
6E4019
6E41B4
6E434F
6E44EA
6E4685
6E4820
6E49BB
6E4B56
6E4CF1
6E4E8B
6E5026
6E51C1
6E535B
6E54F6
6E5690
6E582A
6E59C5
6E5B5F
6E5CF9
6E5E93
6E602E
6E61C8
6E6362
6E64FC
6E6695
6E682F
6E69C9
6E6B63
6E6CFC
6E6E96
6E7030
6E71C9
6E7362
6E74FC
6E7695
6E782E
6E79C8
6E7B61
6E7CFA
6E7E93
6E802C
6E81C5
6E835E
6E84F6
6E868F
6E8828
6E89C1
6E8B59
6E8CF2
6E8E8A
6E9022
6E91BB
6E9353
6E94EB
6E9684
6E981C
6E99B4
6E9B4C
6E9CE4
6E9E7C
6EA013
6EA1AB
6EA343
6EA4DB
6EA672
6EA80A
6EA9A1
6EAB39
6EACD0
6EAE67
6EAFFF
6EB196
6EB32D
6EB4C4
6EB65B
6EB7F2
6EB989
6EBB20
6EBCB7
6EBE4D
6EBFE4
6EC17B
6EC311
6EC4A8
6EC63E
6EC7D5
6EC96B
6ECB01
6ECC98
6ECE2E
6ECFC4
6ED15A
6ED2F0
6ED486
6ED61C
6ED7B2
6ED947
6EDADD
6EDC73
6EDE08
6EDF9E
6EE133
6EE2C9
6EE45E
6EE5F3
6EE789
6EE91E
6EEAB3
6EEC48
6EEDDD
6EEF72
6EF107
6EF29C
6EF431
6EF5C5
6EF75A
6EF8EF
6EFA83
6EFC18
6EFDAC
6EFF41
6F00D5
6F0269
6F03FD
6F0592
6F0726
6F08BA
6F0A4E
6F0BE2
6F0D75
6F0F09
6F109D
6F1231
6F13C4
6F1558
6F16EB
6F187F
6F1A12
6F1BA6
6F1D39
6F1ECC
6F205F
6F21F2
6F2386
6F2519
6F26AB
6F283E
6F29D1
6F2B64
6F2CF7
6F2E89
6F301C
6F31AE
6F3341
6F34D3
6F3666
6F37F8
6F398A
6F3B1C
6F3CAF
6F3E41
6F3FD3
6F4165
6F42F6
6F4488
6F461A
6F47AC
6F493D
6F4ACF
6F4C61
6F4DF2
6F4F83
6F5115
6F52A6
6F5437
6F55C9
6F575A
6F58EB
6F5A7C
6F5C0D
6F5D9E
6F5F2F
6F60BF
6F6250
6F63E1
6F6571
6F6702
6F6892
6F6A23
6F6BB3
6F6D44
6F6ED4
6F7064
6F71F4
6F7384
6F7514
6F76A4
6F7834
6F79C4
6F7B54
6F7CE3
6F7E73
6F8003
6F8192
6F8322
6F84B1
6F8641
6F87D0
6F895F
6F8AEE
6F8C7E
6F8E0D
6F8F9C
6F912B
6F92BA
6F9448
6F95D7
6F9766
6F98F5
6F9A83
6F9C12
6F9DA0
6F9F2F
6FA0BD
6FA24B
6FA3DA
6FA568
6FA6F6
6FA884
6FAA12
6FABA0
6FAD2E
6FAEBC
6FB04A
6FB1D7
6FB365
6FB4F3
6FB680
6FB80E
6FB99B
6FBB28
6FBCB6
6FBE43
6FBFD0
6FC15D
6FC2EA
6FC477
6FC604
6FC791
6FC91E
6FCAAB
6FCC38
6FCDC4
6FCF51
6FD0DD
6FD26A
6FD3F6
6FD583
6FD70F
6FD89B
6FDA28
6FDBB4
6FDD40
6FDECC
6FE058
6FE1E4
6FE36F
6FE4FB
6FE687
6FE813
6FE99E
6FEB2A
6FECB5
6FEE41
6FEFCC
6FF157
6FF2E3
6FF46E
6FF5F9
6FF784
6FF90F
6FFA9A
6FFC25
6FFDB0
6FFF3A
7000C5
700250
7003DA
700565
7006EF
70087A
700A04
700B8E
700D19
700EA3
70102D
7011B7
701341
7014CB
701655
7017DE
701968
701AF2
701C7C
701E05
701F8F
702118
7022A1
70242B
7025B4
70273D
7028C6
702A4F
702BD9
702D62
702EEA
703073
7031FC
703385
70350D
703696
70381F
7039A7
703B30
703CB8
703E40
703FC9
704151
7042D9
704461
7045E9
704771
7048F9
704A81
704C08
704D90
704F18
70509F
705227
7053AE
705536
7056BD
705844
7059CC
705B53
705CDA
705E61
705FE8
70616F
7062F6
70647D
706603
70678A
706911
706A97
706C1E
706DA4
706F2B
7070B1
707237
7073BD
707543
7076CA
707850
7079D6
707B5B
707CE1
707E67
707FED
708172
7082F8
70847E
708603
708789
70890E
708A93
708C18
708D9E
708F23
7090A8
70922D
7093B2
709537
7096BB
709840
7099C5
709B49
709CCE
709E53
709FD7
70A15B
70A2E0
70A464
70A5E8
70A76C
70A8F0
70AA74
70ABF8
70AD7C
70AF00
70B084
70B208
70B38B
70B50F
70B692
70B816
70B999
70BB1D
70BCA0
70BE23
70BFA6
70C12A
70C2AD
70C430
70C5B3
70C735
70C8B8
70CA3B
70CBBE
70CD40
70CEC3
70D045
70D1C8
70D34A
70D4CC
70D64F
70D7D1
70D953
70DAD5
70DC57
70DDD9
70DF5B
70E0DD
70E25F
70E3E0
70E562
70E6E4
70E865
70E9E7
70EB68
70ECE9
70EE6B
70EFEC
70F16D
70F2EE
70F46F
70F5F0
70F771
70F8F2
70FA73
70FBF3
70FD74
70FEF5
710075
7101F6
710376
7104F6
710677
7107F7
710977
710AF7
710C77
710DF7
710F77
7110F7
711277
7113F7
711576
7116F6
711875
7119F5
711B74
711CF4
711E73
711FF2
712172
7122F1
712470
7125EF
71276E
7128ED
712A6B
712BEA
712D69
712EE8
713066
7131E5
713363
7134E1
713660
7137DE
71395C
713ADA
713C58
713DD6
713F54
7140D2
714250
7143CE
71454C
7146C9
714847
7149C4
714B42
714CBF
714E3D
714FBA
715137
7152B4
715431
7155AE
71572B
7158A8
715A25
715BA2
715D1F
715E9B
716018
716194
716311
71648D
71660A
716786
716902
716A7E
716BFA
716D76
716EF2
71706E
7171EA
717366
7174E2
71765D
7177D9
717954
717AD0
717C4B
717DC7
717F42
7180BD
718238
7183B3
71852E
7186A9
718824
71899F
718B1A
718C95
718E0F
718F8A
719105
71927F
7193F9
719574
7196EE
719868
7199E3
719B5D
719CD7
719E51
719FCB
71A144
71A2BE
71A438
71A5B2
71A72B
71A8A5
71AA1E
71AB98
71AD11
71AE8A
71B004
71B17D
71B2F6
71B46F
71B5E8
71B761
71B8DA
71BA52
71BBCB
71BD44
71BEBC
71C035
71C1AD
71C326
71C49E
71C616
71C78F
71C907
71CA7F
71CBF7
71CD6F
71CEE7
71D05F
71D1D6
71D34E
71D4C6
71D63D
71D7B5
71D92C
71DAA4
71DC1B
71DD92
71DF0A
71E081
71E1F8
71E36F
71E4E6
71E65D
71E7D4
71E94A
71EAC1
71EC38
71EDAE
71EF25
71F09B
71F212
71F388
71F4FE
71F675
71F7EB
71F961
71FAD7
71FC4D
71FDC3
71FF39
7200AE
720224
72039A
72050F
720685
7207FA
720970
720AE5
720C5A
720DCF
720F45
7210BA
72122F
7213A4
721518
72168D
721802
721977
721AEB
721C60
721DD4
721F49
7220BD
722232
7223A6
72251A
72268E
722802
722976
722AEA
722C5E
722DD2
722F46
7230B9
72322D
7233A0
723514
723687
7237FB
72396E
723AE1
723C54
723DC7
723F3B
7240AD
724220
724393
724506
724679
7247EB
72495E
724AD1
724C43
724DB5
724F28
72509A
72520C
72537E
7254F0
725663
7257D4
725946
725AB8
725C2A
725D9C
725F0D
72607F
7261F0
726362
7264D3
726645
7267B6
726927
726A98
726C09
726D7A
726EEB
72705C
7271CD
72733E
7274AE
72761F
72778F
727900
727A70
727BE1
727D51
727EC1
728031
7281A2
728312
728482
7285F1
728761
7288D1
728A41
728BB0
728D20
728E90
728FFF
72916E
7292DE
72944D
7295BC
72972B
72989A
729A09
729B78
729CE7
729E56
729FC5
72A134
72A2A2
72A411
72A57F
72A6EE
72A85C
72A9CA
72AB39
72ACA7
72AE15
72AF83
72B0F1
72B25F
72B3CD
72B53A
72B6A8
72B816
72B983
72BAF1
72BC5E
72BDCC
72BF39
72C0A6
72C214
72C381
72C4EE
72C65B
72C7C8
72C935
72CAA2
72CC0E
72CD7B
72CEE8
72D054
72D1C1
72D32D
72D49A
72D606
72D772
72D8DE
72DA4A
72DBB6
72DD22
72DE8E
72DFFA
72E166
72E2D2
72E43D
72E5A9
72E714
72E880
72E9EB
72EB57
72ECC2
72EE2D
72EF98
72F103
72F26E
72F3D9
72F544
72F6AF
72F81A
72F984
72FAEF
72FC5A
72FDC4
72FF2F
730099
730203
73036D
7304D8
730642
7307AC
730916
730A80
730BE9
730D53
730EBD
731027
731190
7312FA
731463
7315CC
731736
73189F
731A08
731B71
731CDA
731E43
731FAC
732115
73227E
7323E7
73254F
7326B8
732821
732989
732AF1
732C5A
732DC2
732F2A
733092
7331FA
733362
7334CA
733632
73379A
733902
733A6A
733BD1
733D39
733EA0
734008
73416F
7342D6
73443E
7345A5
73470C
734873
7349DA
734B41
734CA8
734E0E
734F75
7350DC
735242
7353A9
73550F
735676
7357DC
735942
735AA8
735C0E
735D74
735EDA
736040
7361A6
73630C
736472
7365D7
73673D
7368A2
736A08
736B6D
736CD3
736E38
736F9D
737102
737267
7373CC
737531
737696
7377FB
737960
737AC4
737C29
737D8D
737EF2
738056
7381BB
73831F
738483
7385E7
73874B
7388AF
738A13
738B77
738CDB
738E3F
738FA2
739106
739269
7393CD
739530
739694
7397F7
73995A
739ABD
739C20
739D83
739EE6
73A049
73A1AC
73A30F
73A472
73A5D4
73A737
73A899
73A9FC
73AB5E
73ACC0
73AE23
73AF85
73B0E7
73B249
73B3AB
73B50D
73B66E
73B7D0
73B932
73BA94
73BBF5
73BD57
73BEB8
73C019
73C17B
73C2DC
73C43D
73C59E
73C6FF
73C860
73C9C1
73CB22
73CC83
73CDE3
73CF44
73D0A5
73D205
73D365
73D4C6
73D626
73D786
73D8E7
73DA47
73DBA7
73DD07
73DE66
73DFC6
73E126
73E286
73E3E5
73E545
73E6A4
73E804
73E963
73EAC3
73EC22
73ED81
73EEE0
73F03F
73F19E
73F2FD
73F45C
73F5BB
73F719
73F878
73F9D6
73FB35
73FC93
73FDF2
73FF50
7400AE
74020C
74036B
7404C9
740627
740784
7408E2
740A40
740B9E
740CFB
740E59
740FB6
741114
741271
7413CE
74152C
741689
7417E6
741943
741AA0
741BFD
741D5A
741EB6
742013
742170
7422CC
742429
742585
7426E2
74283E
74299A
742AF6
742C52
742DAE
742F0A
743066
7431C2
74331E
743479
7435D5
743731
74388C
7439E8
743B43
743C9E
743DF9
743F54
7440B0
74420B
744366
7444C0
74461B
744776
7448D1
744A2B
744B86
744CE0
744E3B
744F95
7450EF
745249
7453A4
7454FE
745658
7457B2
74590B
745A65
745BBF
745D19
745E72
745FCC
746125
74627F
7463D8
746531
74668A
7467E4
74693D
746A96
746BEF
746D47
746EA0
746FF9
747152
7472AA
747403
74755B
7476B3
74780C
747964
747ABC
747C14
747D6C
747EC4
74801C
748174
7482CC
748424
74857B
7486D3
74882A
748982
748AD9
748C30
748D88
748EDF
749036
74918D
7492E4
74943B
749592
7496E8
74983F
749996
749AEC
749C43
749D99
749EEF
74A046
74A19C
74A2F2
74A448
74A59E
74A6F4
74A84A
74A9A0
74AAF5
74AC4B
74ADA1
74AEF6
74B04C
74B1A1
74B2F6
74B44C
74B5A1
74B6F6
74B84B
74B9A0
74BAF5
74BC4A
74BD9F
74BEF3
74C048
74C19C
74C2F1
74C445
74C59A
74C6EE
74C842
74C996
74CAEB
74CC3F
74CD93
74CEE6
74D03A
74D18E
74D2E2
74D435
74D589
74D6DC
74D830
74D983
74DAD6
74DC2A
74DD7D
74DED0
74E023
74E176
74E2C9
74E41B
74E56E
74E6C1
74E813
74E966
74EAB8
74EC0B
74ED5D
74EEAF
74F002
74F154
74F2A6
74F3F8
74F54A
74F69B
74F7ED
74F93F
74FA91
74FBE2
74FD34
74FE85
74FFD6
750128
750279
7503CA
75051B
75066C
7507BD
75090E
750A5F
750BB0
750D00
750E51
750FA1
7510F2
751242
751393
7514E3
751633
751783
7518D3
751A23
751B73
751CC3
751E13
751F62
7520B2
752202
752351
7524A1
7525F0
75273F
75288E
7529DE
752B2D
752C7C
752DCB
752F1A
753068
7531B7
753306
753454
7535A3
7536F1
753840
75398E
753ADC
753C2B
753D79
753EC7
754015
754163
7542B0
7543FE
75454C
75469A
7547E7
754935
754A82
754BCF
754D1D
754E6A
754FB7
755104
755251
75539E
7554EB
755638
755785
7558D1
755A1E
755B6A
755CB7
755E03
755F50
75609C
7561E8
756334
756480
7565CC
756718
756864
7569B0
756AFB
756C47
756D93
756EDE
757029
757175
7572C0
75740B
757556
7576A2
7577ED
757937
757A82
757BCD
757D18
757E63
757FAD
7580F8
758242
75838C
7584D7
758621
75876B
7588B5
7589FF
758B49
758C93
758DDD
758F27
759070
7591BA
759304
75944D
759596
7596E0
759829
759972
759ABB
759C04
759D4D
759E96
759FDF
75A128
75A271
75A3B9
75A502
75A64A
75A793
75A8DB
75AA23
75AB6C
75ACB4
75ADFC
75AF44
75B08C
75B1D4
75B31B
75B463
75B5AB
75B6F2
75B83A
75B981
75BAC9
75BC10
75BD57
75BE9E
75BFE6
75C12D
75C274
75C3BA
75C501
75C648
75C78F
75C8D5
75CA1C
75CB62
75CCA9
75CDEF
75CF35
75D07B
75D1C2
75D308
75D44E
75D593
75D6D9
75D81F
75D965
75DAAA
75DBF0
75DD35
75DE7B
75DFC0
75E105
75E24B
75E390
75E4D5
75E61A
75E75F
75E8A4
75E9E8
75EB2D
75EC72
75EDB6
75EEFB
75F03F
75F184
75F2C8
75F40C
75F550
75F694
75F7D8
75F91C
75FA60
75FBA4
75FCE8
75FE2B
75FF6F
7600B2
7601F6
760339
76047C
7605C0
760703
760846
760989
760ACC
760C0F
760D52
760E94
760FD7
76111A
76125C
76139F
7614E1
761623
761766
7618A8
7619EA
761B2C
761C6E
761DB0
761EF1
762033
762175
7622B7
7623F8
76253A
76267B
7627BC
7628FD
762A3F
762B80
762CC1
762E02
762F43
763084
7631C4
763305
763446
763586
7636C7
763807
763947
763A88
763BC8
763D08
763E48
763F88
7640C8
764208
764347
764487
7645C7
764706
764846
764985
764AC5
764C04
764D43
764E82
764FC1
765100
76523F
76537E
7654BD
7655FB
76573A
765879
7659B7
765AF5
765C34
765D72
765EB0
765FEE
76612C
76626A
7663A8
7664E6
766624
766762
76689F
7669DD
766B1A
766C58
766D95
766ED2
767010
76714D
76728A
7673C7
767504
767641
76777D
7678BA
7679F7
767B33
767C70
767DAC
767EE8
768025
768161
76829D
7683D9
768515
768651
76878D
7688C9
768A04
768B40
768C7C
768DB7
768EF2
76902E
769169
7692A4
7693DF
76951A
769655
769790
7698CB
769A06
769B41
769C7B
769DB6
769EF0
76A02B
76A165
76A29F
76A3DA
76A514
76A64E
76A788
76A8C2
76A9FB
76AB35
76AC6F
76ADA9
76AEE2
76B01C
76B155
76B28E
76B3C8
76B501
76B63A
76B773
76B8AC
76B9E5
76BB1E
76BC57
76BD8F
76BEC8
76C000
76C139
76C271
76C3AA
76C4E2
76C61A
76C752
76C88A
76C9C2
76CAFA
76CC32
76CD6A
76CEA1
76CFD9
76D111
76D248
76D37F
76D4B7
76D5EE
76D725
76D85C
76D993
76DACA
76DC01
76DD38
76DE6F
76DFA5
76E0DC
76E213
76E349
76E47F
76E5B6
76E6EC
76E822
76E958
76EA8E
76EBC4
76ECFA
76EE30
76EF66
76F09B
76F1D1
76F306
76F43C
76F571
76F6A7
76F7DC
76F911
76FA46
76FB7B
76FCB0
76FDE5
76FF1A
77004E
770183
7702B8
7703EC
770521
770655
770789
7708BD
7709F2
770B26
770C5A
770D8E
770EC1
770FF5
771129
77125D
771390
7714C4
7715F7
77172A
77185E
771991
771AC4
771BF7
771D2A
771E5D
771F90
7720C3
7721F5
772328
77245B
77258D
7726BF
7727F2
772924
772A56
772B88
772CBA
772DEC
772F1E
773050
773182
7732B3
7733E5
773517
773648
773779
7738AB
7739DC
773B0D
773C3E
773D6F
773EA0
773FD1
774102
774233
774363
774494
7745C4
7746F5
774825
774956
774A86
774BB6
774CE6
774E16
774F46
775076
7751A6
7752D5
775405
775535
775664
775793
7758C3
7759F2
775B21
775C50
775D80
775EAE
775FDD
77610C
77623B
77636A
776498
7765C7
7766F5
776824
776952
776A80
776BAF
776CDD
776E0B
776F39
777067
777194
7772C2
7773F0
77751D
77764B
777778
7778A6
7779D3
777B00
777C2D
777D5A
777E87
777FB4
7780E1
77820E
77833B
778467
778594
7786C0
7787ED
778919
778A46
778B72
778C9E
778DCA
778EF6
779022
77914E
779279
7793A5
7794D1
7795FC
779728
779853
77997E
779AAA
779BD5
779D00
779E2B
779F56
77A081
77A1AC
77A2D6
77A401
77A52C
77A656
77A781
77A8AB
77A9D5
77AAFF
77AC2A
77AD54
77AE7E
77AFA8
77B0D1
77B1FB
77B325
77B44F
77B578
77B6A2
77B7CB
77B8F4
77BA1E
77BB47
77BC70
77BD99
77BEC2
77BFEB
77C114
77C23C
77C365
77C48E
77C5B6
77C6DF
77C807
77C92F
77CA58
77CB80
77CCA8
77CDD0
77CEF8
77D020
77D147
77D26F
77D397
77D4BE
77D5E6
77D70D
77D835
77D95C
77DA83
77DBAA
77DCD1
77DDF8
77DF1F
77E046
77E16D
77E293
77E3BA
77E4E0
77E607
77E72D
77E854
77E97A
77EAA0
77EBC6
77ECEC
77EE12
77EF38
77F05E
77F183
77F2A9
77F3CF
77F4F4
77F61A
77F73F
77F864
77F989
77FAAE
77FBD4
77FCF9
77FE1D
77FF42
780067
78018C
7802B0
7803D5
7804F9
78061E
780742
780866
78098A
780AAE
780BD2
780CF6
780E1A
780F3E
781062
781185
7812A9
7813CC
7814F0
781613
781736
78185A
78197D
781AA0
781BC3
781CE6
781E08
781F2B
78204E
782170
782293
7823B5
7824D8
7825FA
78271C
78283E
782961
782A83
782BA4
782CC6
782DE8
782F0A
78302B
78314D
78326E
783390
7834B1
7835D2
7836F4
783815
783936
783A57
783B78
783C98
783DB9
783EDA
783FFA
78411B
78423B
78435C
78447C
78459C
7846BC
7847DC
7848FC
784A1C
784B3C
784C5C
784D7C
784E9B
784FBB
7850DA
7851FA
785319
785438
785557
785676
785795
7858B4
7859D3
785AF2
785C11
785D2F
785E4E
785F6C
78608B
7861A9
7862C7
7863E6
786504
786622
786740
78685E
78697B
786A99
786BB7
786CD4
786DF2
786F0F
78702D
78714A
787267
787384
7874A1
7875BE
7876DB
7877F8
787915
787A32
787B4E
787C6B
787D87
787EA4
787FC0
7880DC
7881F8
788314
788431
78854C
788668
788784
7888A0
7889BB
788AD7
788BF3
788D0E
788E29
788F45
789060
78917B
789296
7893B1
7894CC
7895E7
789701
78981C
789936
789A51
789B6B
789C86
789DA0
789EBA
789FD4
78A0EE
78A208
78A322
78A43C
78A556
78A670
78A789
78A8A3
78A9BC
78AAD6
78ABEF
78AD08
78AE21
78AF3A
78B053
78B16C
78B285
78B39E
78B4B7
78B5CF
78B6E8
78B800
78B919
78BA31
78BB49
78BC61
78BD79
78BE91
78BFA9
78C0C1
78C1D9
78C2F1
78C408
78C520
78C638
78C74F
78C866
78C97E
78CA95
78CBAC
78CCC3
78CDDA
78CEF1
78D008
78D11E
78D235
78D34B
78D462
78D578
78D68F
78D7A5
78D8BB
78D9D1
78DAE7
78DBFD
78DD13
78DE29
78DF3F
78E055
78E16A
78E280
78E395
78E4AA
78E5C0
78E6D5
78E7EA
78E8FF
78EA14
78EB29
78EC3E
78ED53
78EE67
78EF7C
78F091
78F1A5
78F2B9
78F3CE
78F4E2
78F5F6
78F70A
78F81E
78F932
78FA46
78FB5A
78FC6D
78FD81
78FE95
78FFA8
7900BB
7901CF
7902E2
7903F5
790508
79061B
79072E
790841
790954
790A67
790B79
790C8C
790D9E
790EB1
790FC3
7910D5
7911E7
7912F9
79140B
79151D
79162F
791741
791853
791964
791A76
791B88
791C99
791DAA
791EBC
791FCD
7920DE
7921EF
792300
792411
792521
792632
792743
792853
792964
792A74
792B85
792C95
792DA5
792EB5
792FC5
7930D5
7931E5
7932F5
793405
793514
793624
793733
793843
793952
793A62
793B71
793C80
793D8F
793E9E
793FAD
7940BC
7941CA
7942D9
7943E8
7944F6
794604
794713
794821
79492F
794A3D
794B4B
794C59
794D67
794E75
794F83
795091
79519E
7952AC
7953B9
7954C6
7955D4
7956E1
7957EE
7958FB
795A08
795B15
795C22
795D2F
795E3B
795F48
796054
796161
79626D
796379
796486
796592
79669E
7967AA
7968B6
7969C2
796ACD
796BD9
796CE5
796DF0
796EFC
797007
797112
79721D
797329
797434
79753F
797649
797754
79785F
79796A
797A74
797B7F
797C89
797D94
797E9E
797FA8
7980B2
7981BC
7982C6
7983D0
7984DA
7985E4
7986ED
7987F7
798901
798A0A
798B13
798C1D
798D26
798E2F
798F38
799041
79914A
799253
79935B
799464
79956D
799675
79977E
799886
79998E
799A97
799B9F
799CA7
799DAF
799EB7
799FBE
79A0C6
79A1CE
79A2D5
79A3DD
79A4E4
79A5EC
79A6F3
79A7FA
79A901
79AA08
79AB0F
79AC16
79AD1D
79AE24
79AF2A
79B031
79B137
79B23E
79B344
79B44B
79B551
79B657
79B75D
79B863
79B969
79BA6F
79BB74
79BC7A
79BD80
79BE85
79BF8A
79C090
79C195
79C29A
79C39F
79C4A4
79C5A9
79C6AE
79C7B3
79C8B8
79C9BC
79CAC1
79CBC5
79CCCA
79CDCE
79CED2
79CFD7
79D0DB
79D1DF
79D2E3
79D3E7
79D4EA
79D5EE
79D6F2
79D7F5
79D8F9
79D9FC
79DAFF
79DC03
79DD06
79DE09
79DF0C
79E00F
79E112
79E215
79E317
79E41A
79E51C
79E61F
79E721
79E824
79E926
79EA28
79EB2A
79EC2C
79ED2E
79EE30
79EF32
79F033
79F135
79F237
79F338
79F439
79F53B
79F63C
79F73D
79F83E
79F93F
79FA40
79FB41
79FC42
79FD42
79FE43
79FF43
7A0044
7A0144
7A0245
7A0345
7A0445
7A0545
7A0645
7A0745
7A0845
7A0944
7A0A44
7A0B44
7A0C43
7A0D43
7A0E42
7A0F41
7A1040
7A1140
7A123F
7A133E
7A143D
7A153B
7A163A
7A1739
7A1837
7A1936
7A1A34
7A1B33
7A1C31
7A1D2F
7A1E2D
7A1F2B
7A2029
7A2127
7A2225
7A2322
7A2420
7A251E
7A261B
7A2719
7A2816
7A2913
7A2A10
7A2B0D
7A2C0A
7A2D07
7A2E04
7A2F01
7A2FFE
7A30FA
7A31F7
7A32F3
7A33F0
7A34EC
7A35E8
7A36E4
7A37E0
7A38DC
7A39D8
7A3AD4
7A3BD0
7A3CCC
7A3DC7
7A3EC3
7A3FBE
7A40BA
7A41B5
7A42B0
7A43AB
7A44A6
7A45A1
7A469C
7A4797
7A4892
7A498C
7A4A87
7A4B81
7A4C7C
7A4D76
7A4E70
7A4F6B
7A5065
7A515F
7A5259
7A5353
7A544C
7A5546
7A5640
7A5739
7A5833
7A592C
7A5A26
7A5B1F
7A5C18
7A5D11
7A5E0A
7A5F03
7A5FFC
7A60F5
7A61ED
7A62E6
7A63DE
7A64D7
7A65CF
7A66C8
7A67C0
7A68B8
7A69B0
7A6AA8
7A6BA0
7A6C98
7A6D90
7A6E87
7A6F7F
7A7076
7A716E
7A7265
7A735C
7A7454
7A754B
7A7642
7A7739
7A7830
7A7926
7A7A1D
7A7B14
7A7C0A
7A7D01
7A7DF7
7A7EEE
7A7FE4
7A80DA
7A81D0
7A82C6
7A83BC
7A84B2
7A85A8
7A869D
7A8793
7A8889
7A897E
7A8A73
7A8B69
7A8C5E
7A8D53
7A8E48
7A8F3D
7A9032
7A9127
7A921C
7A9310
7A9405
7A94FA
7A95EE
7A96E2
7A97D7
7A98CB
7A99BF
7A9AB3
7A9BA7
7A9C9B
7A9D8F
7A9E82
7A9F76
7AA06A
7AA15D
7AA250
7AA344
7AA437
7AA52A
7AA61D
7AA710
7AA803
7AA8F6
7AA9E9
7AAADC
7AABCE
7AACC1
7AADB3
7AAEA6
7AAF98
7AB08A
7AB17C
7AB26E
7AB360
7AB452
7AB544
7AB636
7AB727
7AB819
7AB90B
7AB9FC
7ABAED
7ABBDF
7ABCD0
7ABDC1
7ABEB2
7ABFA3
7AC094
7AC185
7AC275
7AC366
7AC457
7AC547
7AC637
7AC728
7AC818
7AC908
7AC9F8
7ACAE8
7ACBD8
7ACCC8
7ACDB8
7ACEA7
7ACF97
7AD087
7AD176
7AD265
7AD355
7AD444
7AD533
7AD622
7AD711
7AD800
7AD8EF
7AD9DD
7ADACC
7ADBBB
7ADCA9
7ADD98
7ADE86
7ADF74
7AE062
7AE150
7AE23E
7AE32C
7AE41A
7AE508
7AE5F6
7AE6E3
7AE7D1
7AE8BE
7AE9AC
7AEA99
7AEB86
7AEC73
7AED60
7AEE4D
7AEF3A
7AF027
7AF114
7AF200
7AF2ED
7AF3DA
7AF4C6
7AF5B2
7AF69F
7AF78B
7AF877
7AF963
7AFA4F
7AFB3B
7AFC26
7AFD12
7AFDFE
7AFEE9
7AFFD5
7B00C0
7B01AB
7B0297
7B0382
7B046D
7B0558
7B0643
7B072E
7B0818
7B0903
7B09EE
7B0AD8
7B0BC3
7B0CAD
7B0D97
7B0E81
7B0F6B
7B1056
7B113F
7B1229
7B1313
7B13FD
7B14E6
7B15D0
7B16B9
7B17A3
7B188C
7B1975
7B1A5F
7B1B48
7B1C31
7B1D19
7B1E02
7B1EEB
7B1FD4
7B20BC
7B21A5
7B228D
7B2376
7B245E
7B2546
7B262E
7B2716
7B27FE
7B28E6
7B29CE
7B2AB5
7B2B9D
7B2C85
7B2D6C
7B2E53
7B2F3B
7B3022
7B3109
7B31F0
7B32D7
7B33BE
7B34A5
7B358C
7B3672
7B3759
7B383F
7B3926
7B3A0C
7B3AF2
7B3BD9
7B3CBF
7B3DA5
7B3E8B
7B3F71
7B4056
7B413C
7B4222
7B4307
7B43ED
7B44D2
7B45B7
7B469D
7B4782
7B4867
7B494C
7B4A31
7B4B15
7B4BFA
7B4CDF
7B4DC3
7B4EA8
7B4F8C
7B5071
7B5155
7B5239
7B531D
7B5401
7B54E5
7B55C9
7B56AD
7B5790
7B5874
7B5958
7B5A3B
7B5B1E
7B5C02
7B5CE5
7B5DC8
7B5EAB
7B5F8E
7B6071
7B6154
7B6236
7B6319
7B63FC
7B64DE
7B65C0
7B66A3
7B6785
7B6867
7B6949
7B6A2B
7B6B0D
7B6BEF
7B6CD1
7B6DB2
7B6E94
7B6F76
7B7057
7B7138
7B721A
7B72FB
7B73DC
7B74BD
7B759E
7B767F
7B7760
7B7840
7B7921
7B7A01
7B7AE2
7B7BC2
7B7CA3
7B7D83
7B7E63
7B7F43
7B8023
7B8103
7B81E3
7B82C3
7B83A2
7B8482
7B8561
7B8641
7B8720
7B87FF
7B88DE
7B89BE
7B8A9D
7B8B7B
7B8C5A
7B8D39
7B8E18
7B8EF6
7B8FD5
7B90B3
7B9192
7B9270
7B934E
7B942C
7B950A
7B95E8
7B96C6
7B97A4
7B9882
7B995F
7B9A3D
7B9B1A
7B9BF8
7B9CD5
7B9DB2
7B9E90
7B9F6D
7BA04A
7BA126
7BA203
7BA2E0
7BA3BD
7BA499
7BA576
7BA652
7BA72F
7BA80B
7BA8E7
7BA9C3
7BAA9F
7BAB7B
7BAC57
7BAD33
7BAE0E
7BAEEA
7BAFC6
7BB0A1
7BB17C
7BB258
7BB333
7BB40E
7BB4E9
7BB5C4
7BB69F
7BB77A
7BB854
7BB92F
7BBA0A
7BBAE4
7BBBBE
7BBC99
7BBD73
7BBE4D
7BBF27
7BC001
7BC0DB
7BC1B5
7BC28F
7BC368
7BC442
7BC51B
7BC5F5
7BC6CE
7BC7A7
7BC881
7BC95A
7BCA33
7BCB0C
7BCBE5
7BCCBD
7BCD96
7BCE6F
7BCF47
7BD020
7BD0F8
7BD1D0
7BD2A8
7BD380
7BD459
7BD530
7BD608
7BD6E0
7BD7B8
7BD88F
7BD967
7BDA3F
7BDB16
7BDBED
7BDCC4
7BDD9C
7BDE73
7BDF4A
7BE021
7BE0F7
7BE1CE
7BE2A5
7BE37B
7BE452
7BE528
7BE5FF
7BE6D5
7BE7AB
7BE881
7BE957
7BEA2D
7BEB03
7BEBD9
7BECAE
7BED84
7BEE59
7BEF2F
7BF004
7BF0D9
7BF1AF
7BF284
7BF359
7BF42E
7BF502
7BF5D7
7BF6AC
7BF781
7BF855
7BF92A
7BF9FE
7BFAD2
7BFBA6
7BFC7A
7BFD4F
7BFE22
7BFEF6
7BFFCA
7C009E
7C0172
7C0245
7C0319
7C03EC
7C04BF
7C0592
7C0666
7C0739
7C080C
7C08DF
7C09B1
7C0A84
7C0B57
7C0C29
7C0CFC
7C0DCE
7C0EA1
7C0F73
7C1045
7C1117
7C11E9
7C12BB
7C138D
7C145F
7C1530
7C1602
7C16D3
7C17A5
7C1876
7C1947
7C1A18
7C1AEA
7C1BBB
7C1C8C
7C1D5C
7C1E2D
7C1EFE
7C1FCE
7C209F
7C216F
7C2240
7C2310
7C23E0
7C24B0
7C2580
7C2650
7C2720
7C27F0
7C28C0
7C298F
7C2A5F
7C2B2E
7C2BFE
7C2CCD
7C2D9C
7C2E6B
7C2F3A
7C3009
7C30D8
7C31A7
7C3276
7C3344
7C3413
7C34E1
7C35B0
7C367E
7C374C
7C381A
7C38E9
7C39B7
7C3A84
7C3B52
7C3C20
7C3CEE
7C3DBB
7C3E89
7C3F56
7C4023
7C40F1
7C41BE
7C428B
7C4358
7C4425
7C44F2
7C45BE
7C468B
7C4758
7C4824
7C48F1
7C49BD
7C4A89
7C4B55
7C4C21
7C4CED
7C4DB9
7C4E85
7C4F51
7C501D
7C50E8
7C51B4
7C527F
7C534B
7C5416
7C54E1
7C55AC
7C5677
7C5742
7C580D
7C58D8
7C59A2
7C5A6D
7C5B37
7C5C02
7C5CCC
7C5D97
7C5E61
7C5F2B
7C5FF5
7C60BF
7C6189
7C6253
7C631C
7C63E6
7C64AF
7C6579
7C6642
7C670B
7C67D5
7C689E
7C6967
7C6A30
7C6AF9
7C6BC1
7C6C8A
7C6D53
7C6E1B
7C6EE4
7C6FAC
7C7075
7C713D
7C7205
7C72CD
7C7395
7C745D
7C7525
7C75EC
7C76B4
7C777C
7C7843
7C790A
7C79D2
7C7A99
7C7B60
7C7C27
7C7CEE
7C7DB5
7C7E7C
7C7F43
7C8009
7C80D0
7C8196
7C825D
7C8323
7C83E9
7C84AF
7C8575
7C863B
7C8701
7C87C7
7C888D
7C8953
7C8A18
7C8ADE
7C8BA3
7C8C68
7C8D2E
7C8DF3
7C8EB8
7C8F7D
7C9042
7C9107
7C91CB
7C9290
7C9355
7C9419
7C94DD
7C95A2
7C9666
7C972A
7C97EE
7C98B2
7C9976
7C9A3A
7C9AFE
7C9BC1
7C9C85
7C9D49
7C9E0C
7C9ECF
7C9F93
7CA056
7CA119
7CA1DC
7CA29F
7CA362
7CA424
7CA4E7
7CA5AA
7CA66C
7CA72E
7CA7F1
7CA8B3
7CA975
7CAA37
7CAAF9
7CABBB
7CAC7D
7CAD3F
7CAE01
7CAEC2
7CAF84
7CB045
7CB106
7CB1C8
7CB289
7CB34A
7CB40B
7CB4CC
7CB58D
7CB64E
7CB70E
7CB7CF
7CB88F
7CB950
7CBA10
7CBAD0
7CBB91
7CBC51
7CBD11
7CBDD1
7CBE91
7CBF50
7CC010
7CC0D0
7CC18F
7CC24F
7CC30E
7CC3CD
7CC48C
7CC54B
7CC60A
7CC6C9
7CC788
7CC847
7CC906
7CC9C4
7CCA83
7CCB41
7CCC00
7CCCBE
7CCD7C
7CCE3A
7CCEF8
7CCFB6
7CD074
7CD132
7CD1EF
7CD2AD
7CD36B
7CD428
7CD4E5
7CD5A3
7CD660
7CD71D
7CD7DA
7CD897
7CD954
7CDA11
7CDACD
7CDB8A
7CDC46
7CDD03
7CDDBF
7CDE7B
7CDF38
7CDFF4
7CE0B0
7CE16C
7CE228
7CE2E3
7CE39F
7CE45B
7CE516
7CE5D2
7CE68D
7CE748
7CE803
7CE8BE
7CE979
7CEA34
7CEAEF
7CEBAA
7CEC65
7CED1F
7CEDDA
7CEE94
7CEF4F
7CF009
7CF0C3
7CF17D
7CF237
7CF2F1
7CF3AB
7CF465
7CF51E
7CF5D8
7CF692
7CF74B
7CF804
7CF8BE
7CF977
7CFA30
7CFAE9
7CFBA2
7CFC5B
7CFD14
7CFDCC
7CFE85
7CFF3D
7CFFF6
7D00AE
7D0166
7D021F
7D02D7
7D038F
7D0447
7D04FE
7D05B6
7D066E
7D0725
7D07DD
7D0894
7D094C
7D0A03
7D0ABA
7D0B71
7D0C28
7D0CDF
7D0D96
7D0E4D
7D0F04
7D0FBA
7D1071
7D1127
7D11DD
7D1294
7D134A
7D1400
7D14B6
7D156C
7D1622
7D16D7
7D178D
7D1843
7D18F8
7D19AE
7D1A63
7D1B18
7D1BCD
7D1C82
7D1D37
7D1DEC
7D1EA1
7D1F56
7D200B
7D20BF
7D2174
7D2228
7D22DC
7D2391
7D2445
7D24F9
7D25AD
7D2661
7D2715
7D27C8
7D287C
7D2930
7D29E3
7D2A97
7D2B4A
7D2BFD
7D2CB0
7D2D63
7D2E16
7D2EC9
7D2F7C
7D302F
7D30E1
7D3194
7D3246
7D32F9
7D33AB
7D345D
7D3510
7D35C2
7D3674
7D3725
7D37D7
7D3889
7D393B
7D39EC
7D3A9E
7D3B4F
7D3C00
7D3CB2
7D3D63
7D3E14
7D3EC5
7D3F76
7D4026
7D40D7
7D4188
7D4238
7D42E9
7D4399
7D444A
7D44FA
7D45AA
7D465A
7D470A
7D47BA
7D486A
7D4919
7D49C9
7D4A78
7D4B28
7D4BD7
7D4C87
7D4D36
7D4DE5
7D4E94
7D4F43
7D4FF2
7D50A1
7D514F
7D51FE
7D52AC
7D535B
7D5409
7D54B7
7D5566
7D5614
7D56C2
7D5770
7D581E
7D58CB
7D5979
7D5A27
7D5AD4
7D5B82
7D5C2F
7D5CDC
7D5D89
7D5E37
7D5EE4
7D5F90
7D603D
7D60EA
7D6197
7D6243
7D62F0
7D639C
7D6449
7D64F5
7D65A1
7D664D
7D66F9
7D67A5
7D6851
7D68FD
7D69A8
7D6A54
7D6AFF
7D6BAB
7D6C56
7D6D01
7D6DAC
7D6E58
7D6F03
7D6FAD
7D7058
7D7103
7D71AE
7D7258
7D7303
7D73AD
7D7457
7D7502
7D75AC
7D7656
7D7700
7D77AA
7D7854
7D78FD
7D79A7
7D7A50
7D7AFA
7D7BA3
7D7C4D
7D7CF6
7D7D9F
7D7E48
7D7EF1
7D7F9A
7D8043
7D80EB
7D8194
7D823D
7D82E5
7D838D
7D8436
7D84DE
7D8586
7D862E
7D86D6
7D877E
7D8826
7D88CD
7D8975
7D8A1C
7D8AC4
7D8B6B
7D8C12
7D8CBA
7D8D61
7D8E08
7D8EAF
7D8F56
7D8FFC
7D90A3
7D914A
7D91F0
7D9297
7D933D
7D93E3
7D9489
7D952F
7D95D5
7D967B
7D9721
7D97C7
7D986D
7D9912
7D99B8
7D9A5D
7D9B02
7D9BA8
7D9C4D
7D9CF2
7D9D97
7D9E3C
7D9EE0
7D9F85
7DA02A
7DA0CE
7DA173
7DA217
7DA2BC
7DA360
7DA404
7DA4A8
7DA54C
7DA5F0
7DA694
7DA737
7DA7DB
7DA87E
7DA922
7DA9C5
7DAA69
7DAB0C
7DABAF
7DAC52
7DACF5
7DAD98
7DAE3B
7DAEDD
7DAF80
7DB022
7DB0C5
7DB167
7DB209
7DB2AC
7DB34E
7DB3F0
7DB492
7DB533
7DB5D5
7DB677
7DB719
7DB7BA
7DB85B
7DB8FD
7DB99E
7DBA3F
7DBAE0
7DBB81
7DBC22
7DBCC3
7DBD64
7DBE04
7DBEA5
7DBF45
7DBFE6
7DC086
7DC126
7DC1C7
7DC267
7DC307
7DC3A6
7DC446
7DC4E6
7DC586
7DC625
7DC6C5
7DC764
7DC803
7DC8A2
7DC942
7DC9E1
7DCA80
7DCB1E
7DCBBD
7DCC5C
7DCCFB
7DCD99
7DCE38
7DCED6
7DCF74
7DD012
7DD0B0
7DD14E
7DD1EC
7DD28A
7DD328
7DD3C6
7DD463
7DD501
7DD59E
7DD63C
7DD6D9
7DD776
7DD813
7DD8B0
7DD94D
7DD9EA
7DDA86
7DDB23
7DDBC0
7DDC5C
7DDCF9
7DDD95
7DDE31
7DDECD
7DDF69
7DE005
7DE0A1
7DE13D
7DE1D9
7DE274
7DE310
7DE3AB
7DE447
7DE4E2
7DE57D
7DE618
7DE6B3
7DE74E
7DE7E9
7DE884
7DE91F
7DE9B9
7DEA54
7DEAEE
7DEB89
7DEC23
7DECBD
7DED57
7DEDF1
7DEE8B
7DEF25
7DEFBF
7DF058
7DF0F2
7DF18B
7DF225
7DF2BE
7DF357
7DF3F0
7DF48A
7DF523
7DF5BB
7DF654
7DF6ED
7DF786
7DF81E
7DF8B7
7DF94F
7DF9E7
7DFA80
7DFB18
7DFBB0
7DFC48
7DFCE0
7DFD77
7DFE0F
7DFEA7
7DFF3E
7DFFD6
7E006D
7E0104
7E019B
7E0233
7E02CA
7E0361
7E03F7
7E048E
7E0525
7E05BB
7E0652
7E06E8
7E077F
7E0815
7E08AB
7E0941
7E09D7
7E0A6D
7E0B03
7E0B99
7E0C2E
7E0CC4
7E0D59
7E0DEF
7E0E84
7E0F19
7E0FAE
7E1043
7E10D8
7E116D
7E1202
7E1297
7E132B
7E13C0
7E1454
7E14E9
7E157D
7E1611
7E16A5
7E1739
7E17CD
7E1861
7E18F5
7E1989
7E1A1C
7E1AB0
7E1B43
7E1BD6
7E1C6A
7E1CFD
7E1D90
7E1E23
7E1EB6
7E1F49
7E1FDB
7E206E
7E2101
7E2193
7E2225
7E22B8
7E234A
7E23DC
7E246E
7E2500
7E2592
7E2624
7E26B6
7E2747
7E27D9
7E286A
7E28FB
7E298D
7E2A1E
7E2AAF
7E2B40
7E2BD1
7E2C62
7E2CF3
7E2D83
7E2E14
7E2EA4
7E2F35
7E2FC5
7E3055
7E30E6
7E3176
7E3206
7E3296
7E3325
7E33B5
7E3445
7E34D4
7E3564
7E35F3
7E3682
7E3712
7E37A1
7E3830
7E38BF
7E394E
7E39DC
7E3A6B
7E3AFA
7E3B88
7E3C17
7E3CA5
7E3D33
7E3DC2
7E3E50
7E3EDE
7E3F6C
7E3FF9
7E4087
7E4115
7E41A3
7E4230
7E42BD
7E434B
7E43D8
7E4465
7E44F2
7E457F
7E460C
7E4699
7E4726
7E47B2
7E483F
7E48CB
7E4958
7E49E4
7E4A70
7E4AFC
7E4B88
7E4C14
7E4CA0
7E4D2C
7E4DB8
7E4E43
7E4ECF
7E4F5A
7E4FE6
7E5071
7E50FC
7E5187
7E5212
7E529D
7E5328
7E53B3
7E543D
7E54C8
7E5552
7E55DD
7E5667
7E56F1
7E577B
7E5805
7E588F
7E5919
7E59A3
7E5A2D
7E5AB6
7E5B40
7E5BC9
7E5C53
7E5CDC
7E5D65
7E5DEE
7E5E77
7E5F00
7E5F89
7E6012
7E609B
7E6123
7E61AC
7E6234
7E62BC
7E6345
7E63CD
7E6455
7E64DD
7E6565
7E65ED
7E6674
7E66FC
7E6784
7E680B
7E6892
7E691A
7E69A1
7E6A28
7E6AAF
7E6B36
7E6BBD
7E6C44
7E6CCA
7E6D51
7E6DD7
7E6E5E
7E6EE4
7E6F6A
7E6FF1
7E7077
7E70FD
7E7183
7E7208
7E728E
7E7314
7E7399
7E741F
7E74A4
7E752A
7E75AF
7E7634
7E76B9
7E773E
7E77C3
7E7848
7E78CC
7E7951
7E79D6
7E7A5A
7E7ADE
7E7B63
7E7BE7
7E7C6B
7E7CEF
7E7D73
7E7DF7
7E7E7A
7E7EFE
7E7F82
7E8005
7E8089
7E810C
7E818F
7E8212
7E8295
7E8318
7E839B
7E841E
7E84A1
7E8523
7E85A6
7E8628
7E86AB
7E872D
7E87AF
7E8831
7E88B3
7E8935
7E89B7
7E8A39
7E8ABB
7E8B3C
7E8BBE
7E8C3F
7E8CC1
7E8D42
7E8DC3
7E8E44
7E8EC5
7E8F46
7E8FC7
7E9047
7E90C8
7E9149
7E91C9
7E9249
7E92CA
7E934A
7E93CA
7E944A
7E94CA
7E954A
7E95CA
7E9649
7E96C9
7E9749
7E97C8
7E9847
7E98C7
7E9946
7E99C5
7E9A44
7E9AC3
7E9B42
7E9BC0
7E9C3F
7E9CBD
7E9D3C
7E9DBA
7E9E39
7E9EB7
7E9F35
7E9FB3
7EA031
7EA0AF
7EA12D
7EA1AA
7EA228
7EA2A5
7EA323
7EA3A0
7EA41D
7EA49B
7EA518
7EA595
7EA612
7EA68E
7EA70B
7EA788
7EA804
7EA881
7EA8FD
7EA97A
7EA9F6
7EAA72
7EAAEE
7EAB6A
7EABE6
7EAC62
7EACDD
7EAD59
7EADD5
7EAE50
7EAECB
7EAF47
7EAFC2
7EB03D
7EB0B8
7EB133
7EB1AE
7EB228
7EB2A3
7EB31E
7EB398
7EB412
7EB48D
7EB507
7EB581
7EB5FB
7EB675
7EB6EF
7EB769
7EB7E2
7EB85C
7EB8D6
7EB94F
7EB9C8
7EBA42
7EBABB
7EBB34
7EBBAD
7EBC26
7EBC9F
7EBD17
7EBD90
7EBE09
7EBE81
7EBEFA
7EBF72
7EBFEA
7EC062
7EC0DA
7EC152
7EC1CA
7EC242
7EC2BA
7EC331
7EC3A9
7EC420
7EC498
7EC50F
7EC586
7EC5FD
7EC674
7EC6EB
7EC762
7EC7D9
7EC84F
7EC8C6
7EC93C
7EC9B3
7ECA29
7ECA9F
7ECB15
7ECB8C
7ECC01
7ECC77
7ECCED
7ECD63
7ECDD8
7ECE4E
7ECEC3
7ECF39
7ECFAE
7ED023
7ED098
7ED10D
7ED182
7ED1F7
7ED26C
7ED2E0
7ED355
7ED3CA
7ED43E
7ED4B2
7ED526
7ED59B
7ED60F
7ED683
7ED6F6
7ED76A
7ED7DE
7ED852
7ED8C5
7ED939
7ED9AC
7EDA1F
7EDA92
7EDB05
7EDB78
7EDBEB
7EDC5E
7EDCD1
7EDD44
7EDDB6
7EDE29
7EDE9B
7EDF0D
7EDF80
7EDFF2
7EE064
7EE0D6
7EE148
7EE1B9
7EE22B
7EE29D
7EE30E
7EE380
7EE3F1
7EE462
7EE4D3
7EE544
7EE5B5
7EE626
7EE697
7EE708
7EE779
7EE7E9
7EE85A
7EE8CA
7EE93A
7EE9AA
7EEA1B
7EEA8B
7EEAFB
7EEB6A
7EEBDA
7EEC4A
7EECBA
7EED29
7EED98
7EEE08
7EEE77
7EEEE6
7EEF55
7EEFC4
7EF033
7EF0A2
7EF111
7EF17F
7EF1EE
7EF25C
7EF2CB
7EF339
7EF3A7
7EF415
7EF483
7EF4F1
7EF55F
7EF5CD
7EF63B
7EF6A8
7EF716
7EF783
7EF7F1
7EF85E
7EF8CB
7EF938
7EF9A5
7EFA12
7EFA7F
7EFAEB
7EFB58
7EFBC5
7EFC31
7EFC9D
7EFD0A
7EFD76
7EFDE2
7EFE4E
7EFEBA
7EFF26
7EFF92
7EFFFD
7F0069
7F00D4
7F0140
7F01AB
7F0216
7F0281
7F02ED
7F0357
7F03C2
7F042D
7F0498
7F0502
7F056D
7F05D7
7F0642
7F06AC
7F0716
7F0780
7F07EA
7F0854
7F08BE
7F0928
7F0992
7F09FB
7F0A65
7F0ACE
7F0B37
7F0BA1
7F0C0A
7F0C73
7F0CDC
7F0D45
7F0DAD
7F0E16
7F0E7F
7F0EE7
7F0F50
7F0FB8
7F1020
7F1088
7F10F0
7F1158
7F11C0
7F1228
7F1290
7F12F8
7F135F
7F13C7
7F142E
7F1495
7F14FD
7F1564
7F15CB
7F1632
7F1698
7F16FF
7F1766
7F17CD
7F1833
7F1899
7F1900
7F1966
7F19CC
7F1A32
7F1A98
7F1AFE
7F1B64
7F1BCA
7F1C2F
7F1C95
7F1CFA
7F1D60
7F1DC5
7F1E2A
7F1E8F
7F1EF4
7F1F59
7F1FBE
7F2023
7F2087
7F20EC
7F2151
7F21B5
7F2219
7F227E
7F22E2
7F2346
7F23AA
7F240E
7F2471
7F24D5
7F2539
7F259C
7F2600
7F2663
7F26C6
7F2729
7F278D
7F27F0
7F2852
7F28B5
7F2918
7F297B
7F29DD
7F2A40
7F2AA2
7F2B04
7F2B67
7F2BC9
7F2C2B
7F2C8D
7F2CEF
7F2D50
7F2DB2
7F2E14
7F2E75
7F2ED7
7F2F38
7F2F99
7F2FFA
7F305B
7F30BC
7F311D
7F317E
7F31DF
7F323F
7F32A0
7F3300
7F3361
7F33C1
7F3421
7F3481
7F34E1
7F3541
7F35A1
7F3601
7F3661
7F36C0
7F3720
7F377F
7F37DE
7F383E
7F389D
7F38FC
7F395B
7F39BA
7F3A18
7F3A77
7F3AD6
7F3B34
7F3B93
7F3BF1
7F3C4F
7F3CAE
7F3D0C
7F3D6A
7F3DC8
7F3E25
7F3E83
7F3EE1
7F3F3E
7F3F9C
7F3FF9
7F4056
7F40B4
7F4111
7F416E
7F41CB
7F4228
7F4284
7F42E1
7F433E
7F439A
7F43F7
7F4453
7F44AF
7F450B
7F4567
7F45C3
7F461F
7F467B
7F46D7
7F4732
7F478E
7F47E9
7F4845
7F48A0
7F48FB
7F4956
7F49B1
7F4A0C
7F4A67
7F4AC2
7F4B1C
7F4B77
7F4BD1
7F4C2C
7F4C86
7F4CE0
7F4D3A
7F4D95
7F4DEE
7F4E48
7F4EA2
7F4EFC
7F4F55
7F4FAF
7F5008
7F5062
7F50BB
7F5114
7F516D
7F51C6
7F521F
7F5278
7F52D1
7F5329
7F5382
7F53DA
7F5433
7F548B
7F54E3
7F553B
7F5593
7F55EB
7F5643
7F569B
7F56F2
7F574A
7F57A1
7F57F9
7F5850
7F58A7
7F58FF
7F5956
7F59AD
7F5A03
7F5A5A
7F5AB1
7F5B07
7F5B5E
7F5BB4
7F5C0B
7F5C61
7F5CB7
7F5D0D
7F5D63
7F5DB9
7F5E0F
7F5E65
7F5EBA
7F5F10
7F5F65
7F5FBB
7F6010
7F6065
7F60BA
7F610F
7F6164
7F61B9
7F620E
7F6263
7F62B7
7F630C
7F6360
7F63B4
7F6409
7F645D
7F64B1
7F6505
7F6559
7F65AC
7F6600
7F6654
7F66A7
7F66FB
7F674E
7F67A1
7F67F4
7F6848
7F689B
7F68ED
7F6940
7F6993
7F69E6
7F6A38
7F6A8B
7F6ADD
7F6B2F
7F6B81
7F6BD4
7F6C26
7F6C78
7F6CC9
7F6D1B
7F6D6D
7F6DBE
7F6E10
7F6E61
7F6EB3
7F6F04
7F6F55
7F6FA6
7F6FF7
7F7048
7F7099
7F70E9
7F713A
7F718B
7F71DB
7F722B
7F727C
7F72CC
7F731C
7F736C
7F73BC
7F740C
7F745B
7F74AB
7F74FA
7F754A
7F7599
7F75E9
7F7638
7F7687
7F76D6
7F7725
7F7774
7F77C2
7F7811
7F7860
7F78AE
7F78FD
7F794B
7F7999
7F79E7
7F7A35
7F7A83
7F7AD1
7F7B1F
7F7B6D
7F7BBA
7F7C08
7F7C55
7F7CA3
7F7CF0
7F7D3D
7F7D8A
7F7DD7
7F7E24
7F7E71
7F7EBD
7F7F0A
7F7F57
7F7FA3
7F7FEF
7F803C
7F8088
7F80D4
7F8120
7F816C
7F81B8
7F8204
7F824F
7F829B
7F82E6
7F8332
7F837D
7F83C8
7F8413
7F845E
7F84A9
7F84F4
7F853F
7F858A
7F85D4
7F861F
7F8669
7F86B4
7F86FE
7F8748
7F8792
7F87DC
7F8826
7F8870
7F88BA
7F8903
7F894D
7F8996
7F89E0
7F8A29
7F8A72
7F8ABB
7F8B04
7F8B4D
7F8B96
7F8BDF
7F8C27
7F8C70
7F8CB8
7F8D01
7F8D49
7F8D91
7F8DD9
7F8E21
7F8E69
7F8EB1
7F8EF9
7F8F41
7F8F88
7F8FD0
7F9017
7F905F
7F90A6
7F90ED
7F9134
7F917B
7F91C2
7F9209
7F924F
7F9296
7F92DD
7F9323
7F9369
7F93B0
7F93F6
7F943C
7F9482
7F94C8
7F950E
7F9553
7F9599
7F95DF
7F9624
7F9669
7F96AF
7F96F4
7F9739
7F977E
7F97C3
7F9808
7F984D
7F9891
7F98D6
7F991A
7F995F
7F99A3
7F99E7
7F9A2C
7F9A70
7F9AB4
7F9AF7
7F9B3B
7F9B7F
7F9BC3
7F9C06
7F9C4A
7F9C8D
7F9CD0
7F9D13
7F9D56
7F9D99
7F9DDC
7F9E1F
7F9E62
7F9EA4
7F9EE7
7F9F29
7F9F6C
7F9FAE
7F9FF0
7FA032
7FA074
7FA0B6
7FA0F8
7FA13A
7FA17C
7FA1BD
7FA1FF
7FA240
7FA281
7FA2C3
7FA304
7FA345
7FA386
7FA3C7
7FA407
7FA448
7FA489
7FA4C9
7FA50A
7FA54A
7FA58A
7FA5CA
7FA60A
7FA64A
7FA68A
7FA6CA
7FA70A
7FA749
7FA789
7FA7C8
7FA808
7FA847
7FA886
7FA8C5
7FA904
7FA943
7FA982
7FA9C1
7FA9FF
7FAA3E
7FAA7C
7FAABB
7FAAF9
7FAB37
7FAB75
7FABB4
7FABF1
7FAC2F
7FAC6D
7FACAB
7FACE8
7FAD26
7FAD63
7FADA1
7FADDE
7FAE1B
7FAE58
7FAE95
7FAED2
7FAF0F
7FAF4B
7FAF88
7FAFC4
7FB001
7FB03D
7FB079
7FB0B6
7FB0F2
7FB12E
7FB16A
7FB1A5
7FB1E1
7FB21D
7FB258
7FB294
7FB2CF
7FB30A
7FB346
7FB381
7FB3BC
7FB3F7
7FB431
7FB46C
7FB4A7
7FB4E1
7FB51C
7FB556
7FB591
7FB5CB
7FB605
7FB63F
7FB679
7FB6B3
7FB6ED
7FB726
7FB760
7FB799
7FB7D3
7FB80C
7FB845
7FB87E
7FB8B7
7FB8F0
7FB929
7FB962
7FB99B
7FB9D3
7FBA0C
7FBA44
7FBA7D
7FBAB5
7FBAED
7FBB25
7FBB5D
7FBB95
7FBBCD
7FBC05
7FBC3C
7FBC74
7FBCAB
7FBCE3
7FBD1A
7FBD51
7FBD88
7FBDBF
7FBDF6
7FBE2D
7FBE64
7FBE9A
7FBED1
7FBF08
7FBF3E
7FBF74
7FBFAA
7FBFE1
7FC017
7FC04D
7FC082
7FC0B8
7FC0EE
7FC123
7FC159
7FC18E
7FC1C4
7FC1F9
7FC22E
7FC263
7FC298
7FC2CD
7FC302
7FC337
7FC36B
7FC3A0
7FC3D4
7FC408
7FC43D
7FC471
7FC4A5
7FC4D9
7FC50D
7FC541
7FC574
7FC5A8
7FC5DC
7FC60F
7FC642
7FC676
7FC6A9
7FC6DC
7FC70F
7FC742
7FC775
7FC7A8
7FC7DA
7FC80D
7FC83F
7FC872
7FC8A4
7FC8D6
7FC908
7FC93A
7FC96C
7FC99E
7FC9D0
7FCA02
7FCA33
7FCA65
7FCA96
7FCAC7
7FCAF9
7FCB2A
7FCB5B
7FCB8C
7FCBBD
7FCBEE
7FCC1E
7FCC4F
7FCC7F
7FCCB0
7FCCE0
7FCD10
7FCD41
7FCD71
7FCDA1
7FCDD1
7FCE00
7FCE30
7FCE60
7FCE8F
7FCEBF
7FCEEE
7FCF1D
7FCF4D
7FCF7C
7FCFAB
7FCFDA
7FD009
7FD037
7FD066
7FD095
7FD0C3
7FD0F1
7FD120
7FD14E
7FD17C
7FD1AA
7FD1D8
7FD206
7FD234
7FD261
7FD28F
7FD2BC
7FD2EA
7FD317
7FD344
7FD372
7FD39F
7FD3CC
7FD3F8
7FD425
7FD452
7FD47F
7FD4AB
7FD4D7
7FD504
7FD530
7FD55C
7FD588
7FD5B4
7FD5E0
7FD60C
7FD638
7FD663
7FD68F
7FD6BA
7FD6E6
7FD711
7FD73C
7FD767
7FD792
7FD7BD
7FD7E8
7FD813
7FD83D
7FD868
7FD893
7FD8BD
7FD8E7
7FD911
7FD93C
7FD966
7FD98F
7FD9B9
7FD9E3
7FDA0D
7FDA36
7FDA60
7FDA89
7FDAB3
7FDADC
7FDB05
7FDB2E
7FDB57
7FDB80
7FDBA9
7FDBD1
7FDBFA
7FDC22
7FDC4B
7FDC73
7FDC9B
7FDCC4
7FDCEC
7FDD14
7FDD3C
7FDD63
7FDD8B
7FDDB3
7FDDDA
7FDE02
7FDE29
7FDE50
7FDE77
7FDE9F
7FDEC6
7FDEEC
7FDF13
7FDF3A
7FDF61
7FDF87
7FDFAE
7FDFD4
7FDFFA
7FE021
7FE047
7FE06D
7FE093
7FE0B9
7FE0DE
7FE104
7FE129
7FE14F
7FE174
7FE19A
7FE1BF
7FE1E4
7FE209
7FE22E
7FE253
7FE278
7FE29C
7FE2C1
7FE2E5
7FE30A
7FE32E
7FE352
7FE377
7FE39B
7FE3BF
7FE3E3
7FE406
7FE42A
7FE44E
7FE471
7FE495
7FE4B8
7FE4DB
7FE4FE
7FE521
7FE544
7FE567
7FE58A
7FE5AD
7FE5D0
7FE5F2
7FE615
7FE637
7FE659
7FE67B
7FE69D
7FE6BF
7FE6E1
7FE703
7FE725
7FE747
7FE768
7FE78A
7FE7AB
7FE7CC
7FE7EE
7FE80F
7FE830
7FE851
7FE872
7FE892
7FE8B3
7FE8D4
7FE8F4
7FE914
7FE935
7FE955
7FE975
7FE995
7FE9B5
7FE9D5
7FE9F5
7FEA14
7FEA34
7FEA54
7FEA73
7FEA92
7FEAB2
7FEAD1
7FEAF0
7FEB0F
7FEB2E
7FEB4D
7FEB6B
7FEB8A
7FEBA8
7FEBC7
7FEBE5
7FEC03
7FEC22
7FEC40
7FEC5E
7FEC7C
7FEC99
7FECB7
7FECD5
7FECF2
7FED10
7FED2D
7FED4B
7FED68
7FED85
7FEDA2
7FEDBF
7FEDDC
7FEDF8
7FEE15
7FEE32
7FEE4E
7FEE6A
7FEE87
7FEEA3
7FEEBF
7FEEDB
7FEEF7
7FEF13
7FEF2F
7FEF4A
7FEF66
7FEF81
7FEF9D
7FEFB8
7FEFD3
7FEFEF
7FF00A
7FF025
7FF040
7FF05A
7FF075
7FF090
7FF0AA
7FF0C5
7FF0DF
7FF0F9
7FF113
7FF12D
7FF147
7FF161
7FF17B
7FF195
7FF1AE
7FF1C8
7FF1E1
7FF1FB
7FF214
7FF22D
7FF246
7FF25F
7FF278
7FF291
7FF2AA
7FF2C2
7FF2DB
7FF2F3
7FF30C
7FF324
7FF33C
7FF354
7FF36C
7FF384
7FF39C
7FF3B4
7FF3CC
7FF3E3
7FF3FB
7FF412
7FF429
7FF441
7FF458
7FF46F
7FF486
7FF49D
7FF4B3
7FF4CA
7FF4E1
7FF4F7
7FF50E
7FF524
7FF53A
7FF550
7FF566
7FF57C
7FF592
7FF5A8
7FF5BE
7FF5D3
7FF5E9
7FF5FE
7FF614
7FF629
7FF63E
7FF653
7FF668
7FF67D
7FF692
7FF6A7
7FF6BB
7FF6D0
7FF6E4
7FF6F9
7FF70D
7FF721
7FF735
7FF749
7FF75D
7FF771
7FF785
7FF798
7FF7AC
7FF7BF
7FF7D3
7FF7E6
7FF7F9
7FF80C
7FF81F
7FF832
7FF845
7FF858
7FF86A
7FF87D
7FF890
7FF8A2
7FF8B4
7FF8C6
7FF8D9
7FF8EB
7FF8FD
7FF90E
7FF920
7FF932
7FF943
7FF955
7FF966
7FF978
7FF989
7FF99A
7FF9AB
7FF9BC
7FF9CD
7FF9DE
7FF9EF
7FF9FF
7FFA10
7FFA20
7FFA30
7FFA41
7FFA51
7FFA61
7FFA71
7FFA81
7FFA91
7FFAA0
7FFAB0
7FFAC0
7FFACF
7FFADE
7FFAEE
7FFAFD
7FFB0C
7FFB1B
7FFB2A
7FFB39
7FFB47
7FFB56
7FFB65
7FFB73
7FFB81
7FFB90
7FFB9E
7FFBAC
7FFBBA
7FFBC8
7FFBD6
7FFBE4
7FFBF1
7FFBFF
7FFC0C
7FFC1A
7FFC27
7FFC34
7FFC41
7FFC4E
7FFC5B
7FFC68
7FFC75
7FFC82
7FFC8E
7FFC9B
7FFCA7
7FFCB4
7FFCC0
7FFCCC
7FFCD8
7FFCE4
7FFCF0
7FFCFC
7FFD07
7FFD13
7FFD1E
7FFD2A
7FFD35
7FFD41
7FFD4C
7FFD57
7FFD62
7FFD6D
7FFD77
7FFD82
7FFD8D
7FFD97
7FFDA2
7FFDAC
7FFDB6
7FFDC1
7FFDCB
7FFDD5
7FFDDF
7FFDE8
7FFDF2
7FFDFC
7FFE05
7FFE0F
7FFE18
7FFE22
7FFE2B
7FFE34
7FFE3D
7FFE46
7FFE4F
7FFE57
7FFE60
7FFE69
7FFE71
7FFE7A
7FFE82
7FFE8A
7FFE92
7FFE9A
7FFEA2
7FFEAA
7FFEB2
7FFEB9
7FFEC1
7FFEC9
7FFED0
7FFED7
7FFEDF
7FFEE6
7FFEED
7FFEF4
7FFEFB
7FFF01
7FFF08
7FFF0F
7FFF15
7FFF1C
7FFF22
7FFF28
7FFF2E
7FFF34
7FFF3A
7FFF40
7FFF46
7FFF4C
7FFF52
7FFF57
7FFF5D
7FFF62
7FFF67
7FFF6C
7FFF71
7FFF76
7FFF7B
7FFF80
7FFF85
7FFF8A
7FFF8E
7FFF93
7FFF97
7FFF9B
7FFF9F
7FFFA4
7FFFA8
7FFFAB
7FFFAF
7FFFB3
7FFFB7
7FFFBA
7FFFBE
7FFFC1
7FFFC4
7FFFC8
7FFFCB
7FFFCE
7FFFD1
7FFFD4
7FFFD6
7FFFD9
7FFFDC
7FFFDE
7FFFE1
7FFFE3
7FFFE5
7FFFE7
7FFFE9
7FFFEB
7FFFED
7FFFEF
7FFFF1
7FFFF2
7FFFF4
7FFFF5
7FFFF7
7FFFF8
7FFFF9
7FFFFA
7FFFFB
7FFFFC
7FFFFD
7FFFFD
7FFFFE
7FFFFF
7FFFFF
7FFFFF
7FFFFF
7FFFFF
7FFFFF
